experiment,video_id,class,policy,policy_slug,seed,top_k,offset_row,offset_col,sigma,epsilon,delta,cover,raw_errshare,inc_errshare,raw_psnr,incremental_psnr
E2,BalanceBeam_v_BalanceBeam_g01_c01,BalanceBeam,RAT+traj,rat_traj,42,10,,,90.076506323,8.000000000,0.000100000,0.067894332,0.074396684,0.070419104,18.003498232,18.317605078
E2,BalanceBeam_v_BalanceBeam_g01_c01,BalanceBeam,Motion-reference,motion_reference,42,10,,,90.076506323,8.000000000,0.000100000,0.605178559,0.540002046,0.590726811,18.055760778,18.387929600
E2,BalanceBeam_v_BalanceBeam_g01_c01,BalanceBeam,Random,random,42,10,,,90.076506323,8.000000000,0.000100000,0.051226501,0.049723315,0.043564461,17.451727923,17.741507615
E2,BalanceBeam_v_BalanceBeam_g01_c01,BalanceBeam,Shifted-RAT+traj,shifted_rat_traj_r3_c4,42,10,3,4,90.076506323,8.000000000,0.000100000,0.012859040,0.024066254,0.014550826,17.791013925,18.063945401
E2,BalanceBeam_v_BalanceBeam_g01_c01,BalanceBeam,RAT-fusion,rat_fusion,42,10,,,90.076506323,8.000000000,0.000100000,0.077922986,0.073028973,0.068205961,17.931916752,18.247611799
E2,BalanceBeam_v_BalanceBeam_g01_c01,BalanceBeam,Shifted-RAT-fusion,shifted_rat_fusion_r3_c4,42,10,3,4,90.076506323,8.000000000,0.000100000,0.020791110,0.028932223,0.020559621,17.531231506,17.800867405
E2,BalanceBeam_v_BalanceBeam_g01_c01,BalanceBeam,VideoMAE-only,videomae_only,42,10,,,90.076506323,8.000000000,0.000100000,0.000000000,0.008444820,0.000459356,16.201246279,16.451830523
E2,BalanceBeam_v_BalanceBeam_g01_c01,BalanceBeam,RAT+traj,rat_traj,42,20,,,127.387416893,8.000000000,0.000100000,0.211397605,0.205786501,0.206268212,15.071714421,15.232714973
E2,BalanceBeam_v_BalanceBeam_g01_c01,BalanceBeam,Motion-reference,motion_reference,42,20,,,127.387416893,8.000000000,0.000100000,0.502508522,0.476343227,0.491517610,15.113349409,15.277378399
E2,BalanceBeam_v_BalanceBeam_g01_c01,BalanceBeam,Random,random,42,20,,,127.387416893,8.000000000,0.000100000,0.103679748,0.097258207,0.092129548,14.576311040,14.718357708
E2,BalanceBeam_v_BalanceBeam_g01_c01,BalanceBeam,Shifted-RAT+traj,shifted_rat_traj_r3_c4,42,20,3,4,127.387416893,8.000000000,0.000100000,0.061760336,0.065176914,0.058006452,14.805589567,14.930917555
E2,BalanceBeam_v_BalanceBeam_g01_c01,BalanceBeam,RAT-fusion,rat_fusion,42,20,,,127.387416893,8.000000000,0.000100000,0.210261341,0.208067055,0.208784598,15.105036048,15.269058381
E2,BalanceBeam_v_BalanceBeam_g01_c01,BalanceBeam,Shifted-RAT-fusion,shifted_rat_fusion_r3_c4,42,20,3,4,127.387416893,8.000000000,0.000100000,0.096739795,0.094945287,0.089630958,14.727883814,14.856918678
E2,BalanceBeam_v_BalanceBeam_g01_c01,BalanceBeam,VideoMAE-only,videomae_only,42,20,,,127.387416893,8.000000000,0.000100000,0.004020628,0.011668706,0.004499848,13.328347847,13.470649983
E2,BalanceBeam_v_BalanceBeam_g01_c01,BalanceBeam,RAT+traj,rat_traj,42,30,,,156.017085520,8.000000000,0.000100000,0.335674528,0.335642061,0.338401864,13.370705628,13.472814462
E2,BalanceBeam_v_BalanceBeam_g01_c01,BalanceBeam,Motion-reference,motion_reference,42,30,,,156.017085520,8.000000000,0.000100000,0.518487897,0.498724829,0.507019920,13.411801088,13.512413539
E2,BalanceBeam_v_BalanceBeam_g01_c01,BalanceBeam,Random,random,42,30,,,156.017085520,8.000000000,0.000100000,0.150437012,0.135652281,0.131264760,12.818070579,12.905481778
E2,BalanceBeam_v_BalanceBeam_g01_c01,BalanceBeam,Shifted-RAT+traj,shifted_rat_traj_r3_c4,42,30,3,4,156.017085520,8.000000000,0.000100000,0.134924797,0.130593751,0.125691994,13.094192476,13.168269451
E2,BalanceBeam_v_BalanceBeam_g01_c01,BalanceBeam,RAT-fusion,rat_fusion,42,30,,,156.017085520,8.000000000,0.000100000,0.333774835,0.332998071,0.335846764,13.386526839,13.497263522
E2,BalanceBeam_v_BalanceBeam_g01_c01,BalanceBeam,Shifted-RAT-fusion,shifted_rat_fusion_r3_c4,42,30,3,4,156.017085520,8.000000000,0.000100000,0.157406436,0.154069119,0.150486346,13.006402844,13.088573933
E2,BalanceBeam_v_BalanceBeam_g01_c01,BalanceBeam,VideoMAE-only,videomae_only,42,30,,,156.017085520,8.000000000,0.000100000,0.015372360,0.019364734,0.012790831,11.788520435,11.886991686
E2,BalanceBeam_v_BalanceBeam_g01_c01,BalanceBeam,RAT+traj,rat_traj,42,40,,,180.153012646,8.000000000,0.000100000,0.427168845,0.425985440,0.428224112,12.157384689,12.223670899
E2,BalanceBeam_v_BalanceBeam_g01_c01,BalanceBeam,Motion-reference,motion_reference,42,40,,,180.153012646,8.000000000,0.000100000,0.554982938,0.548144491,0.553369993,12.139541152,12.205668628
E2,BalanceBeam_v_BalanceBeam_g01_c01,BalanceBeam,Random,random,42,40,,,180.153012646,8.000000000,0.000100000,0.197407692,0.172724159,0.169266258,11.583130175,11.639253537
E2,BalanceBeam_v_BalanceBeam_g01_c01,BalanceBeam,Shifted-RAT+traj,shifted_rat_traj_r3_c4,42,40,3,4,180.153012646,8.000000000,0.000100000,0.207390846,0.200431136,0.197687590,11.852215406,11.898200521
E2,BalanceBeam_v_BalanceBeam_g01_c01,BalanceBeam,RAT-fusion,rat_fusion,42,40,,,180.153012646,8.000000000,0.000100000,0.419135116,0.420886123,0.423347640,12.144978152,12.218455258
E2,BalanceBeam_v_BalanceBeam_g01_c01,BalanceBeam,Shifted-RAT-fusion,shifted_rat_fusion_r3_c4,42,40,3,4,180.153012646,8.000000000,0.000100000,0.228056499,0.214577362,0.212263614,11.798257381,11.852233806
E2,BalanceBeam_v_BalanceBeam_g01_c01,BalanceBeam,VideoMAE-only,videomae_only,42,40,,,180.153012646,8.000000000,0.000100000,0.059724088,0.053628193,0.048815355,10.944172724,11.012612044
E2,BalanceBeam_v_BalanceBeam_g02_c01,BalanceBeam,RAT+traj,rat_traj,42,10,,,72.956409632,8.000000000,0.000100000,0.382927707,0.343363201,0.346176229,17.107479016,17.675630761
E2,BalanceBeam_v_BalanceBeam_g02_c01,BalanceBeam,Motion-reference,motion_reference,42,10,,,72.956409632,8.000000000,0.000100000,0.833881646,0.761585138,0.816551908,17.272821285,17.853747309
E2,BalanceBeam_v_BalanceBeam_g02_c01,BalanceBeam,Random,random,42,10,,,72.956409632,8.000000000,0.000100000,0.052415758,0.073510789,0.046852574,16.623570656,17.041115363
E2,BalanceBeam_v_BalanceBeam_g02_c01,BalanceBeam,Shifted-RAT+traj,shifted_rat_traj_r3_c4,42,10,3,4,72.956409632,8.000000000,0.000100000,0.003671764,0.037683910,0.003775693,17.223253901,17.679643181
E2,BalanceBeam_v_BalanceBeam_g02_c01,BalanceBeam,RAT-fusion,rat_fusion,42,10,,,72.956409632,8.000000000,0.000100000,0.397455120,0.348246176,0.352992071,17.141509543,17.712489330
E2,BalanceBeam_v_BalanceBeam_g02_c01,BalanceBeam,Shifted-RAT-fusion,shifted_rat_fusion_r3_c4,42,10,3,4,72.956409632,8.000000000,0.000100000,0.012239212,0.043941407,0.011825293,17.069972676,17.519784360
E2,BalanceBeam_v_BalanceBeam_g02_c01,BalanceBeam,VideoMAE-only,videomae_only,42,10,,,72.956409632,8.000000000,0.000100000,0.000000000,0.027406631,0.000488317,16.166964708,16.575141338
E2,BalanceBeam_v_BalanceBeam_g02_c01,BalanceBeam,RAT+traj,rat_traj,42,20,,,103.175943963,8.000000000,0.000100000,0.409673196,0.388553236,0.381899339,14.087097631,14.360113713
E2,BalanceBeam_v_BalanceBeam_g02_c01,BalanceBeam,Motion-reference,motion_reference,42,20,,,103.175943963,8.000000000,0.000100000,0.852662603,0.829280192,0.847067313,14.332956573,14.634580347
E2,BalanceBeam_v_BalanceBeam_g02_c01,BalanceBeam,Random,random,42,20,,,103.175943963,8.000000000,0.000100000,0.109172686,0.115067695,0.095966815,13.687192500,13.876899514
E2,BalanceBeam_v_BalanceBeam_g02_c01,BalanceBeam,Shifted-RAT+traj,shifted_rat_traj_r3_c4,42,20,3,4,103.175943963,8.000000000,0.000100000,0.073452583,0.089831358,0.067482497,14.144854566,14.347946947
E2,BalanceBeam_v_BalanceBeam_g02_c01,BalanceBeam,RAT-fusion,rat_fusion,42,20,,,103.175943963,8.000000000,0.000100000,0.429826732,0.404537877,0.399180124,14.151103484,14.432656607
E2,BalanceBeam_v_BalanceBeam_g02_c01,BalanceBeam,Shifted-RAT-fusion,shifted_rat_fusion_r3_c4,42,20,3,4,103.175943963,8.000000000,0.000100000,0.054497078,0.067390110,0.044989280,13.971394085,14.180357271
E2,BalanceBeam_v_BalanceBeam_g02_c01,BalanceBeam,VideoMAE-only,videomae_only,42,20,,,103.175943963,8.000000000,0.000100000,0.000000000,0.020765504,0.000464122,13.203488727,13.407709195
E2,BalanceBeam_v_BalanceBeam_g02_c01,BalanceBeam,RAT+traj,rat_traj,42,30,,,126.364208220,8.000000000,0.000100000,0.421252612,0.388935679,0.379624506,12.424366855,12.592901611
E2,BalanceBeam_v_BalanceBeam_g02_c01,BalanceBeam,Motion-reference,motion_reference,42,30,,,126.364208220,8.000000000,0.000100000,0.875888007,0.862052000,0.872546031,12.634953447,12.825903754
E2,BalanceBeam_v_BalanceBeam_g02_c01,BalanceBeam,Random,random,42,30,,,126.364208220,8.000000000,0.000100000,0.156680944,0.148220971,0.132862825,12.016970301,12.133461043
E2,BalanceBeam_v_BalanceBeam_g02_c01,BalanceBeam,Shifted-RAT+traj,shifted_rat_traj_r3_c4,42,30,3,4,126.364208220,8.000000000,0.000100000,0.165968450,0.165010879,0.150115345,12.354658694,12.475934484
E2,BalanceBeam_v_BalanceBeam_g02_c01,BalanceBeam,RAT-fusion,rat_fusion,42,30,,,126.364208220,8.000000000,0.000100000,0.454623903,0.437779586,0.429970604,12.467995239,12.641482793
E2,BalanceBeam_v_BalanceBeam_g02_c01,BalanceBeam,Shifted-RAT-fusion,shifted_rat_fusion_r3_c4,42,30,3,4,126.364208220,8.000000000,0.000100000,0.115884873,0.115809537,0.099260515,12.204558732,12.333506512
E2,BalanceBeam_v_BalanceBeam_g02_c01,BalanceBeam,VideoMAE-only,videomae_only,42,30,,,126.364208220,8.000000000,0.000100000,0.011330965,0.025308793,0.008488469,11.658812545,11.795871995
E2,BalanceBeam_v_BalanceBeam_g02_c01,BalanceBeam,RAT+traj,rat_traj,42,40,,,145.912819263,8.000000000,0.000100000,0.462035572,0.441964054,0.433145869,11.198924115,11.310523707
E2,BalanceBeam_v_BalanceBeam_g02_c01,BalanceBeam,Motion-reference,motion_reference,42,40,,,145.912819263,8.000000000,0.000100000,0.897067304,0.889292846,0.893921758,11.416864364,11.536623140
E2,BalanceBeam_v_BalanceBeam_g02_c01,BalanceBeam,Random,random,42,40,,,145.912819263,8.000000000,0.000100000,0.205872444,0.189933477,0.177593934,10.767018518,10.846408146
E2,BalanceBeam_v_BalanceBeam_g02_c01,BalanceBeam,Shifted-RAT+traj,shifted_rat_traj_r3_c4,42,40,3,4,145.912819263,8.000000000,0.000100000,0.233788294,0.223834737,0.212401789,11.095629498,11.178272694
E2,BalanceBeam_v_BalanceBeam_g02_c01,BalanceBeam,RAT-fusion,rat_fusion,42,40,,,145.912819263,8.000000000,0.000100000,0.506816579,0.482056426,0.473652169,11.220039983,11.346731297
E2,BalanceBeam_v_BalanceBeam_g02_c01,BalanceBeam,Shifted-RAT-fusion,shifted_rat_fusion_r3_c4,42,40,3,4,145.912819263,8.000000000,0.000100000,0.170599389,0.163073960,0.150564020,10.949778612,11.036505933
E2,BalanceBeam_v_BalanceBeam_g02_c01,BalanceBeam,VideoMAE-only,videomae_only,42,40,,,145.912819263,8.000000000,0.000100000,0.081596803,0.080507753,0.067568677,10.653178137,10.750056844
E2,BalanceBeam_v_BalanceBeam_g03_c01,BalanceBeam,RAT+traj,rat_traj,42,10,,,113.080999900,8.000000000,0.000100000,0.409316706,0.379400505,0.394362767,17.843977860,18.280668547
E2,BalanceBeam_v_BalanceBeam_g03_c01,BalanceBeam,Motion-reference,motion_reference,42,10,,,113.080999900,8.000000000,0.000100000,0.805554286,0.734983372,0.790015837,17.899728163,18.371593986
E2,BalanceBeam_v_BalanceBeam_g03_c01,BalanceBeam,Random,random,42,10,,,113.080999900,8.000000000,0.000100000,0.054789170,0.058097835,0.042630057,17.125626213,17.468691393
E2,BalanceBeam_v_BalanceBeam_g03_c01,BalanceBeam,Shifted-RAT+traj,shifted_rat_traj_r3_c4,42,10,3,4,113.080999900,8.000000000,0.000100000,0.024870326,0.040656631,0.022048564,17.325875088,17.732586756
E2,BalanceBeam_v_BalanceBeam_g03_c01,BalanceBeam,RAT-fusion,rat_fusion,42,10,,,113.080999900,8.000000000,0.000100000,0.422151571,0.387519317,0.404027269,17.873000193,18.316056631
E2,BalanceBeam_v_BalanceBeam_g03_c01,BalanceBeam,Shifted-RAT-fusion,shifted_rat_fusion_r3_c4,42,10,3,4,113.080999900,8.000000000,0.000100000,0.017275994,0.033882794,0.015220262,17.306571809,17.690318896
E2,BalanceBeam_v_BalanceBeam_g03_c01,BalanceBeam,VideoMAE-only,videomae_only,42,10,,,113.080999900,8.000000000,0.000100000,0.000000000,0.015168753,0.000463432,16.054428989,16.353347583
E2,BalanceBeam_v_BalanceBeam_g03_c01,BalanceBeam,RAT+traj,rat_traj,42,20,,,159.920683705,8.000000000,0.000100000,0.446613960,0.431023579,0.431485411,14.958492322,15.177519771
E2,BalanceBeam_v_BalanceBeam_g03_c01,BalanceBeam,Motion-reference,motion_reference,42,20,,,159.920683705,8.000000000,0.000100000,0.726793795,0.694081086,0.707597253,15.012320700,15.261035816
E2,BalanceBeam_v_BalanceBeam_g03_c01,BalanceBeam,Random,random,42,20,,,159.920683705,8.000000000,0.000100000,0.104831659,0.099373982,0.086585654,14.295149136,14.463458647
E2,BalanceBeam_v_BalanceBeam_g03_c01,BalanceBeam,Shifted-RAT+traj,shifted_rat_traj_r3_c4,42,20,3,4,159.920683705,8.000000000,0.000100000,0.060957400,0.064474062,0.050130542,14.371641557,14.577845529
E2,BalanceBeam_v_BalanceBeam_g03_c01,BalanceBeam,RAT-fusion,rat_fusion,42,20,,,159.920683705,8.000000000,0.000100000,0.441153101,0.419823059,0.420101763,14.961173367,15.179358601
E2,BalanceBeam_v_BalanceBeam_g03_c01,BalanceBeam,Shifted-RAT-fusion,shifted_rat_fusion_r3_c4,42,20,3,4,159.920683705,8.000000000,0.000100000,0.067039821,0.073090969,0.059010834,14.435380031,14.634290267
E2,BalanceBeam_v_BalanceBeam_g03_c01,BalanceBeam,VideoMAE-only,videomae_only,42,20,,,159.920683705,8.000000000,0.000100000,0.000000000,0.012955181,0.000465689,13.296224361,13.467947840
E2,BalanceBeam_v_BalanceBeam_g03_c01,BalanceBeam,RAT+traj,rat_traj,42,30,,,195.862037198,8.000000000,0.000100000,0.430181991,0.420962722,0.416310567,13.219467909,13.349082413
E2,BalanceBeam_v_BalanceBeam_g03_c01,BalanceBeam,Motion-reference,motion_reference,42,30,,,195.862037198,8.000000000,0.000100000,0.675667871,0.659809664,0.661902921,13.224851810,13.382742497
E2,BalanceBeam_v_BalanceBeam_g03_c01,BalanceBeam,Random,random,42,30,,,195.862037198,8.000000000,0.000100000,0.164718597,0.150511777,0.140938278,12.573980379,12.677244261
E2,BalanceBeam_v_BalanceBeam_g03_c01,BalanceBeam,Shifted-RAT+traj,shifted_rat_traj_r3_c4,42,30,3,4,195.862037198,8.000000000,0.000100000,0.120153439,0.112580485,0.101607632,12.620920431,12.751607341
E2,BalanceBeam_v_BalanceBeam_g03_c01,BalanceBeam,RAT-fusion,rat_fusion,42,30,,,195.862037198,8.000000000,0.000100000,0.438440646,0.423204055,0.417599539,13.200225205,13.339984123
E2,BalanceBeam_v_BalanceBeam_g03_c01,BalanceBeam,Shifted-RAT-fusion,shifted_rat_fusion_r3_c4,42,30,3,4,195.862037198,8.000000000,0.000100000,0.125816939,0.122255057,0.111641658,12.607161989,12.736429579
E2,BalanceBeam_v_BalanceBeam_g03_c01,BalanceBeam,VideoMAE-only,videomae_only,42,30,,,195.862037198,8.000000000,0.000100000,0.028169627,0.031223665,0.020745855,11.706924696,11.829998629
E2,BalanceBeam_v_BalanceBeam_g03_c01,BalanceBeam,RAT+traj,rat_traj,42,40,,,226.161999800,8.000000000,0.000100000,0.445713393,0.434262225,0.427843671,11.934846401,12.021793870
E2,BalanceBeam_v_BalanceBeam_g03_c01,BalanceBeam,Motion-reference,motion_reference,42,40,,,226.161999800,8.000000000,0.000100000,0.670013918,0.658925356,0.657996362,11.976165014,12.081442198
E2,BalanceBeam_v_BalanceBeam_g03_c01,BalanceBeam,Random,random,42,40,,,226.161999800,8.000000000,0.000100000,0.210949556,0.190002902,0.181853009,11.366290721,11.435017489
E2,BalanceBeam_v_BalanceBeam_g03_c01,BalanceBeam,Shifted-RAT+traj,shifted_rat_traj_r3_c4,42,40,3,4,226.161999800,8.000000000,0.000100000,0.187769730,0.169895846,0.160960904,11.384069633,11.478796718
E2,BalanceBeam_v_BalanceBeam_g03_c01,BalanceBeam,RAT-fusion,rat_fusion,42,40,,,226.161999800,8.000000000,0.000100000,0.456259192,0.449126127,0.442935801,11.944166946,12.033048669
E2,BalanceBeam_v_BalanceBeam_g03_c01,BalanceBeam,Shifted-RAT-fusion,shifted_rat_fusion_r3_c4,42,40,3,4,226.161999800,8.000000000,0.000100000,0.182798083,0.169799747,0.161118419,11.336485927,11.425740754
E2,BalanceBeam_v_BalanceBeam_g03_c01,BalanceBeam,VideoMAE-only,videomae_only,42,40,,,226.161999800,8.000000000,0.000100000,0.112818137,0.094562996,0.085551692,10.838455695,10.936080751
E2,BalanceBeam_v_BalanceBeam_g10_c03,BalanceBeam,RAT+traj,rat_traj,42,10,,,82.556481713,8.000000000,0.000100000,0.304631360,0.286253748,0.297584711,17.570573354,18.315644665
E2,BalanceBeam_v_BalanceBeam_g10_c03,BalanceBeam,Motion-reference,motion_reference,42,10,,,82.556481713,8.000000000,0.000100000,0.784548287,0.676577710,0.769913224,17.518362900,18.329942137
E2,BalanceBeam_v_BalanceBeam_g10_c03,BalanceBeam,Random,random,42,10,,,82.556481713,8.000000000,0.000100000,0.042949117,0.062767094,0.035532681,17.067085087,17.641037624
E2,BalanceBeam_v_BalanceBeam_g10_c03,BalanceBeam,Shifted-RAT+traj,shifted_rat_traj_r3_c4,42,10,3,4,82.556481713,8.000000000,0.000100000,0.036137072,0.061385622,0.033807138,17.124706743,17.724341839
E2,BalanceBeam_v_BalanceBeam_g10_c03,BalanceBeam,RAT-fusion,rat_fusion,42,10,,,82.556481713,8.000000000,0.000100000,0.322824507,0.303159175,0.318637087,17.592625717,18.338462410
E2,BalanceBeam_v_BalanceBeam_g10_c03,BalanceBeam,Shifted-RAT-fusion,shifted_rat_fusion_r3_c4,42,10,3,4,82.556481713,8.000000000,0.000100000,0.036967809,0.053721576,0.027420085,16.920861443,17.489074817
E2,BalanceBeam_v_BalanceBeam_g10_c03,BalanceBeam,VideoMAE-only,videomae_only,42,10,,,82.556481713,8.000000000,0.000100000,0.000000000,0.025127432,0.000486490,16.039868966,16.493919595
E2,BalanceBeam_v_BalanceBeam_g10_c03,BalanceBeam,RAT+traj,rat_traj,42,20,,,116.752496100,8.000000000,0.000100000,0.384397049,0.370254935,0.366234564,14.722884660,15.157265299
E2,BalanceBeam_v_BalanceBeam_g10_c03,BalanceBeam,Motion-reference,motion_reference,42,20,,,116.752496100,8.000000000,0.000100000,0.848157139,0.798213747,0.838725531,14.791453953,15.284685306
E2,BalanceBeam_v_BalanceBeam_g10_c03,BalanceBeam,Random,random,42,20,,,116.752496100,8.000000000,0.000100000,0.091448716,0.101852839,0.078367535,14.246646877,14.558277509
E2,BalanceBeam_v_BalanceBeam_g10_c03,BalanceBeam,Shifted-RAT+traj,shifted_rat_traj_r3_c4,42,20,3,4,116.752496100,8.000000000,0.000100000,0.104130912,0.109235824,0.086641076,14.200018151,14.522629851
E2,BalanceBeam_v_BalanceBeam_g10_c03,BalanceBeam,RAT-fusion,rat_fusion,42,20,,,116.752496100,8.000000000,0.000100000,0.412907847,0.395098301,0.394143371,14.781250668,15.219593153
E2,BalanceBeam_v_BalanceBeam_g10_c03,BalanceBeam,Shifted-RAT-fusion,shifted_rat_fusion_r3_c4,42,20,3,4,116.752496100,8.000000000,0.000100000,0.117077142,0.117101272,0.095375410,14.099828789,14.418314289
E2,BalanceBeam_v_BalanceBeam_g10_c03,BalanceBeam,VideoMAE-only,videomae_only,42,20,,,116.752496100,8.000000000,0.000100000,0.000000000,0.022125125,0.000487113,13.199159984,13.461295897
E2,BalanceBeam_v_BalanceBeam_g10_c03,BalanceBeam,RAT+traj,rat_traj,42,30,,,142.992020820,8.000000000,0.000100000,0.418492525,0.414165442,0.403974669,13.000981258,13.314290357
E2,BalanceBeam_v_BalanceBeam_g10_c03,BalanceBeam,Motion-reference,motion_reference,42,30,,,142.992020820,8.000000000,0.000100000,0.852924999,0.825130569,0.845553092,13.068650811,13.427213314
E2,BalanceBeam_v_BalanceBeam_g10_c03,BalanceBeam,Random,random,42,30,,,142.992020820,8.000000000,0.000100000,0.138449892,0.136226042,0.116684025,12.540218917,12.755707061
E2,BalanceBeam_v_BalanceBeam_g10_c03,BalanceBeam,Shifted-RAT+traj,shifted_rat_traj_r3_c4,42,30,3,4,142.992020820,8.000000000,0.000100000,0.164246992,0.152950617,0.133601337,12.432051982,12.659676971
E2,BalanceBeam_v_BalanceBeam_g10_c03,BalanceBeam,RAT-fusion,rat_fusion,42,30,,,142.992020820,8.000000000,0.000100000,0.442581714,0.435478996,0.427435381,13.052140837,13.373687083
E2,BalanceBeam_v_BalanceBeam_g10_c03,BalanceBeam,Shifted-RAT-fusion,shifted_rat_fusion_r3_c4,42,30,3,4,142.992020820,8.000000000,0.000100000,0.175896795,0.163108600,0.144405109,12.428247279,12.658630159
E2,BalanceBeam_v_BalanceBeam_g10_c03,BalanceBeam,VideoMAE-only,videomae_only,42,30,,,142.992020820,8.000000000,0.000100000,0.019254729,0.032452907,0.012960714,11.686610103,11.882239017
E2,BalanceBeam_v_BalanceBeam_g10_c03,BalanceBeam,RAT+traj,rat_traj,42,40,,,165.112963425,8.000000000,0.000100000,0.454401519,0.445594338,0.434220799,11.783102827,12.023897877
E2,BalanceBeam_v_BalanceBeam_g10_c03,BalanceBeam,Motion-reference,motion_reference,42,40,,,165.112963425,8.000000000,0.000100000,0.871913247,0.857151718,0.866842772,11.892952833,12.183164357
E2,BalanceBeam_v_BalanceBeam_g10_c03,BalanceBeam,Random,random,42,40,,,165.112963425,8.000000000,0.000100000,0.190649502,0.178972621,0.161921032,11.348248579,11.513434245
E2,BalanceBeam_v_BalanceBeam_g10_c03,BalanceBeam,Shifted-RAT+traj,shifted_rat_traj_r3_c4,42,40,3,4,165.112963425,8.000000000,0.000100000,0.217664374,0.199306365,0.182152818,11.184973816,11.363001134
E2,BalanceBeam_v_BalanceBeam_g10_c03,BalanceBeam,RAT-fusion,rat_fusion,42,40,,,165.112963425,8.000000000,0.000100000,0.473121092,0.464309909,0.454732893,11.829535844,12.069296123
E2,BalanceBeam_v_BalanceBeam_g10_c03,BalanceBeam,Shifted-RAT-fusion,shifted_rat_fusion_r3_c4,42,40,3,4,165.112963425,8.000000000,0.000100000,0.239126436,0.220430261,0.204520357,11.218351331,11.396438738
E2,BalanceBeam_v_BalanceBeam_g10_c03,BalanceBeam,VideoMAE-only,videomae_only,42,40,,,165.112963425,8.000000000,0.000100000,0.145403915,0.127478647,0.111290151,10.811366594,10.969285526
E2,Basketball_v_Basketball_g01_c01,Basketball,RAT+traj,rat_traj,42,10,,,95.667865275,8.000000000,0.000100000,0.035573588,0.037097490,0.033870780,16.997477117,17.329428071
E2,Basketball_v_Basketball_g01_c01,Basketball,Motion-reference,motion_reference,42,10,,,95.667865275,8.000000000,0.000100000,0.605528394,0.503776512,0.574899676,17.567142841,17.965315592
E2,Basketball_v_Basketball_g01_c01,Basketball,Random,random,42,10,,,95.667865275,8.000000000,0.000100000,0.049650081,0.055604555,0.050472541,17.504927216,17.868381975
E2,Basketball_v_Basketball_g01_c01,Basketball,Shifted-RAT+traj,shifted_rat_traj_r3_c4,42,10,3,4,95.667865275,8.000000000,0.000100000,0.013400575,0.021325692,0.014387216,17.734761161,18.056005176
E2,Basketball_v_Basketball_g01_c01,Basketball,RAT-fusion,rat_fusion,42,10,,,95.667865275,8.000000000,0.000100000,0.069583323,0.063071732,0.063268878,17.209418911,17.550570600
E2,Basketball_v_Basketball_g01_c01,Basketball,Shifted-RAT-fusion,shifted_rat_fusion_r3_c4,42,10,3,4,95.667865275,8.000000000,0.000100000,0.011983503,0.019717180,0.012789781,17.727718754,18.067728172
E2,Basketball_v_Basketball_g01_c01,Basketball,VideoMAE-only,videomae_only,42,10,,,95.667865275,8.000000000,0.000100000,0.005606677,0.016578777,0.007776739,18.306030921,18.774425484
E2,Basketball_v_Basketball_g01_c01,Basketball,RAT+traj,rat_traj,42,20,,,135.294792555,8.000000000,0.000100000,0.102394460,0.088390329,0.090129263,14.154015854,14.325628220
E2,Basketball_v_Basketball_g01_c01,Basketball,Motion-reference,motion_reference,42,20,,,135.294792555,8.000000000,0.000100000,0.464073152,0.409146375,0.433677296,14.552629503,14.764556943
E2,Basketball_v_Basketball_g01_c01,Basketball,Random,random,42,20,,,135.294792555,8.000000000,0.000100000,0.094351081,0.101457993,0.094743196,14.721186309,14.919872773
E2,Basketball_v_Basketball_g01_c01,Basketball,Shifted-RAT+traj,shifted_rat_traj_r3_c4,42,20,3,4,135.294792555,8.000000000,0.000100000,0.050897651,0.050154167,0.049163114,14.792276334,14.942662747
E2,Basketball_v_Basketball_g01_c01,Basketball,RAT-fusion,rat_fusion,42,20,,,135.294792555,8.000000000,0.000100000,0.157412905,0.141384491,0.147034748,14.386615015,14.557626731
E2,Basketball_v_Basketball_g01_c01,Basketball,Shifted-RAT-fusion,shifted_rat_fusion_r3_c4,42,20,3,4,135.294792555,8.000000000,0.000100000,0.067176283,0.065843981,0.066263099,14.830670722,15.009339991
E2,Basketball_v_Basketball_g01_c01,Basketball,VideoMAE-only,videomae_only,42,20,,,135.294792555,8.000000000,0.000100000,0.021956151,0.028517126,0.025672091,15.508981582,15.786709335
E2,Basketball_v_Basketball_g01_c01,Basketball,RAT+traj,rat_traj,42,30,,,165.701603308,8.000000000,0.000100000,0.171969411,0.156854406,0.160039663,12.415313373,12.519079393
E2,Basketball_v_Basketball_g01_c01,Basketball,Motion-reference,motion_reference,42,30,,,165.701603308,8.000000000,0.000100000,0.432754323,0.385315390,0.397554649,12.715523961,12.852076572
E2,Basketball_v_Basketball_g01_c01,Basketball,Random,random,42,30,,,165.701603308,8.000000000,0.000100000,0.151113462,0.151300210,0.145634489,12.959908219,13.092067311
E2,Basketball_v_Basketball_g01_c01,Basketball,Shifted-RAT+traj,shifted_rat_traj_r3_c4,42,30,3,4,165.701603308,8.000000000,0.000100000,0.103108633,0.103104675,0.104002014,13.093171081,13.179339219
E2,Basketball_v_Basketball_g01_c01,Basketball,RAT-fusion,rat_fusion,42,30,,,165.701603308,8.000000000,0.000100000,0.225252085,0.208524885,0.213832420,12.700939130,12.803358793
E2,Basketball_v_Basketball_g01_c01,Basketball,Shifted-RAT-fusion,shifted_rat_fusion_r3_c4,42,30,3,4,165.701603308,8.000000000,0.000100000,0.132531666,0.127627813,0.129841413,13.166565692,13.286641969
E2,Basketball_v_Basketball_g01_c01,Basketball,VideoMAE-only,videomae_only,42,30,,,165.701603308,8.000000000,0.000100000,0.059265957,0.062602871,0.061591156,13.732498592,13.940847712
E2,Basketball_v_Basketball_g01_c01,Basketball,RAT+traj,rat_traj,42,40,,,191.335730550,8.000000000,0.000100000,0.238418277,0.224007520,0.227624455,11.167469079,11.231182141
E2,Basketball_v_Basketball_g01_c01,Basketball,Motion-reference,motion_reference,42,40,,,191.335730550,8.000000000,0.000100000,0.443568950,0.413397326,0.422413348,11.409627219,11.501758593
E2,Basketball_v_Basketball_g01_c01,Basketball,Random,random,42,40,,,191.335730550,8.000000000,0.000100000,0.203710124,0.206308583,0.201010296,11.732428727,11.827559624
E2,Basketball_v_Basketball_g01_c01,Basketball,Shifted-RAT+traj,shifted_rat_traj_r3_c4,42,40,3,4,191.335730550,8.000000000,0.000100000,0.162152255,0.160135172,0.161804122,11.848475473,11.899804149
E2,Basketball_v_Basketball_g01_c01,Basketball,RAT-fusion,rat_fusion,42,40,,,191.335730550,8.000000000,0.000100000,0.273041106,0.259331815,0.263882466,11.475790145,11.538968325
E2,Basketball_v_Basketball_g01_c01,Basketball,Shifted-RAT-fusion,shifted_rat_fusion_r3_c4,42,40,3,4,191.335730550,8.000000000,0.000100000,0.195078117,0.188180241,0.191534308,11.843856908,11.923748927
E2,Basketball_v_Basketball_g01_c01,Basketball,VideoMAE-only,videomae_only,42,40,,,191.335730550,8.000000000,0.000100000,0.101518287,0.104258139,0.105487684,12.345960466,12.516293339
E2,Basketball_v_Basketball_g02_c01,Basketball,RAT+traj,rat_traj,42,10,,,58.653571454,8.000000000,0.000100000,0.154174469,0.143440398,0.167203729,18.201886744,18.776497726
E2,Basketball_v_Basketball_g02_c01,Basketball,Motion-reference,motion_reference,42,10,,,58.653571454,8.000000000,0.000100000,0.662468649,0.511498014,0.654470862,18.280864194,18.897134225
E2,Basketball_v_Basketball_g02_c01,Basketball,Random,random,42,10,,,58.653571454,8.000000000,0.000100000,0.047516146,0.053286204,0.047156794,18.370720209,18.891358153
E2,Basketball_v_Basketball_g02_c01,Basketball,Shifted-RAT+traj,shifted_rat_traj_r3_c4,42,10,3,4,58.653571454,8.000000000,0.000100000,0.013381180,0.026299990,0.014746327,18.367116861,18.883501735
E2,Basketball_v_Basketball_g02_c01,Basketball,RAT-fusion,rat_fusion,42,10,,,58.653571454,8.000000000,0.000100000,0.212881525,0.181317785,0.219088339,18.328344484,18.934355912
E2,Basketball_v_Basketball_g02_c01,Basketball,Shifted-RAT-fusion,shifted_rat_fusion_r3_c4,42,10,3,4,58.653571454,8.000000000,0.000100000,0.015292777,0.027123893,0.017965547,18.175217954,18.666764140
E2,Basketball_v_Basketball_g02_c01,Basketball,VideoMAE-only,videomae_only,42,10,,,58.653571454,8.000000000,0.000100000,0.067155240,0.064417304,0.066444123,18.516837337,19.096482462
E2,Basketball_v_Basketball_g02_c01,Basketball,RAT+traj,rat_traj,42,20,,,82.948676232,8.000000000,0.000100000,0.295675030,0.270882431,0.294125319,15.431029906,15.761283272
E2,Basketball_v_Basketball_g02_c01,Basketball,Motion-reference,motion_reference,42,20,,,82.948676232,8.000000000,0.000100000,0.696390637,0.622607714,0.697611258,15.476961521,15.812693132
E2,Basketball_v_Basketball_g02_c01,Basketball,Random,random,42,20,,,82.948676232,8.000000000,0.000100000,0.090757800,0.096434771,0.088202583,15.516092690,15.792919738
E2,Basketball_v_Basketball_g02_c01,Basketball,Shifted-RAT+traj,shifted_rat_traj_r3_c4,42,20,3,4,82.948676232,8.000000000,0.000100000,0.050550166,0.058297906,0.056056305,15.425000092,15.687007131
E2,Basketball_v_Basketball_g02_c01,Basketball,RAT-fusion,rat_fusion,42,20,,,82.948676232,8.000000000,0.000100000,0.312542217,0.285585160,0.309073044,15.418240800,15.739565053
E2,Basketball_v_Basketball_g02_c01,Basketball,Shifted-RAT-fusion,shifted_rat_fusion_r3_c4,42,20,3,4,82.948676232,8.000000000,0.000100000,0.061076250,0.067231148,0.066525919,15.374330850,15.630360729
E2,Basketball_v_Basketball_g02_c01,Basketball,VideoMAE-only,videomae_only,42,20,,,82.948676232,8.000000000,0.000100000,0.171204883,0.159247381,0.172105206,15.697321456,16.016892976
E2,Basketball_v_Basketball_g02_c01,Basketball,RAT+traj,rat_traj,42,30,,,101.590965804,8.000000000,0.000100000,0.383259102,0.367707832,0.383562251,13.789934023,14.008875343
E2,Basketball_v_Basketball_g02_c01,Basketball,Motion-reference,motion_reference,42,30,,,101.590965804,8.000000000,0.000100000,0.705586268,0.661360595,0.702039763,13.799838243,14.020694631
E2,Basketball_v_Basketball_g02_c01,Basketball,Random,random,42,30,,,101.590965804,8.000000000,0.000100000,0.145653858,0.150417317,0.142496392,13.725052329,13.899233171
E2,Basketball_v_Basketball_g02_c01,Basketball,Shifted-RAT+traj,shifted_rat_traj_r3_c4,42,30,3,4,101.590965804,8.000000000,0.000100000,0.094064386,0.103747407,0.099368379,13.706216435,13.866042062
E2,Basketball_v_Basketball_g02_c01,Basketball,RAT-fusion,rat_fusion,42,30,,,101.590965804,8.000000000,0.000100000,0.355204040,0.341801297,0.355300016,13.734117758,13.939200567
E2,Basketball_v_Basketball_g02_c01,Basketball,Shifted-RAT-fusion,shifted_rat_fusion_r3_c4,42,30,3,4,101.590965804,8.000000000,0.000100000,0.097256679,0.102458535,0.098661172,13.687426872,13.844860405
E2,Basketball_v_Basketball_g02_c01,Basketball,VideoMAE-only,videomae_only,42,30,,,101.590965804,8.000000000,0.000100000,0.198727967,0.194800853,0.200209580,14.004079227,14.211547482
E2,Basketball_v_Basketball_g02_c01,Basketball,RAT+traj,rat_traj,42,40,,,117.307142909,8.000000000,0.000100000,0.410925079,0.401380638,0.407847598,12.613221009,12.759267159
E2,Basketball_v_Basketball_g02_c01,Basketball,Motion-reference,motion_reference,42,40,,,117.307142909,8.000000000,0.000100000,0.699180449,0.672805208,0.693883858,12.569391385,12.720268996
E2,Basketball_v_Basketball_g02_c01,Basketball,Random,random,42,40,,,117.307142909,8.000000000,0.000100000,0.202154382,0.206995967,0.202680495,12.574166440,12.692159264
E2,Basketball_v_Basketball_g02_c01,Basketball,Shifted-RAT+traj,shifted_rat_traj_r3_c4,42,40,3,4,117.307142909,8.000000000,0.000100000,0.139525851,0.150218257,0.146128682,12.514316903,12.614569657
E2,Basketball_v_Basketball_g02_c01,Basketball,RAT-fusion,rat_fusion,42,40,,,117.307142909,8.000000000,0.000100000,0.394141991,0.389018234,0.396783731,12.543138543,12.676604518
E2,Basketball_v_Basketball_g02_c01,Basketball,Shifted-RAT-fusion,shifted_rat_fusion_r3_c4,42,40,3,4,117.307142909,8.000000000,0.000100000,0.135865813,0.145981865,0.141931072,12.480991279,12.578762879
E2,Basketball_v_Basketball_g02_c01,Basketball,VideoMAE-only,videomae_only,42,40,,,117.307142909,8.000000000,0.000100000,0.219034875,0.222378324,0.223299730,12.809358645,12.947791844
E2,Basketball_v_Basketball_g03_c01,Basketball,RAT+traj,rat_traj,42,10,,,94.644650131,8.000000000,0.000100000,0.307785268,0.258579403,0.306806641,17.092756179,17.734523321
E2,Basketball_v_Basketball_g03_c01,Basketball,Motion-reference,motion_reference,42,10,,,94.644650131,8.000000000,0.000100000,0.778685677,0.629618744,0.771169902,17.237035123,17.904021363
E2,Basketball_v_Basketball_g03_c01,Basketball,Random,random,42,10,,,94.644650131,8.000000000,0.000100000,0.061508640,0.062815363,0.064523119,17.420197318,18.091841845
E2,Basketball_v_Basketball_g03_c01,Basketball,Shifted-RAT+traj,shifted_rat_traj_r3_c4,42,10,3,4,94.644650131,8.000000000,0.000100000,0.040460035,0.048587308,0.045575203,18.101473778,18.839034387
E2,Basketball_v_Basketball_g03_c01,Basketball,RAT-fusion,rat_fusion,42,10,,,94.644650131,8.000000000,0.000100000,0.284707748,0.239974576,0.284713049,17.164149056,17.818912505
E2,Basketball_v_Basketball_g03_c01,Basketball,Shifted-RAT-fusion,shifted_rat_fusion_r3_c4,42,10,3,4,94.644650131,8.000000000,0.000100000,0.080920070,0.076336570,0.082267258,17.981524703,18.708778276
E2,Basketball_v_Basketball_g03_c01,Basketball,VideoMAE-only,videomae_only,42,10,,,94.644650131,8.000000000,0.000100000,0.002890003,0.016519208,0.003555819,18.279285824,19.020926572
E2,Basketball_v_Basketball_g03_c01,Basketball,RAT+traj,rat_traj,42,20,,,133.847747822,8.000000000,0.000100000,0.367629995,0.347808784,0.375092295,14.302453501,14.676324245
E2,Basketball_v_Basketball_g03_c01,Basketball,Motion-reference,motion_reference,42,20,,,133.847747822,8.000000000,0.000100000,0.698082752,0.633856783,0.695698244,14.449646904,14.823258356
E2,Basketball_v_Basketball_g03_c01,Basketball,Random,random,42,20,,,133.847747822,8.000000000,0.000100000,0.111321413,0.112721832,0.111443035,14.700304134,15.073761411
E2,Basketball_v_Basketball_g03_c01,Basketball,Shifted-RAT+traj,shifted_rat_traj_r3_c4,42,20,3,4,133.847747822,8.000000000,0.000100000,0.102753473,0.121385315,0.122302208,15.191802042,15.584508289
E2,Basketball_v_Basketball_g03_c01,Basketball,RAT-fusion,rat_fusion,42,20,,,133.847747822,8.000000000,0.000100000,0.337166723,0.311919956,0.333961796,14.301048097,14.676397981
E2,Basketball_v_Basketball_g03_c01,Basketball,Shifted-RAT-fusion,shifted_rat_fusion_r3_c4,42,20,3,4,133.847747822,8.000000000,0.000100000,0.124063098,0.131682700,0.134003899,15.220996598,15.610109069
E2,Basketball_v_Basketball_g03_c01,Basketball,VideoMAE-only,videomae_only,42,20,,,133.847747822,8.000000000,0.000100000,0.028600997,0.041097896,0.030063650,15.521531879,15.903626483
E2,Basketball_v_Basketball_g03_c01,Basketball,RAT+traj,rat_traj,42,30,,,163.929342692,8.000000000,0.000100000,0.398306695,0.381619896,0.396425994,12.703334452,12.989130444
E2,Basketball_v_Basketball_g03_c01,Basketball,Motion-reference,motion_reference,42,30,,,163.929342692,8.000000000,0.000100000,0.616702392,0.581586759,0.612003906,12.850335429,13.129354503
E2,Basketball_v_Basketball_g03_c01,Basketball,Random,random,42,30,,,163.929342692,8.000000000,0.000100000,0.152164914,0.154299584,0.151650301,12.981491558,13.242366953
E2,Basketball_v_Basketball_g03_c01,Basketball,Shifted-RAT+traj,shifted_rat_traj_r3_c4,42,30,3,4,163.929342692,8.000000000,0.000100000,0.148322534,0.168091242,0.166196849,13.430308580,13.706045862
E2,Basketball_v_Basketball_g03_c01,Basketball,RAT-fusion,rat_fusion,42,30,,,163.929342692,8.000000000,0.000100000,0.365147326,0.350503274,0.362108282,12.676688957,12.946906505
E2,Basketball_v_Basketball_g03_c01,Basketball,Shifted-RAT-fusion,shifted_rat_fusion_r3_c4,42,30,3,4,163.929342692,8.000000000,0.000100000,0.165868195,0.189182205,0.189468280,13.373899086,13.634453399
E2,Basketball_v_Basketball_g03_c01,Basketball,VideoMAE-only,videomae_only,42,30,,,163.929342692,8.000000000,0.000100000,0.088219754,0.099610199,0.091076282,13.876922887,14.129903241
E2,Basketball_v_Basketball_g03_c01,Basketball,RAT+traj,rat_traj,42,40,,,189.289300263,8.000000000,0.000100000,0.436679265,0.420266380,0.429604524,11.369042489,11.600794476
E2,Basketball_v_Basketball_g03_c01,Basketball,Motion-reference,motion_reference,42,40,,,189.289300263,8.000000000,0.000100000,0.600617786,0.579944951,0.598316984,11.576705169,11.802731448
E2,Basketball_v_Basketball_g03_c01,Basketball,Random,random,42,40,,,189.289300263,8.000000000,0.000100000,0.201335751,0.202361994,0.199854275,11.755115373,11.957227639
E2,Basketball_v_Basketball_g03_c01,Basketball,Shifted-RAT+traj,shifted_rat_traj_r3_c4,42,40,3,4,189.289300263,8.000000000,0.000100000,0.188166600,0.208217259,0.205477601,12.095786218,12.303686148
E2,Basketball_v_Basketball_g03_c01,Basketball,RAT-fusion,rat_fusion,42,40,,,189.289300263,8.000000000,0.000100000,0.389340310,0.385439525,0.391817609,11.474151365,11.685363553
E2,Basketball_v_Basketball_g03_c01,Basketball,Shifted-RAT-fusion,shifted_rat_fusion_r3_c4,42,40,3,4,189.289300263,8.000000000,0.000100000,0.207002095,0.229387595,0.228201827,12.062569358,12.251081581
E2,Basketball_v_Basketball_g03_c01,Basketball,VideoMAE-only,videomae_only,42,40,,,189.289300263,8.000000000,0.000100000,0.159991838,0.166849982,0.161975852,12.719313820,12.901782675
E2,Basketball_v_Basketball_g04_c01,Basketball,RAT+traj,rat_traj,42,10,,,84.114288539,8.000000000,0.000100000,0.076338556,0.079171921,0.076403425,16.799423176,17.491653347
E2,Basketball_v_Basketball_g04_c01,Basketball,Motion-reference,motion_reference,42,10,,,84.114288539,8.000000000,0.000100000,0.670064567,0.537709995,0.649287984,17.313717746,18.077695349
E2,Basketball_v_Basketball_g04_c01,Basketball,Random,random,42,10,,,84.114288539,8.000000000,0.000100000,0.061447134,0.071855066,0.064646195,17.276179346,17.919405587
E2,Basketball_v_Basketball_g04_c01,Basketball,Shifted-RAT+traj,shifted_rat_traj_r3_c4,42,10,3,4,84.114288539,8.000000000,0.000100000,0.082863561,0.087905027,0.085202893,17.878601990,18.591334696
E2,Basketball_v_Basketball_g04_c01,Basketball,RAT-fusion,rat_fusion,42,10,,,84.114288539,8.000000000,0.000100000,0.077739631,0.077047837,0.073452480,16.708588755,17.392357241
E2,Basketball_v_Basketball_g04_c01,Basketball,Shifted-RAT-fusion,shifted_rat_fusion_r3_c4,42,10,3,4,84.114288539,8.000000000,0.000100000,0.083784267,0.087150504,0.083845348,17.914986905,18.627436492
E2,Basketball_v_Basketball_g04_c01,Basketball,VideoMAE-only,videomae_only,42,10,,,84.114288539,8.000000000,0.000100000,0.000920706,0.017767888,0.001478682,16.786194322,17.349641001
E2,Basketball_v_Basketball_g04_c01,Basketball,RAT+traj,rat_traj,42,20,,,118.955567642,8.000000000,0.000100000,0.207574603,0.196461197,0.195692641,14.176238889,14.624414725
E2,Basketball_v_Basketball_g04_c01,Basketball,Motion-reference,motion_reference,42,20,,,118.955567642,8.000000000,0.000100000,0.740211786,0.667333868,0.723620952,14.532023767,15.010929025
E2,Basketball_v_Basketball_g04_c01,Basketball,Random,random,42,20,,,118.955567642,8.000000000,0.000100000,0.103709664,0.110482849,0.100201801,14.547982712,14.919773363
E2,Basketball_v_Basketball_g04_c01,Basketball,Shifted-RAT+traj,shifted_rat_traj_r3_c4,42,20,3,4,118.955567642,8.000000000,0.000100000,0.135683399,0.152163198,0.143368291,15.110146184,15.530824622
E2,Basketball_v_Basketball_g04_c01,Basketball,RAT-fusion,rat_fusion,42,20,,,118.955567642,8.000000000,0.000100000,0.177698258,0.167105289,0.163004934,14.058947667,14.500108433
E2,Basketball_v_Basketball_g04_c01,Basketball,Shifted-RAT-fusion,shifted_rat_fusion_r3_c4,42,20,3,4,118.955567642,8.000000000,0.000100000,0.154081148,0.163287929,0.156042564,15.006133838,15.423835493
E2,Basketball_v_Basketball_g04_c01,Basketball,VideoMAE-only,videomae_only,42,20,,,118.955567642,8.000000000,0.000100000,0.005519325,0.026201227,0.006251003,14.317353446,14.656183664
E2,Basketball_v_Basketball_g04_c01,Basketball,RAT+traj,rat_traj,42,30,,,145.690221393,8.000000000,0.000100000,0.318368196,0.298958689,0.298119516,12.577276090,12.928649099
E2,Basketball_v_Basketball_g04_c01,Basketball,Motion-reference,motion_reference,42,30,,,145.690221393,8.000000000,0.000100000,0.798642648,0.761313794,0.796693393,12.801596004,13.164419090
E2,Basketball_v_Basketball_g04_c01,Basketball,Random,random,42,30,,,145.690221393,8.000000000,0.000100000,0.148376669,0.160760415,0.149116942,12.930148302,13.204111846
E2,Basketball_v_Basketball_g04_c01,Basketball,Shifted-RAT+traj,shifted_rat_traj_r3_c4,42,30,3,4,145.690221393,8.000000000,0.000100000,0.189588401,0.211612317,0.201338873,13.383836668,13.690076962
E2,Basketball_v_Basketball_g04_c01,Basketball,RAT-fusion,rat_fusion,42,30,,,145.690221393,8.000000000,0.000100000,0.287116921,0.270502428,0.268353903,12.468953663,12.817904099
E2,Basketball_v_Basketball_g04_c01,Basketball,Shifted-RAT-fusion,shifted_rat_fusion_r3_c4,42,30,3,4,145.690221393,8.000000000,0.000100000,0.211369592,0.230986839,0.221810139,13.246906806,13.553084297
E2,Basketball_v_Basketball_g04_c01,Basketball,VideoMAE-only,videomae_only,42,30,,,145.690221393,8.000000000,0.000100000,0.076974438,0.084832588,0.067976722,12.842454741,13.098677438
E2,Basketball_v_Basketball_g04_c01,Basketball,RAT+traj,rat_traj,42,40,,,168.228577079,8.000000000,0.000100000,0.414934797,0.389943668,0.389696302,11.415918613,11.705282376
E2,Basketball_v_Basketball_g04_c01,Basketball,Motion-reference,motion_reference,42,40,,,168.228577079,8.000000000,0.000100000,0.837711490,0.806498427,0.830180104,11.658146442,11.964380437
E2,Basketball_v_Basketball_g04_c01,Basketball,Random,random,42,40,,,168.228577079,8.000000000,0.000100000,0.197799514,0.205345553,0.194831759,11.679708587,11.897809094
E2,Basketball_v_Basketball_g04_c01,Basketball,Shifted-RAT+traj,shifted_rat_traj_r3_c4,42,40,3,4,168.228577079,8.000000000,0.000100000,0.241630907,0.259998452,0.249647315,12.041190994,12.280977633
E2,Basketball_v_Basketball_g04_c01,Basketball,RAT-fusion,rat_fusion,42,40,,,168.228577079,8.000000000,0.000100000,0.388150286,0.364788383,0.362571525,11.336668196,11.627677197
E2,Basketball_v_Basketball_g04_c01,Basketball,Shifted-RAT-fusion,shifted_rat_fusion_r3_c4,42,40,3,4,168.228577079,8.000000000,0.000100000,0.251703423,0.268462185,0.258722619,11.977713665,12.219877892
E2,Basketball_v_Basketball_g04_c01,Basketball,VideoMAE-only,videomae_only,42,40,,,168.228577079,8.000000000,0.000100000,0.100064211,0.109621721,0.092625774,11.906602489,12.111787956
E2,Biking_v_Biking_g01_c01,Biking,RAT+traj,rat_traj,42,10,,,99.002235356,8.000000000,0.000100000,0.110480980,0.108534207,0.102984745,17.365540159,18.114677157
E2,Biking_v_Biking_g01_c01,Biking,Motion-reference,motion_reference,42,10,,,99.002235356,8.000000000,0.000100000,0.747069247,0.599089203,0.728092729,17.518076112,18.398974224
E2,Biking_v_Biking_g01_c01,Biking,Random,random,42,10,,,99.002235356,8.000000000,0.000100000,0.053791115,0.073273902,0.054936685,17.962440600,18.739998273
E2,Biking_v_Biking_g01_c01,Biking,Shifted-RAT+traj,shifted_rat_traj_r3_c4,42,10,3,4,99.002235356,8.000000000,0.000100000,0.057366971,0.078849249,0.061940192,18.052968403,18.837953010
E2,Biking_v_Biking_g01_c01,Biking,RAT-fusion,rat_fusion,42,10,,,99.002235356,8.000000000,0.000100000,0.195934338,0.178548953,0.188811782,17.596893349,18.397892594
E2,Biking_v_Biking_g01_c01,Biking,Shifted-RAT-fusion,shifted_rat_fusion_r3_c4,42,10,3,4,99.002235356,8.000000000,0.000100000,0.037407530,0.061610745,0.040339262,18.103427154,18.902193059
E2,Biking_v_Biking_g01_c01,Biking,VideoMAE-only,videomae_only,42,10,,,99.002235356,8.000000000,0.000100000,0.075593225,0.092709429,0.079478045,17.996632433,18.775337029
E2,Biking_v_Biking_g01_c01,Biking,RAT+traj,rat_traj,42,20,,,140.010303946,8.000000000,0.000100000,0.200835882,0.198739525,0.191275225,14.742647837,15.196168656
E2,Biking_v_Biking_g01_c01,Biking,Motion-reference,motion_reference,42,20,,,140.010303946,8.000000000,0.000100000,0.819646998,0.734819834,0.800309069,14.807919650,15.344982907
E2,Biking_v_Biking_g01_c01,Biking,Random,random,42,20,,,140.010303946,8.000000000,0.000100000,0.104924561,0.130135043,0.113065190,15.247354672,15.695150443
E2,Biking_v_Biking_g01_c01,Biking,Shifted-RAT+traj,shifted_rat_traj_r3_c4,42,20,3,4,140.010303946,8.000000000,0.000100000,0.104483518,0.133211329,0.114296070,15.423860747,15.877282479
E2,Biking_v_Biking_g01_c01,Biking,RAT-fusion,rat_fusion,42,20,,,140.010303946,8.000000000,0.000100000,0.295175409,0.287315333,0.288746934,14.899973339,15.374297007
E2,Biking_v_Biking_g01_c01,Biking,Shifted-RAT-fusion,shifted_rat_fusion_r3_c4,42,20,3,4,140.010303946,8.000000000,0.000100000,0.091034645,0.120992660,0.101243563,15.410370889,15.865075341
E2,Biking_v_Biking_g01_c01,Biking,VideoMAE-only,videomae_only,42,20,,,140.010303946,8.000000000,0.000100000,0.119478141,0.148082069,0.130899952,15.314767197,15.764930251
E2,Biking_v_Biking_g01_c01,Biking,RAT+traj,rat_traj,42,30,,,171.476901700,8.000000000,0.000100000,0.289075763,0.290422377,0.284631974,13.156430144,13.496315425
E2,Biking_v_Biking_g01_c01,Biking,Motion-reference,motion_reference,42,30,,,171.476901700,8.000000000,0.000100000,0.850530722,0.799015217,0.838625394,13.173668823,13.575026636
E2,Biking_v_Biking_g01_c01,Biking,Random,random,42,30,,,171.476901700,8.000000000,0.000100000,0.154682124,0.181909563,0.166416539,13.594067822,13.917387373
E2,Biking_v_Biking_g01_c01,Biking,Shifted-RAT+traj,shifted_rat_traj_r3_c4,42,30,3,4,171.476901700,8.000000000,0.000100000,0.134444048,0.166849554,0.148159158,13.731498963,14.053854396
E2,Biking_v_Biking_g01_c01,Biking,RAT-fusion,rat_fusion,42,30,,,171.476901700,8.000000000,0.000100000,0.347992631,0.347531702,0.343519151,13.247680835,13.602821722
E2,Biking_v_Biking_g01_c01,Biking,Shifted-RAT-fusion,shifted_rat_fusion_r3_c4,42,30,3,4,171.476901700,8.000000000,0.000100000,0.117080403,0.148483167,0.128156126,13.754996757,14.081371522
E2,Biking_v_Biking_g01_c01,Biking,VideoMAE-only,videomae_only,42,30,,,171.476901700,8.000000000,0.000100000,0.168667249,0.201955083,0.185294446,13.756414962,14.077462370
E2,Biking_v_Biking_g01_c01,Biking,RAT+traj,rat_traj,42,40,,,198.004470713,8.000000000,0.000100000,0.366012272,0.365000575,0.358751823,12.037673743,12.311570233
E2,Biking_v_Biking_g01_c01,Biking,Motion-reference,motion_reference,42,40,,,198.004470713,8.000000000,0.000100000,0.877099650,0.841870820,0.867001873,11.984741242,12.310142188
E2,Biking_v_Biking_g01_c01,Biking,Random,random,42,40,,,198.004470713,8.000000000,0.000100000,0.202574284,0.231473794,0.217009706,12.409097011,12.666775117
E2,Biking_v_Biking_g01_c01,Biking,Shifted-RAT+traj,shifted_rat_traj_r3_c4,42,40,3,4,198.004470713,8.000000000,0.000100000,0.166590799,0.197578332,0.179525658,12.533744941,12.789843680
E2,Biking_v_Biking_g01_c01,Biking,RAT-fusion,rat_fusion,42,40,,,198.004470713,8.000000000,0.000100000,0.394066445,0.397948112,0.392440091,12.110345342,12.387815165
E2,Biking_v_Biking_g01_c01,Biking,Shifted-RAT-fusion,shifted_rat_fusion_r3_c4,42,40,3,4,198.004470713,8.000000000,0.000100000,0.158906953,0.190396907,0.171852130,12.528456756,12.784981248
E2,Biking_v_Biking_g01_c01,Biking,VideoMAE-only,videomae_only,42,40,,,198.004470713,8.000000000,0.000100000,0.235141418,0.269640707,0.255647050,12.527605474,12.776840453
E2,Biking_v_Biking_g02_c01,Biking,RAT+traj,rat_traj,42,10,,,124.813668416,8.000000000,0.000100000,0.114818349,0.112312308,0.114706482,17.362012469,18.388751754
E2,Biking_v_Biking_g02_c01,Biking,Motion-reference,motion_reference,42,10,,,124.813668416,8.000000000,0.000100000,0.567797814,0.449456992,0.561017315,17.049285029,18.124857640
E2,Biking_v_Biking_g02_c01,Biking,Random,random,42,10,,,124.813668416,8.000000000,0.000100000,0.045827900,0.057920556,0.045287545,17.084411678,17.992811663
E2,Biking_v_Biking_g02_c01,Biking,Shifted-RAT+traj,shifted_rat_traj_r3_c4,42,10,3,4,124.813668416,8.000000000,0.000100000,0.083171665,0.082878336,0.075956286,16.836817588,17.755347313
E2,Biking_v_Biking_g02_c01,Biking,RAT-fusion,rat_fusion,42,10,,,124.813668416,8.000000000,0.000100000,0.102846421,0.102017939,0.102148131,17.343716190,18.361601043
E2,Biking_v_Biking_g02_c01,Biking,Shifted-RAT-fusion,shifted_rat_fusion_r3_c4,42,10,3,4,124.813668416,8.000000000,0.000100000,0.083099577,0.084638283,0.078853394,17.050574058,17.984318274
E2,Biking_v_Biking_g02_c01,Biking,VideoMAE-only,videomae_only,42,10,,,124.813668416,8.000000000,0.000100000,0.023032153,0.038385496,0.021008381,16.455582128,17.279242114
E2,Biking_v_Biking_g02_c01,Biking,RAT+traj,rat_traj,42,20,,,176.513182643,8.000000000,0.000100000,0.221501100,0.216120524,0.219908230,14.637243535,15.264405646
E2,Biking_v_Biking_g02_c01,Biking,Motion-reference,motion_reference,42,20,,,176.513182643,8.000000000,0.000100000,0.634582722,0.567195131,0.629353275,14.460805589,15.156525103
E2,Biking_v_Biking_g02_c01,Biking,Random,random,42,20,,,176.513182643,8.000000000,0.000100000,0.102847386,0.111079914,0.099091305,14.427936597,14.985090664
E2,Biking_v_Biking_g02_c01,Biking,Shifted-RAT+traj,shifted_rat_traj_r3_c4,42,20,3,4,176.513182643,8.000000000,0.000100000,0.143691485,0.139077794,0.131018871,14.181868867,14.751341189
E2,Biking_v_Biking_g02_c01,Biking,RAT-fusion,rat_fusion,42,20,,,176.513182643,8.000000000,0.000100000,0.214874281,0.214500933,0.217280497,14.654368991,15.287139530
E2,Biking_v_Biking_g02_c01,Biking,Shifted-RAT-fusion,shifted_rat_fusion_r3_c4,42,20,3,4,176.513182643,8.000000000,0.000100000,0.134394331,0.135669113,0.126856841,14.341792485,14.916776415
E2,Biking_v_Biking_g02_c01,Biking,VideoMAE-only,videomae_only,42,20,,,176.513182643,8.000000000,0.000100000,0.043449783,0.056112913,0.038321891,13.790385702,14.305826589
E2,Biking_v_Biking_g02_c01,Biking,RAT+traj,rat_traj,42,30,,,216.183615175,8.000000000,0.000100000,0.328976661,0.319694987,0.323030913,13.028555713,13.504736359
E2,Biking_v_Biking_g02_c01,Biking,Motion-reference,motion_reference,42,30,,,216.183615175,8.000000000,0.000100000,0.688012170,0.647923262,0.686694624,12.830624155,13.382442156
E2,Biking_v_Biking_g02_c01,Biking,Random,random,42,30,,,216.183615175,8.000000000,0.000100000,0.149370605,0.155452536,0.143082844,12.846977841,13.271288239
E2,Biking_v_Biking_g02_c01,Biking,Shifted-RAT+traj,shifted_rat_traj_r3_c4,42,30,3,4,216.183615175,8.000000000,0.000100000,0.184752260,0.180993139,0.169974369,12.557032904,12.988749178
E2,Biking_v_Biking_g02_c01,Biking,RAT-fusion,rat_fusion,42,30,,,216.183615175,8.000000000,0.000100000,0.312392957,0.310776371,0.312937055,13.058798849,13.534074033
E2,Biking_v_Biking_g02_c01,Biking,Shifted-RAT-fusion,shifted_rat_fusion_r3_c4,42,30,3,4,216.183615175,8.000000000,0.000100000,0.184428017,0.183274133,0.171547120,12.667287867,13.103193788
E2,Biking_v_Biking_g02_c01,Biking,VideoMAE-only,videomae_only,42,30,,,216.183615175,8.000000000,0.000100000,0.050954132,0.065223046,0.047136581,12.160381951,12.554989993
E2,Biking_v_Biking_g02_c01,Biking,RAT+traj,rat_traj,42,40,,,249.627336832,8.000000000,0.000100000,0.422088084,0.415898036,0.418932787,11.814361083,12.209383172
E2,Biking_v_Biking_g02_c01,Biking,Motion-reference,motion_reference,42,40,,,249.627336832,8.000000000,0.000100000,0.734569072,0.705505552,0.733031017,11.674847032,12.133351371
E2,Biking_v_Biking_g02_c01,Biking,Random,random,42,40,,,249.627336832,8.000000000,0.000100000,0.197959801,0.205467445,0.192834268,11.634807699,11.981801477
E2,Biking_v_Biking_g02_c01,Biking,Shifted-RAT+traj,shifted_rat_traj_r3_c4,42,40,3,4,249.627336832,8.000000000,0.000100000,0.227650499,0.222170644,0.211357775,11.394887166,11.749844747
E2,Biking_v_Biking_g02_c01,Biking,RAT-fusion,rat_fusion,42,40,,,249.627336832,8.000000000,0.000100000,0.392990384,0.391815711,0.392079972,11.850956208,12.245551416
E2,Biking_v_Biking_g02_c01,Biking,Shifted-RAT-fusion,shifted_rat_fusion_r3_c4,42,40,3,4,249.627336832,8.000000000,0.000100000,0.235695450,0.234542296,0.223483641,11.496592327,11.858097624
E2,Biking_v_Biking_g02_c01,Biking,VideoMAE-only,videomae_only,42,40,,,249.627336832,8.000000000,0.000100000,0.088746713,0.096919934,0.080293572,11.008715157,11.343113014
E2,Biking_v_Biking_g03_c01,Biking,RAT+traj,rat_traj,42,10,,,156.846969489,8.000000000,0.000100000,0.217809835,0.195777055,0.201352302,17.710999898,17.931729205
E2,Biking_v_Biking_g03_c01,Biking,Motion-reference,motion_reference,42,10,,,156.846969489,8.000000000,0.000100000,0.799081239,0.729688102,0.781536365,17.897063665,18.173955518
E2,Biking_v_Biking_g03_c01,Biking,Random,random,42,10,,,156.846969489,8.000000000,0.000100000,0.048486136,0.054453408,0.048860137,18.060359422,18.312513674
E2,Biking_v_Biking_g03_c01,Biking,Shifted-RAT+traj,shifted_rat_traj_r3_c4,42,10,3,4,156.846969489,8.000000000,0.000100000,0.049108200,0.058403071,0.053109629,18.182136916,18.414117693
E2,Biking_v_Biking_g03_c01,Biking,RAT-fusion,rat_fusion,42,10,,,156.846969489,8.000000000,0.000100000,0.154165987,0.147375837,0.148680194,17.875242294,18.099644129
E2,Biking_v_Biking_g03_c01,Biking,Shifted-RAT-fusion,shifted_rat_fusion_r3_c4,42,10,3,4,156.846969489,8.000000000,0.000100000,0.033334999,0.041719167,0.034900035,18.210752085,18.458705815
E2,Biking_v_Biking_g03_c01,Biking,VideoMAE-only,videomae_only,42,10,,,156.846969489,8.000000000,0.000100000,0.000000000,0.010570347,0.000569898,18.406996209,18.719651894
E2,Biking_v_Biking_g03_c01,Biking,RAT+traj,rat_traj,42,20,,,221.815111468,8.000000000,0.000100000,0.362866087,0.341085963,0.343558880,14.790177333,14.891615673
E2,Biking_v_Biking_g03_c01,Biking,Motion-reference,motion_reference,42,20,,,221.815111468,8.000000000,0.000100000,0.877058654,0.843333073,0.867919975,15.022557416,15.166585572
E2,Biking_v_Biking_g03_c01,Biking,Random,random,42,20,,,221.815111468,8.000000000,0.000100000,0.098153525,0.106466805,0.102140569,15.131238442,15.266153322
E2,Biking_v_Biking_g03_c01,Biking,Shifted-RAT+traj,shifted_rat_traj_r3_c4,42,20,3,4,221.815111468,8.000000000,0.000100000,0.098631371,0.103417385,0.098005876,15.267558495,15.380226985
E2,Biking_v_Biking_g03_c01,Biking,RAT-fusion,rat_fusion,42,20,,,221.815111468,8.000000000,0.000100000,0.295618052,0.282176694,0.282567224,14.930247659,15.035848881
E2,Biking_v_Biking_g03_c01,Biking,Shifted-RAT-fusion,shifted_rat_fusion_r3_c4,42,20,3,4,221.815111468,8.000000000,0.000100000,0.078010073,0.083526729,0.077764132,15.288669224,15.416837293
E2,Biking_v_Biking_g03_c01,Biking,VideoMAE-only,videomae_only,42,20,,,221.815111468,8.000000000,0.000100000,0.000122912,0.010147186,0.000858008,15.513986510,15.702240248
E2,Biking_v_Biking_g03_c01,Biking,RAT+traj,rat_traj,42,30,,,271.666920168,8.000000000,0.000100000,0.464956071,0.436672673,0.437450635,13.029393652,13.087186943
E2,Biking_v_Biking_g03_c01,Biking,Motion-reference,motion_reference,42,30,,,271.666920168,8.000000000,0.000100000,0.900653248,0.881720182,0.895600740,13.233933714,13.324139362
E2,Biking_v_Biking_g03_c01,Biking,Random,random,42,30,,,271.666920168,8.000000000,0.000100000,0.148675648,0.160390049,0.156901012,13.435662150,13.527839426
E2,Biking_v_Biking_g03_c01,Biking,Shifted-RAT+traj,shifted_rat_traj_r3_c4,42,30,3,4,271.666920168,8.000000000,0.000100000,0.135111134,0.139344186,0.134502621,13.518368442,13.590722110
E2,Biking_v_Biking_g03_c01,Biking,RAT-fusion,rat_fusion,42,30,,,271.666920168,8.000000000,0.000100000,0.390811064,0.378466645,0.378312870,13.191679380,13.253965248
E2,Biking_v_Biking_g03_c01,Biking,Shifted-RAT-fusion,shifted_rat_fusion_r3_c4,42,30,3,4,271.666920168,8.000000000,0.000100000,0.123663977,0.128126211,0.123088326,13.531310522,13.614434495
E2,Biking_v_Biking_g03_c01,Biking,VideoMAE-only,videomae_only,42,30,,,271.666920168,8.000000000,0.000100000,0.000425359,0.009539321,0.001372146,13.795317454,13.939384833
E2,Biking_v_Biking_g03_c01,Biking,RAT+traj,rat_traj,42,40,,,313.693938978,8.000000000,0.000100000,0.547681574,0.526048744,0.526257172,11.807193288,11.839216556
E2,Biking_v_Biking_g03_c01,Biking,Motion-reference,motion_reference,42,40,,,313.693938978,8.000000000,0.000100000,0.920842493,0.906987908,0.915622189,11.990878351,12.050505205
E2,Biking_v_Biking_g03_c01,Biking,Random,random,42,40,,,313.693938978,8.000000000,0.000100000,0.200905665,0.214677217,0.212529230,12.185642228,12.254200855
E2,Biking_v_Biking_g03_c01,Biking,Shifted-RAT+traj,shifted_rat_traj_r3_c4,42,40,3,4,313.693938978,8.000000000,0.000100000,0.182607222,0.185622762,0.181571243,12.311031947,12.362186717
E2,Biking_v_Biking_g03_c01,Biking,RAT-fusion,rat_fusion,42,40,,,313.693938978,8.000000000,0.000100000,0.473557154,0.463109207,0.462719504,11.953876728,11.993571541
E2,Biking_v_Biking_g03_c01,Biking,Shifted-RAT-fusion,shifted_rat_fusion_r3_c4,42,40,3,4,313.693938978,8.000000000,0.000100000,0.179021094,0.182963400,0.179150289,12.281103291,12.338075535
E2,Biking_v_Biking_g03_c01,Biking,VideoMAE-only,videomae_only,42,40,,,313.693938978,8.000000000,0.000100000,0.006384506,0.014606257,0.007397090,12.538495683,12.659275023
E2,Biking_v_Biking_g04_c01,Biking,RAT+traj,rat_traj,42,10,,,124.813668416,8.000000000,0.000100000,0.137945910,0.121016131,0.131077327,17.524354111,17.968428078
E2,Biking_v_Biking_g04_c01,Biking,Motion-reference,motion_reference,42,10,,,124.813668416,8.000000000,0.000100000,0.703959066,0.591797332,0.696945359,17.777813046,18.258154008
E2,Biking_v_Biking_g04_c01,Biking,Random,random,42,10,,,124.813668416,8.000000000,0.000100000,0.041356905,0.044099033,0.038483052,17.607511505,18.055078015
E2,Biking_v_Biking_g04_c01,Biking,Shifted-RAT+traj,shifted_rat_traj_r3_c4,42,10,3,4,124.813668416,8.000000000,0.000100000,0.049534086,0.051470645,0.047778820,17.690699297,18.089977834
E2,Biking_v_Biking_g04_c01,Biking,RAT-fusion,rat_fusion,42,10,,,124.813668416,8.000000000,0.000100000,0.100827994,0.080325820,0.083405017,17.184790373,17.624860014
E2,Biking_v_Biking_g04_c01,Biking,Shifted-RAT-fusion,shifted_rat_fusion_r3_c4,42,10,3,4,124.813668416,8.000000000,0.000100000,0.056340018,0.057350070,0.055264135,17.631954504,18.054633075
E2,Biking_v_Biking_g04_c01,Biking,VideoMAE-only,videomae_only,42,10,,,124.813668416,8.000000000,0.000100000,0.107384512,0.095079856,0.098751650,17.530048287,17.900623975
E2,Biking_v_Biking_g04_c01,Biking,RAT+traj,rat_traj,42,20,,,176.513182643,8.000000000,0.000100000,0.218040647,0.198982155,0.205763103,14.734937540,15.003809422
E2,Biking_v_Biking_g04_c01,Biking,Motion-reference,motion_reference,42,20,,,176.513182643,8.000000000,0.000100000,0.762568628,0.703556499,0.760771082,14.960788313,15.261391969
E2,Biking_v_Biking_g04_c01,Biking,Random,random,42,20,,,176.513182643,8.000000000,0.000100000,0.098537549,0.092728626,0.088978915,14.706986300,14.971977043
E2,Biking_v_Biking_g04_c01,Biking,Shifted-RAT+traj,shifted_rat_traj_r3_c4,42,20,3,4,176.513182643,8.000000000,0.000100000,0.102812530,0.100715530,0.098010380,14.766815132,14.986823487
E2,Biking_v_Biking_g04_c01,Biking,RAT-fusion,rat_fusion,42,20,,,176.513182643,8.000000000,0.000100000,0.187960060,0.160730388,0.163850550,14.352233175,14.626239941
E2,Biking_v_Biking_g04_c01,Biking,Shifted-RAT-fusion,shifted_rat_fusion_r3_c4,42,20,3,4,176.513182643,8.000000000,0.000100000,0.103658537,0.102615302,0.100115349,14.781324521,15.028511172
E2,Biking_v_Biking_g04_c01,Biking,VideoMAE-only,videomae_only,42,20,,,176.513182643,8.000000000,0.000100000,0.144694400,0.135968252,0.135873601,14.737538582,14.937759861
E2,Biking_v_Biking_g04_c01,Biking,RAT+traj,rat_traj,42,30,,,216.183615175,8.000000000,0.000100000,0.283955689,0.262882838,0.267536710,13.017730183,13.216195756
E2,Biking_v_Biking_g04_c01,Biking,Motion-reference,motion_reference,42,30,,,216.183615175,8.000000000,0.000100000,0.793698377,0.750961618,0.787407298,13.259954369,13.481185818
E2,Biking_v_Biking_g04_c01,Biking,Random,random,42,30,,,216.183615175,8.000000000,0.000100000,0.147331963,0.140916715,0.137265611,13.004852698,13.202918387
E2,Biking_v_Biking_g04_c01,Biking,Shifted-RAT+traj,shifted_rat_traj_r3_c4,42,30,3,4,216.183615175,8.000000000,0.000100000,0.145030336,0.142171237,0.139406771,13.103620481,13.262965520
E2,Biking_v_Biking_g04_c01,Biking,RAT-fusion,rat_fusion,42,30,,,216.183615175,8.000000000,0.000100000,0.256040523,0.223406532,0.226559265,12.782162265,12.984481231
E2,Biking_v_Biking_g04_c01,Biking,Shifted-RAT-fusion,shifted_rat_fusion_r3_c4,42,30,3,4,216.183615175,8.000000000,0.000100000,0.141993001,0.139856329,0.137368668,13.038495437,13.215768324
E2,Biking_v_Biking_g04_c01,Biking,VideoMAE-only,videomae_only,42,30,,,216.183615175,8.000000000,0.000100000,0.191776479,0.191447679,0.190782814,13.184138130,13.323571650
E2,Biking_v_Biking_g04_c01,Biking,RAT+traj,rat_traj,42,40,,,249.627336832,8.000000000,0.000100000,0.332298713,0.312961007,0.316176952,11.752709032,11.913892615
E2,Biking_v_Biking_g04_c01,Biking,Motion-reference,motion_reference,42,40,,,249.627336832,8.000000000,0.000100000,0.807082718,0.778399052,0.802717473,12.056888087,12.230783546
E2,Biking_v_Biking_g04_c01,Biking,Random,random,42,40,,,249.627336832,8.000000000,0.000100000,0.198169990,0.190475093,0.187715250,11.813493742,11.970439666
E2,Biking_v_Biking_g04_c01,Biking,Shifted-RAT+traj,shifted_rat_traj_r3_c4,42,40,3,4,249.627336832,8.000000000,0.000100000,0.196691604,0.190554516,0.188031525,11.806666455,11.932359823
E2,Biking_v_Biking_g04_c01,Biking,RAT-fusion,rat_fusion,42,40,,,249.627336832,8.000000000,0.000100000,0.318774748,0.286552847,0.289426568,11.598350657,11.759436065
E2,Biking_v_Biking_g04_c01,Biking,Shifted-RAT-fusion,shifted_rat_fusion_r3_c4,42,40,3,4,249.627336832,8.000000000,0.000100000,0.193215205,0.187076548,0.184367138,11.790447990,11.926739308
E2,Biking_v_Biking_g04_c01,Biking,VideoMAE-only,videomae_only,42,40,,,249.627336832,8.000000000,0.000100000,0.277408300,0.271660524,0.271831602,11.918849116,12.024784687
E2,Diving_v_Diving_g01_c01,Diving,RAT+traj,rat_traj,42,10,,,129.660116945,8.000000000,0.000100000,0.072666030,0.082832867,0.078361754,18.343988288,18.776642886
E2,Diving_v_Diving_g01_c01,Diving,Motion-reference,motion_reference,42,10,,,129.660116945,8.000000000,0.000100000,0.709547557,0.620866597,0.700902520,18.009911940,18.454550636
E2,Diving_v_Diving_g01_c01,Diving,Random,random,42,10,,,129.660116945,8.000000000,0.000100000,0.047037702,0.054629805,0.047334378,18.245974079,18.656965585
E2,Diving_v_Diving_g01_c01,Diving,Shifted-RAT+traj,shifted_rat_traj_r3_c4,42,10,3,4,129.660116945,8.000000000,0.000100000,0.011769378,0.025821173,0.013227438,18.307787264,18.711005909
E2,Diving_v_Diving_g01_c01,Diving,RAT-fusion,rat_fusion,42,10,,,129.660116945,8.000000000,0.000100000,0.115403214,0.118809937,0.119922958,18.338790048,18.769651934
E2,Diving_v_Diving_g01_c01,Diving,Shifted-RAT-fusion,shifted_rat_fusion_r3_c4,42,10,3,4,129.660116945,8.000000000,0.000100000,0.028820945,0.040984300,0.030530808,18.270981696,18.683789985
E2,Diving_v_Diving_g01_c01,Diving,VideoMAE-only,videomae_only,42,10,,,129.660116945,8.000000000,0.000100000,0.021574442,0.033145989,0.022768256,17.951074197,18.338560964
E2,Diving_v_Diving_g01_c01,Diving,RAT+traj,rat_traj,42,20,,,183.367095882,8.000000000,0.000100000,0.162369329,0.171617237,0.169246737,15.470794003,15.717863032
E2,Diving_v_Diving_g01_c01,Diving,Motion-reference,motion_reference,42,20,,,183.367095882,8.000000000,0.000100000,0.787897201,0.744985059,0.786834615,15.152016266,15.419265462
E2,Diving_v_Diving_g01_c01,Diving,Random,random,42,20,,,183.367095882,8.000000000,0.000100000,0.100258383,0.108722696,0.102770191,15.365832421,15.595410099
E2,Diving_v_Diving_g01_c01,Diving,Shifted-RAT+traj,shifted_rat_traj_r3_c4,42,20,3,4,183.367095882,8.000000000,0.000100000,0.039992687,0.052437479,0.042005042,15.457904126,15.681509311
E2,Diving_v_Diving_g01_c01,Diving,RAT-fusion,rat_fusion,42,20,,,183.367095882,8.000000000,0.000100000,0.183052125,0.191152924,0.190074292,15.429009508,15.677926799
E2,Diving_v_Diving_g01_c01,Diving,Shifted-RAT-fusion,shifted_rat_fusion_r3_c4,42,20,3,4,183.367095882,8.000000000,0.000100000,0.057369067,0.069302755,0.060006517,15.441382209,15.672505487
E2,Diving_v_Diving_g01_c01,Diving,VideoMAE-only,videomae_only,42,20,,,183.367095882,8.000000000,0.000100000,0.054469528,0.063569419,0.055017589,15.125258384,15.341360847
E2,Diving_v_Diving_g01_c01,Diving,RAT+traj,rat_traj,42,30,,,224.577910264,8.000000000,0.000100000,0.251609348,0.264204669,0.262932313,13.715778811,13.895269471
E2,Diving_v_Diving_g01_c01,Diving,Motion-reference,motion_reference,42,30,,,224.577910264,8.000000000,0.000100000,0.827062803,0.801073524,0.826581586,13.492749718,13.693913998
E2,Diving_v_Diving_g01_c01,Diving,Random,random,42,30,,,224.577910264,8.000000000,0.000100000,0.147861980,0.157890185,0.152559889,13.636052654,13.797697170
E2,Diving_v_Diving_g01_c01,Diving,Shifted-RAT+traj,shifted_rat_traj_r3_c4,42,30,3,4,224.577910264,8.000000000,0.000100000,0.078063812,0.091162770,0.082028598,13.743770678,13.901639983
E2,Diving_v_Diving_g01_c01,Diving,RAT-fusion,rat_fusion,42,30,,,224.577910264,8.000000000,0.000100000,0.260012516,0.270458494,0.268970006,13.706246679,13.889969034
E2,Diving_v_Diving_g01_c01,Diving,Shifted-RAT-fusion,shifted_rat_fusion_r3_c4,42,30,3,4,224.577910264,8.000000000,0.000100000,0.082687189,0.095481855,0.086403660,13.730681197,13.892335535
E2,Diving_v_Diving_g01_c01,Diving,VideoMAE-only,videomae_only,42,30,,,224.577910264,8.000000000,0.000100000,0.081006814,0.090264929,0.082185977,13.455531421,13.607631471
E2,Diving_v_Diving_g01_c01,Diving,RAT+traj,rat_traj,42,40,,,259.320233889,8.000000000,0.000100000,0.346586914,0.360372586,0.358954569,12.454015435,12.598539422
E2,Diving_v_Diving_g01_c01,Diving,Motion-reference,motion_reference,42,40,,,259.320233889,8.000000000,0.000100000,0.855429766,0.837300164,0.853604088,12.281779739,12.443566994
E2,Diving_v_Diving_g01_c01,Diving,Random,random,42,40,,,259.320233889,8.000000000,0.000100000,0.200585503,0.211368085,0.205692929,12.443408649,12.569006290
E2,Diving_v_Diving_g01_c01,Diving,Shifted-RAT+traj,shifted_rat_traj_r3_c4,42,40,3,4,259.320233889,8.000000000,0.000100000,0.112258614,0.126965972,0.117920492,12.521947553,12.644653538
E2,Diving_v_Diving_g01_c01,Diving,RAT-fusion,rat_fusion,42,40,,,259.320233889,8.000000000,0.000100000,0.339731806,0.354097627,0.352281715,12.480844464,12.626891966
E2,Diving_v_Diving_g01_c01,Diving,Shifted-RAT-fusion,shifted_rat_fusion_r3_c4,42,40,3,4,259.320233889,8.000000000,0.000100000,0.114074209,0.127177577,0.118186325,12.523886565,12.648475081
E2,Diving_v_Diving_g01_c01,Diving,VideoMAE-only,videomae_only,42,40,,,259.320233889,8.000000000,0.000100000,0.109373404,0.119518970,0.111565614,12.270332220,12.387903733
E2,Diving_v_Diving_g02_c01,Diving,RAT+traj,rat_traj,42,10,,,93.262902243,8.000000000,0.000100000,0.052308892,0.055251544,0.049091751,17.476762194,18.460578581
E2,Diving_v_Diving_g02_c01,Diving,Motion-reference,motion_reference,42,10,,,93.262902243,8.000000000,0.000100000,0.781026990,0.587522629,0.764628621,17.684874764,18.733375164
E2,Diving_v_Diving_g02_c01,Diving,Random,random,42,10,,,93.262902243,8.000000000,0.000100000,0.052958692,0.053212557,0.047208749,17.404565235,18.352328364
E2,Diving_v_Diving_g02_c01,Diving,Shifted-RAT+traj,shifted_rat_traj_r3_c4,42,10,3,4,93.262902243,8.000000000,0.000100000,0.027648986,0.040105654,0.027738773,17.511396000,18.508966903
E2,Diving_v_Diving_g02_c01,Diving,RAT-fusion,rat_fusion,42,10,,,93.262902243,8.000000000,0.000100000,0.067774130,0.068296301,0.066459402,17.500278133,18.481089099
E2,Diving_v_Diving_g02_c01,Diving,Shifted-RAT-fusion,shifted_rat_fusion_r3_c4,42,10,3,4,93.262902243,8.000000000,0.000100000,0.047825273,0.049775728,0.041054554,17.272607248,18.210878936
E2,Diving_v_Diving_g02_c01,Diving,VideoMAE-only,videomae_only,42,10,,,93.262902243,8.000000000,0.000100000,0.000000000,0.014808195,0.000577604,16.215476692,16.967482011
E2,Diving_v_Diving_g02_c01,Diving,RAT+traj,rat_traj,42,20,,,131.893661218,8.000000000,0.000100000,0.140442932,0.128384263,0.130351318,14.842619424,15.406139637
E2,Diving_v_Diving_g02_c01,Diving,Motion-reference,motion_reference,42,20,,,131.893661218,8.000000000,0.000100000,0.697382551,0.601349506,0.682017540,15.061133956,15.653709020
E2,Diving_v_Diving_g02_c01,Diving,Random,random,42,20,,,131.893661218,8.000000000,0.000100000,0.118280063,0.111369215,0.107929552,14.776497566,15.303649751
E2,Diving_v_Diving_g02_c01,Diving,Shifted-RAT+traj,shifted_rat_traj_r3_c4,42,20,3,4,131.893661218,8.000000000,0.000100000,0.093086726,0.092738219,0.088369971,14.874022412,15.436125161
E2,Diving_v_Diving_g02_c01,Diving,RAT-fusion,rat_fusion,42,20,,,131.893661218,8.000000000,0.000100000,0.153480926,0.140056614,0.143980810,14.863519989,15.422934780
E2,Diving_v_Diving_g02_c01,Diving,Shifted-RAT-fusion,shifted_rat_fusion_r3_c4,42,20,3,4,131.893661218,8.000000000,0.000100000,0.081869500,0.080641769,0.075150650,14.636238403,15.161025067
E2,Diving_v_Diving_g02_c01,Diving,VideoMAE-only,videomae_only,42,20,,,131.893661218,8.000000000,0.000100000,0.195748738,0.136266800,0.139096201,13.920179587,14.373890030
E2,Diving_v_Diving_g02_c01,Diving,RAT+traj,rat_traj,42,30,,,161.536085146,8.000000000,0.000100000,0.199191043,0.188545319,0.190990541,13.262087506,13.673792087
E2,Diving_v_Diving_g02_c01,Diving,Motion-reference,motion_reference,42,30,,,161.536085146,8.000000000,0.000100000,0.647830553,0.582482492,0.628500708,13.388532902,13.807571113
E2,Diving_v_Diving_g02_c01,Diving,Random,random,42,30,,,161.536085146,8.000000000,0.000100000,0.167783342,0.154757121,0.151030404,13.158139296,13.530390753
E2,Diving_v_Diving_g02_c01,Diving,Shifted-RAT+traj,shifted_rat_traj_r3_c4,42,30,3,4,161.536085146,8.000000000,0.000100000,0.196295257,0.178594573,0.180216893,13.109572733,13.498998300
E2,Diving_v_Diving_g02_c01,Diving,RAT-fusion,rat_fusion,42,30,,,161.536085146,8.000000000,0.000100000,0.225318192,0.211511428,0.217110359,13.289243345,13.700822692
E2,Diving_v_Diving_g02_c01,Diving,Shifted-RAT-fusion,shifted_rat_fusion_r3_c4,42,30,3,4,161.536085146,8.000000000,0.000100000,0.150114517,0.137870735,0.135166725,13.019475708,13.397159046
E2,Diving_v_Diving_g02_c01,Diving,VideoMAE-only,videomae_only,42,30,,,161.536085146,8.000000000,0.000100000,0.280500813,0.216080903,0.221506518,12.710525217,13.048507050
E2,Diving_v_Diving_g02_c01,Diving,RAT+traj,rat_traj,42,40,,,186.525804486,8.000000000,0.000100000,0.271754383,0.255067100,0.258487342,12.053240750,12.374135772
E2,Diving_v_Diving_g02_c01,Diving,Motion-reference,motion_reference,42,40,,,186.525804486,8.000000000,0.000100000,0.623634808,0.575681475,0.602610020,12.213399945,12.538751321
E2,Diving_v_Diving_g02_c01,Diving,Random,random,42,40,,,186.525804486,8.000000000,0.000100000,0.213882648,0.196538945,0.191780777,11.913090765,12.198336462
E2,Diving_v_Diving_g02_c01,Diving,Shifted-RAT+traj,shifted_rat_traj_r3_c4,42,40,3,4,186.525804486,8.000000000,0.000100000,0.292182291,0.258632717,0.261630640,11.877545562,12.178134258
E2,Diving_v_Diving_g02_c01,Diving,RAT-fusion,rat_fusion,42,40,,,186.525804486,8.000000000,0.000100000,0.289257658,0.273995892,0.279077040,12.120413938,12.442183786
E2,Diving_v_Diving_g02_c01,Diving,Shifted-RAT-fusion,shifted_rat_fusion_r3_c4,42,40,3,4,186.525804486,8.000000000,0.000100000,0.241570675,0.213236566,0.212729079,11.809089267,12.102154396
E2,Diving_v_Diving_g02_c01,Diving,VideoMAE-only,videomae_only,42,40,,,186.525804486,8.000000000,0.000100000,0.402901845,0.328803744,0.337746322,11.748713885,12.016518420
E2,Diving_v_Diving_g03_c01,Diving,RAT+traj,rat_traj,42,10,,,111.053775383,8.000000000,0.000100000,0.043413857,0.044381410,0.040903024,17.183372651,17.699816332
E2,Diving_v_Diving_g03_c01,Diving,Motion-reference,motion_reference,42,10,,,111.053775383,8.000000000,0.000100000,0.690192717,0.555288028,0.670658414,17.660504713,18.196958585
E2,Diving_v_Diving_g03_c01,Diving,Random,random,42,10,,,111.053775383,8.000000000,0.000100000,0.050181235,0.048782946,0.045582144,17.341516577,17.818334959
E2,Diving_v_Diving_g03_c01,Diving,Shifted-RAT+traj,shifted_rat_traj_r3_c4,42,10,3,4,111.053775383,8.000000000,0.000100000,0.038821030,0.040145324,0.035152542,17.656740023,18.134272917
E2,Diving_v_Diving_g03_c01,Diving,RAT-fusion,rat_fusion,42,10,,,111.053775383,8.000000000,0.000100000,0.065709106,0.063483532,0.063732163,17.301536095,17.804213428
E2,Diving_v_Diving_g03_c01,Diving,Shifted-RAT-fusion,shifted_rat_fusion_r3_c4,42,10,3,4,111.053775383,8.000000000,0.000100000,0.026916510,0.031009667,0.024285527,17.568598899,18.049341430
E2,Diving_v_Diving_g03_c01,Diving,VideoMAE-only,videomae_only,42,10,,,111.053775383,8.000000000,0.000100000,0.203550775,0.174456784,0.200838436,17.729088152,18.241590726
E2,Diving_v_Diving_g03_c01,Diving,RAT+traj,rat_traj,42,20,,,157.053755300,8.000000000,0.000100000,0.101127557,0.093449292,0.092177908,14.431627159,14.763872643
E2,Diving_v_Diving_g03_c01,Diving,Motion-reference,motion_reference,42,20,,,157.053755300,8.000000000,0.000100000,0.777235678,0.706537199,0.773929843,14.841821628,15.177535242
E2,Diving_v_Diving_g03_c01,Diving,Random,random,42,20,,,157.053755300,8.000000000,0.000100000,0.107908571,0.099977571,0.096365405,14.517114791,14.816897424
E2,Diving_v_Diving_g03_c01,Diving,Shifted-RAT+traj,shifted_rat_traj_r3_c4,42,20,3,4,157.053755300,8.000000000,0.000100000,0.090393710,0.087210730,0.084817638,14.687644330,14.982341608
E2,Diving_v_Diving_g03_c01,Diving,RAT-fusion,rat_fusion,42,20,,,157.053755300,8.000000000,0.000100000,0.132463152,0.122382625,0.123905203,14.553737136,14.866941612
E2,Diving_v_Diving_g03_c01,Diving,Shifted-RAT-fusion,shifted_rat_fusion_r3_c4,42,20,3,4,157.053755300,8.000000000,0.000100000,0.079956392,0.078505486,0.075394540,14.703076497,15.001936358
E2,Diving_v_Diving_g03_c01,Diving,VideoMAE-only,videomae_only,42,20,,,157.053755300,8.000000000,0.000100000,0.301806131,0.282197987,0.301899189,14.927663525,15.243283187
E2,Diving_v_Diving_g03_c01,Diving,RAT+traj,rat_traj,42,30,,,192.350781336,8.000000000,0.000100000,0.175185864,0.154655554,0.156347599,12.788778525,13.043063410
E2,Diving_v_Diving_g03_c01,Diving,Motion-reference,motion_reference,42,30,,,192.350781336,8.000000000,0.000100000,0.815031085,0.767515881,0.813509385,13.150719518,13.408359689
E2,Diving_v_Diving_g03_c01,Diving,Random,random,42,30,,,192.350781336,8.000000000,0.000100000,0.163649986,0.148525142,0.145035422,12.725526885,12.951918131
E2,Diving_v_Diving_g03_c01,Diving,Shifted-RAT+traj,shifted_rat_traj_r3_c4,42,30,3,4,192.350781336,8.000000000,0.000100000,0.165380750,0.149154808,0.150337398,12.911168249,13.138105002
E2,Diving_v_Diving_g03_c01,Diving,RAT-fusion,rat_fusion,42,30,,,192.350781336,8.000000000,0.000100000,0.193067127,0.177286274,0.179614304,12.915904113,13.153628518
E2,Diving_v_Diving_g03_c01,Diving,Shifted-RAT-fusion,shifted_rat_fusion_r3_c4,42,30,3,4,192.350781336,8.000000000,0.000100000,0.154139336,0.141767657,0.142509742,12.963601582,13.195080440
E2,Diving_v_Diving_g03_c01,Diving,VideoMAE-only,videomae_only,42,30,,,192.350781336,8.000000000,0.000100000,0.385346315,0.371257545,0.388863238,13.332556032,13.569005062
E2,Diving_v_Diving_g03_c01,Diving,RAT+traj,rat_traj,42,40,,,222.107550767,8.000000000,0.000100000,0.246847446,0.220493531,0.225217925,11.642918360,11.851381056
E2,Diving_v_Diving_g03_c01,Diving,Motion-reference,motion_reference,42,40,,,222.107550767,8.000000000,0.000100000,0.841308594,0.801965728,0.837215354,11.941929850,12.156613613
E2,Diving_v_Diving_g03_c01,Diving,Random,random,42,40,,,222.107550767,8.000000000,0.000100000,0.211949470,0.192104703,0.188930880,11.520163695,11.709091747
E2,Diving_v_Diving_g03_c01,Diving,Shifted-RAT+traj,shifted_rat_traj_r3_c4,42,40,3,4,222.107550767,8.000000000,0.000100000,0.241885269,0.216114598,0.219968372,11.725064041,11.915333002
E2,Diving_v_Diving_g03_c01,Diving,RAT-fusion,rat_fusion,42,40,,,222.107550767,8.000000000,0.000100000,0.247574705,0.232592029,0.236359302,11.672835384,11.864916100
E2,Diving_v_Diving_g03_c01,Diving,Shifted-RAT-fusion,shifted_rat_fusion_r3_c4,42,40,3,4,222.107550767,8.000000000,0.000100000,0.225578321,0.203561665,0.207003532,11.687461949,11.882325624
E2,Diving_v_Diving_g03_c01,Diving,VideoMAE-only,videomae_only,42,40,,,222.107550767,8.000000000,0.000100000,0.447441678,0.437542915,0.454208286,12.182391537,12.379592998
E2,Diving_v_Diving_g04_c01,Diving,RAT+traj,rat_traj,42,10,,,82.948676232,8.000000000,0.000100000,0.093540876,0.094804636,0.094448298,18.067415580,18.542787309
E2,Diving_v_Diving_g04_c01,Diving,Motion-reference,motion_reference,42,10,,,82.948676232,8.000000000,0.000100000,0.714806886,0.590469726,0.699880867,17.980805490,18.518058950
E2,Diving_v_Diving_g04_c01,Diving,Random,random,42,10,,,82.948676232,8.000000000,0.000100000,0.052880876,0.058601212,0.051328522,18.165514737,18.643509388
E2,Diving_v_Diving_g04_c01,Diving,Shifted-RAT+traj,shifted_rat_traj_r3_c4,42,10,3,4,82.948676232,8.000000000,0.000100000,0.010357042,0.027917922,0.011341572,18.330485750,18.817975469
E2,Diving_v_Diving_g04_c01,Diving,RAT-fusion,rat_fusion,42,10,,,82.948676232,8.000000000,0.000100000,0.110804218,0.109638236,0.111107880,18.058141487,18.527757820
E2,Diving_v_Diving_g04_c01,Diving,Shifted-RAT-fusion,shifted_rat_fusion_r3_c4,42,10,3,4,82.948676232,8.000000000,0.000100000,0.021655634,0.036223572,0.021863127,18.340464641,18.823702517
E2,Diving_v_Diving_g04_c01,Diving,VideoMAE-only,videomae_only,42,10,,,82.948676232,8.000000000,0.000100000,0.020468463,0.036288253,0.022242652,18.341429562,18.845987727
E2,Diving_v_Diving_g04_c01,Diving,RAT+traj,rat_traj,42,20,,,117.307142909,8.000000000,0.000100000,0.222849492,0.215112778,0.219056518,15.209452061,15.471674323
E2,Diving_v_Diving_g04_c01,Diving,Motion-reference,motion_reference,42,20,,,117.307142909,8.000000000,0.000100000,0.790756613,0.726388395,0.782806637,15.034147507,15.338519688
E2,Diving_v_Diving_g04_c01,Diving,Random,random,42,20,,,117.307142909,8.000000000,0.000100000,0.104815533,0.113491268,0.108106898,15.294687292,15.551825719
E2,Diving_v_Diving_g04_c01,Diving,Shifted-RAT+traj,shifted_rat_traj_r3_c4,42,20,3,4,117.307142909,8.000000000,0.000100000,0.048293789,0.066715316,0.054649753,15.489241721,15.754553201
E2,Diving_v_Diving_g04_c01,Diving,RAT-fusion,rat_fusion,42,20,,,117.307142909,8.000000000,0.000100000,0.204834436,0.203093508,0.206111679,15.165678254,15.422969823
E2,Diving_v_Diving_g04_c01,Diving,Shifted-RAT-fusion,shifted_rat_fusion_r3_c4,42,20,3,4,117.307142909,8.000000000,0.000100000,0.056165368,0.071196266,0.060075816,15.468069037,15.733642873
E2,Diving_v_Diving_g04_c01,Diving,VideoMAE-only,videomae_only,42,20,,,117.307142909,8.000000000,0.000100000,0.045192353,0.058718586,0.047582247,15.517740442,15.806577025
E2,Diving_v_Diving_g04_c01,Diving,RAT+traj,rat_traj,42,30,,,143.671321655,8.000000000,0.000100000,0.306225484,0.303156433,0.307003582,13.490531531,13.669192380
E2,Diving_v_Diving_g04_c01,Diving,Motion-reference,motion_reference,42,30,,,143.671321655,8.000000000,0.000100000,0.811274594,0.766762721,0.800177277,13.429290108,13.650112684
E2,Diving_v_Diving_g04_c01,Diving,Random,random,42,30,,,143.671321655,8.000000000,0.000100000,0.156859944,0.166776623,0.161555939,13.586726161,13.768894251
E2,Diving_v_Diving_g04_c01,Diving,Shifted-RAT+traj,shifted_rat_traj_r3_c4,42,30,3,4,143.671321655,8.000000000,0.000100000,0.086961407,0.101013366,0.092008735,13.727442934,13.906435603
E2,Diving_v_Diving_g04_c01,Diving,RAT-fusion,rat_fusion,42,30,,,143.671321655,8.000000000,0.000100000,0.303085492,0.298283133,0.301112968,13.482361734,13.659794092
E2,Diving_v_Diving_g04_c01,Diving,Shifted-RAT-fusion,shifted_rat_fusion_r3_c4,42,30,3,4,143.671321655,8.000000000,0.000100000,0.101629152,0.113797294,0.105629798,13.755666898,13.934855957
E2,Diving_v_Diving_g04_c01,Diving,VideoMAE-only,videomae_only,42,30,,,143.671321655,8.000000000,0.000100000,0.074952864,0.089121207,0.079995052,13.818524093,14.025301374
E2,Diving_v_Diving_g04_c01,Diving,RAT+traj,rat_traj,42,40,,,165.897352464,8.000000000,0.000100000,0.387247241,0.382977156,0.383623256,12.268937216,12.397441884
E2,Diving_v_Diving_g04_c01,Diving,Motion-reference,motion_reference,42,40,,,165.897352464,8.000000000,0.000100000,0.826958037,0.798367398,0.817178638,12.221920266,12.388672751
E2,Diving_v_Diving_g04_c01,Diving,Random,random,42,40,,,165.897352464,8.000000000,0.000100000,0.206869295,0.214844189,0.211274890,12.370529830,12.506939481
E2,Diving_v_Diving_g04_c01,Diving,Shifted-RAT+traj,shifted_rat_traj_r3_c4,42,40,3,4,165.897352464,8.000000000,0.000100000,0.134762511,0.151083248,0.142227950,12.506846373,12.636528311
E2,Diving_v_Diving_g04_c01,Diving,RAT-fusion,rat_fusion,42,40,,,165.897352464,8.000000000,0.000100000,0.384274950,0.379087843,0.379832010,12.289021304,12.414124581
E2,Diving_v_Diving_g04_c01,Diving,Shifted-RAT-fusion,shifted_rat_fusion_r3_c4,42,40,3,4,165.897352464,8.000000000,0.000100000,0.140552494,0.153185645,0.144355341,12.503387727,12.630419390
E2,Diving_v_Diving_g04_c01,Diving,VideoMAE-only,videomae_only,42,40,,,165.897352464,8.000000000,0.000100000,0.086843115,0.102970640,0.092352264,12.626689721,12.784446543
E2,WalkingWithDog_v_WalkingWithDog_g01_c01,WalkingWithDog,RAT+traj,rat_traj,42,10,,,124.813668416,8.000000000,0.000100000,0.156584647,0.139353401,0.149743491,17.103894226,17.777857167
E2,WalkingWithDog_v_WalkingWithDog_g01_c01,WalkingWithDog,Motion-reference,motion_reference,42,10,,,124.813668416,8.000000000,0.000100000,0.782371848,0.649903725,0.766583219,17.280608841,17.977491765
E2,WalkingWithDog_v_WalkingWithDog_g01_c01,WalkingWithDog,Random,random,42,10,,,124.813668416,8.000000000,0.000100000,0.058402194,0.058506695,0.051433801,16.856286820,17.448046355
E2,WalkingWithDog_v_WalkingWithDog_g01_c01,WalkingWithDog,Shifted-RAT+traj,shifted_rat_traj_r3_c4,42,10,3,4,124.813668416,8.000000000,0.000100000,0.000861879,0.014704971,0.001159488,16.572303287,17.123828796
E2,WalkingWithDog_v_WalkingWithDog_g01_c01,WalkingWithDog,RAT-fusion,rat_fusion,42,10,,,124.813668416,8.000000000,0.000100000,0.190875647,0.165537664,0.180974323,17.148606364,17.817348626
E2,WalkingWithDog_v_WalkingWithDog_g01_c01,WalkingWithDog,Shifted-RAT-fusion,shifted_rat_fusion_r3_c4,42,10,3,4,124.813668416,8.000000000,0.000100000,0.015235448,0.025052760,0.012898707,16.701104540,17.268387259
E2,WalkingWithDog_v_WalkingWithDog_g01_c01,WalkingWithDog,VideoMAE-only,videomae_only,42,10,,,124.813668416,8.000000000,0.000100000,0.000000000,0.012247514,0.000480556,15.895965076,16.384094437
E2,WalkingWithDog_v_WalkingWithDog_g01_c01,WalkingWithDog,RAT+traj,rat_traj,42,20,,,176.513182643,8.000000000,0.000100000,0.253314963,0.235146340,0.242125214,14.358401066,14.763518605
E2,WalkingWithDog_v_WalkingWithDog_g01_c01,WalkingWithDog,Motion-reference,motion_reference,42,20,,,176.513182643,8.000000000,0.000100000,0.782432917,0.725118128,0.780304198,14.464236186,14.870207910
E2,WalkingWithDog_v_WalkingWithDog_g01_c01,WalkingWithDog,Random,random,42,20,,,176.513182643,8.000000000,0.000100000,0.104828915,0.100335885,0.093269111,14.101900459,14.443404240
E2,WalkingWithDog_v_WalkingWithDog_g01_c01,WalkingWithDog,Shifted-RAT+traj,shifted_rat_traj_r3_c4,42,20,3,4,176.513182643,8.000000000,0.000100000,0.024622917,0.031305005,0.019445280,13.680514293,13.990763869
E2,WalkingWithDog_v_WalkingWithDog_g01_c01,WalkingWithDog,RAT-fusion,rat_fusion,42,20,,,176.513182643,8.000000000,0.000100000,0.284778084,0.261959152,0.271421422,14.348669904,14.742377792
E2,WalkingWithDog_v_WalkingWithDog_g01_c01,WalkingWithDog,Shifted-RAT-fusion,shifted_rat_fusion_r3_c4,42,20,3,4,176.513182643,8.000000000,0.000100000,0.040319966,0.043177171,0.031897626,13.899102752,14.216922433
E2,WalkingWithDog_v_WalkingWithDog_g01_c01,WalkingWithDog,VideoMAE-only,videomae_only,42,20,,,176.513182643,8.000000000,0.000100000,0.017364295,0.024529018,0.012922026,13.426081878,13.744647295
E2,WalkingWithDog_v_WalkingWithDog_g01_c01,WalkingWithDog,RAT+traj,rat_traj,42,30,,,216.183615175,8.000000000,0.000100000,0.310689830,0.291897255,0.295594788,12.647695187,12.942374136
E2,WalkingWithDog_v_WalkingWithDog_g01_c01,WalkingWithDog,Motion-reference,motion_reference,42,30,,,216.183615175,8.000000000,0.000100000,0.782434620,0.748797423,0.781414640,12.825509225,13.118692317
E2,WalkingWithDog_v_WalkingWithDog_g01_c01,WalkingWithDog,Random,random,42,30,,,216.183615175,8.000000000,0.000100000,0.152497735,0.143900026,0.137572672,12.386066382,12.631720145
E2,WalkingWithDog_v_WalkingWithDog_g01_c01,WalkingWithDog,Shifted-RAT+traj,shifted_rat_traj_r3_c4,42,30,3,4,216.183615175,8.000000000,0.000100000,0.058321547,0.058280485,0.047843723,12.022690158,12.246868122
E2,WalkingWithDog_v_WalkingWithDog_g01_c01,WalkingWithDog,RAT-fusion,rat_fusion,42,30,,,216.183615175,8.000000000,0.000100000,0.342553927,0.321268121,0.325759887,12.639963353,12.924014202
E2,WalkingWithDog_v_WalkingWithDog_g01_c01,WalkingWithDog,Shifted-RAT-fusion,shifted_rat_fusion_r3_c4,42,30,3,4,216.183615175,8.000000000,0.000100000,0.072127124,0.067251832,0.056642543,12.207252374,12.434001817
E2,WalkingWithDog_v_WalkingWithDog_g01_c01,WalkingWithDog,VideoMAE-only,videomae_only,42,30,,,216.183615175,8.000000000,0.000100000,0.069990848,0.065976505,0.055890297,11.906258839,12.168358986
E2,WalkingWithDog_v_WalkingWithDog_g01_c01,WalkingWithDog,RAT+traj,rat_traj,42,40,,,249.627336832,8.000000000,0.000100000,0.345872334,0.320927642,0.321807098,11.401579519,11.637092797
E2,WalkingWithDog_v_WalkingWithDog_g01_c01,WalkingWithDog,Motion-reference,motion_reference,42,40,,,249.627336832,8.000000000,0.000100000,0.786950547,0.765058986,0.785778901,11.614663338,11.847766299
E2,WalkingWithDog_v_WalkingWithDog_g01_c01,WalkingWithDog,Random,random,42,40,,,249.627336832,8.000000000,0.000100000,0.200108054,0.184285748,0.178496558,11.214944729,11.412244657
E2,WalkingWithDog_v_WalkingWithDog_g01_c01,WalkingWithDog,Shifted-RAT+traj,shifted_rat_traj_r3_c4,42,40,3,4,249.627336832,8.000000000,0.000100000,0.101142987,0.089037339,0.079693560,10.828037072,11.003009188
E2,WalkingWithDog_v_WalkingWithDog_g01_c01,WalkingWithDog,RAT-fusion,rat_fusion,42,40,,,249.627336832,8.000000000,0.000100000,0.380793857,0.362130286,0.364046303,11.372830175,11.594614946
E2,WalkingWithDog_v_WalkingWithDog_g01_c01,WalkingWithDog,Shifted-RAT-fusion,shifted_rat_fusion_r3_c4,42,40,3,4,249.627336832,8.000000000,0.000100000,0.120770178,0.110519054,0.101752291,11.032438616,11.209575132
E2,WalkingWithDog_v_WalkingWithDog_g01_c01,WalkingWithDog,VideoMAE-only,videomae_only,42,40,,,249.627336832,8.000000000,0.000100000,0.126336150,0.113768326,0.104941772,10.807614698,11.031941034
E2,WalkingWithDog_v_WalkingWithDog_g02_c01,WalkingWithDog,RAT+traj,rat_traj,42,10,,,124.813668416,8.000000000,0.000100000,0.195834501,0.158162353,0.190556529,17.234361050,17.988413741
E2,WalkingWithDog_v_WalkingWithDog_g02_c01,WalkingWithDog,Motion-reference,motion_reference,42,10,,,124.813668416,8.000000000,0.000100000,0.662398799,0.496028759,0.635556594,17.221130250,17.945106702
E2,WalkingWithDog_v_WalkingWithDog_g02_c01,WalkingWithDog,Random,random,42,10,,,124.813668416,8.000000000,0.000100000,0.046633280,0.040243912,0.036298625,16.531861395,17.193944564
E2,WalkingWithDog_v_WalkingWithDog_g02_c01,WalkingWithDog,Shifted-RAT+traj,shifted_rat_traj_r3_c4,42,10,3,4,124.813668416,8.000000000,0.000100000,0.029064828,0.033003092,0.026855265,16.320098259,16.963538710
E2,WalkingWithDog_v_WalkingWithDog_g02_c01,WalkingWithDog,RAT-fusion,rat_fusion,42,10,,,124.813668416,8.000000000,0.000100000,0.165929692,0.137740736,0.163558731,17.257867872,17.996364719
E2,WalkingWithDog_v_WalkingWithDog_g02_c01,WalkingWithDog,Shifted-RAT-fusion,shifted_rat_fusion_r3_c4,42,10,3,4,124.813668416,8.000000000,0.000100000,0.029504464,0.031971232,0.025640466,16.367302148,16.994236232
E2,WalkingWithDog_v_WalkingWithDog_g02_c01,WalkingWithDog,VideoMAE-only,videomae_only,42,10,,,124.813668416,8.000000000,0.000100000,0.000000000,0.011104391,0.000399412,16.056265887,16.680928376
E2,WalkingWithDog_v_WalkingWithDog_g02_c01,WalkingWithDog,RAT+traj,rat_traj,42,20,,,176.513182643,8.000000000,0.000100000,0.305923302,0.265326607,0.289456198,14.443912322,14.923098229
E2,WalkingWithDog_v_WalkingWithDog_g02_c01,WalkingWithDog,Motion-reference,motion_reference,42,20,,,176.513182643,8.000000000,0.000100000,0.778653963,0.672321145,0.760722011,14.486857018,14.947312556
E2,WalkingWithDog_v_WalkingWithDog_g02_c01,WalkingWithDog,Random,random,42,20,,,176.513182643,8.000000000,0.000100000,0.097368047,0.081599971,0.077674391,13.725378993,14.158424327
E2,WalkingWithDog_v_WalkingWithDog_g02_c01,WalkingWithDog,Shifted-RAT+traj,shifted_rat_traj_r3_c4,42,20,3,4,176.513182643,8.000000000,0.000100000,0.062691395,0.062227472,0.056018971,13.497303570,13.914002693
E2,WalkingWithDog_v_WalkingWithDog_g02_c01,WalkingWithDog,RAT-fusion,rat_fusion,42,20,,,176.513182643,8.000000000,0.000100000,0.281167841,0.244992885,0.265062911,14.383382497,14.848128381
E2,WalkingWithDog_v_WalkingWithDog_g02_c01,WalkingWithDog,Shifted-RAT-fusion,shifted_rat_fusion_r3_c4,42,20,3,4,176.513182643,8.000000000,0.000100000,0.059443262,0.061464093,0.054912134,13.606487050,14.015188137
E2,WalkingWithDog_v_WalkingWithDog_g02_c01,WalkingWithDog,VideoMAE-only,videomae_only,42,20,,,176.513182643,8.000000000,0.000100000,0.009549020,0.019026233,0.008761027,13.097490583,13.516893507
E2,WalkingWithDog_v_WalkingWithDog_g02_c01,WalkingWithDog,RAT+traj,rat_traj,42,30,,,216.183615175,8.000000000,0.000100000,0.392998604,0.346536892,0.366003652,12.675843525,13.046976145
E2,WalkingWithDog_v_WalkingWithDog_g02_c01,WalkingWithDog,Motion-reference,motion_reference,42,30,,,216.183615175,8.000000000,0.000100000,0.815369619,0.742062057,0.800726510,12.820599092,13.178922127
E2,WalkingWithDog_v_WalkingWithDog_g02_c01,WalkingWithDog,Random,random,42,30,,,216.183615175,8.000000000,0.000100000,0.148026219,0.122157961,0.119488479,12.046902792,12.389999464
E2,WalkingWithDog_v_WalkingWithDog_g02_c01,WalkingWithDog,Shifted-RAT+traj,shifted_rat_traj_r3_c4,42,30,3,4,216.183615175,8.000000000,0.000100000,0.098267531,0.095140434,0.089373691,11.926920014,12.259462432
E2,WalkingWithDog_v_WalkingWithDog_g02_c01,WalkingWithDog,RAT-fusion,rat_fusion,42,30,,,216.183615175,8.000000000,0.000100000,0.368764364,0.323682348,0.340227915,12.635433470,12.996316381
E2,WalkingWithDog_v_WalkingWithDog_g02_c01,WalkingWithDog,Shifted-RAT-fusion,shifted_rat_fusion_r3_c4,42,30,3,4,216.183615175,8.000000000,0.000100000,0.092145063,0.086738193,0.080828842,11.936355929,12.257606914
E2,WalkingWithDog_v_WalkingWithDog_g02_c01,WalkingWithDog,VideoMAE-only,videomae_only,42,30,,,216.183615175,8.000000000,0.000100000,0.054821798,0.050430072,0.042411958,11.671139516,12.012074155
E2,WalkingWithDog_v_WalkingWithDog_g02_c01,WalkingWithDog,RAT+traj,rat_traj,42,40,,,249.627336832,8.000000000,0.000100000,0.456023357,0.406659869,0.421742384,11.389467360,11.701407622
E2,WalkingWithDog_v_WalkingWithDog_g02_c01,WalkingWithDog,Motion-reference,motion_reference,42,40,,,249.627336832,8.000000000,0.000100000,0.842070963,0.784554223,0.826727103,11.566384912,11.866447270
E2,WalkingWithDog_v_WalkingWithDog_g02_c01,WalkingWithDog,Random,random,42,40,,,249.627336832,8.000000000,0.000100000,0.196660871,0.162626056,0.160951098,10.829151962,11.123360870
E2,WalkingWithDog_v_WalkingWithDog_g02_c01,WalkingWithDog,Shifted-RAT+traj,shifted_rat_traj_r3_c4,42,40,3,4,249.627336832,8.000000000,0.000100000,0.141291286,0.132024866,0.126678709,10.806683159,11.091509700
E2,WalkingWithDog_v_WalkingWithDog_g02_c01,WalkingWithDog,RAT-fusion,rat_fusion,42,40,,,249.627336832,8.000000000,0.000100000,0.420679091,0.371901064,0.383540675,11.381296294,11.686711564
E2,WalkingWithDog_v_WalkingWithDog_g02_c01,WalkingWithDog,Shifted-RAT-fusion,shifted_rat_fusion_r3_c4,42,40,3,4,249.627336832,8.000000000,0.000100000,0.128271084,0.119399449,0.113951941,10.743887486,11.018696538
E2,WalkingWithDog_v_WalkingWithDog_g02_c01,WalkingWithDog,VideoMAE-only,videomae_only,42,40,,,249.627336832,8.000000000,0.000100000,0.109236063,0.093496674,0.087664187,10.557806149,10.845798785
E2,WalkingWithDog_v_WalkingWithDog_g03_c01,WalkingWithDog,RAT+traj,rat_traj,42,10,,,124.813668416,8.000000000,0.000100000,0.054162750,0.054319720,0.054709787,17.788406606,18.218502345
E2,WalkingWithDog_v_WalkingWithDog_g03_c01,WalkingWithDog,Motion-reference,motion_reference,42,10,,,124.813668416,8.000000000,0.000100000,0.575988060,0.461127825,0.562179958,17.914814396,18.405500912
E2,WalkingWithDog_v_WalkingWithDog_g03_c01,WalkingWithDog,Random,random,42,10,,,124.813668416,8.000000000,0.000100000,0.060972481,0.058340163,0.056546805,17.712929058,18.151424645
E2,WalkingWithDog_v_WalkingWithDog_g03_c01,WalkingWithDog,Shifted-RAT+traj,shifted_rat_traj_r3_c4,42,10,3,4,124.813668416,8.000000000,0.000100000,0.028726058,0.031756669,0.026963831,17.584873460,18.010065429
E2,WalkingWithDog_v_WalkingWithDog_g03_c01,WalkingWithDog,RAT-fusion,rat_fusion,42,10,,,124.813668416,8.000000000,0.000100000,0.066526079,0.062056753,0.063504978,17.749562543,18.179969801
E2,WalkingWithDog_v_WalkingWithDog_g03_c01,WalkingWithDog,Shifted-RAT-fusion,shifted_rat_fusion_r3_c4,42,10,3,4,124.813668416,8.000000000,0.000100000,0.033280072,0.035714527,0.031688927,17.729813094,18.184007083
E2,WalkingWithDog_v_WalkingWithDog_g03_c01,WalkingWithDog,VideoMAE-only,videomae_only,42,10,,,124.813668416,8.000000000,0.000100000,0.150891375,0.113207394,0.123719197,17.223700097,17.578371655
E2,WalkingWithDog_v_WalkingWithDog_g03_c01,WalkingWithDog,RAT+traj,rat_traj,42,20,,,176.513182643,8.000000000,0.000100000,0.116693668,0.107849055,0.109861940,14.826060703,15.067778391
E2,WalkingWithDog_v_WalkingWithDog_g03_c01,WalkingWithDog,Motion-reference,motion_reference,42,20,,,176.513182643,8.000000000,0.000100000,0.664930835,0.595928319,0.655983479,15.064678392,15.360679969
E2,WalkingWithDog_v_WalkingWithDog_g03_c01,WalkingWithDog,Random,random,42,20,,,176.513182643,8.000000000,0.000100000,0.113500778,0.106939246,0.105162930,14.876033193,15.139591883
E2,WalkingWithDog_v_WalkingWithDog_g03_c01,WalkingWithDog,Shifted-RAT+traj,shifted_rat_traj_r3_c4,42,20,3,4,176.513182643,8.000000000,0.000100000,0.058335417,0.058990967,0.055868705,14.818049202,15.084306958
E2,WalkingWithDog_v_WalkingWithDog_g03_c01,WalkingWithDog,RAT-fusion,rat_fusion,42,20,,,176.513182643,8.000000000,0.000100000,0.126312693,0.118547475,0.121832370,14.870017257,15.121621123
E2,WalkingWithDog_v_WalkingWithDog_g03_c01,WalkingWithDog,Shifted-RAT-fusion,shifted_rat_fusion_r3_c4,42,20,3,4,176.513182643,8.000000000,0.000100000,0.072927768,0.073115746,0.071415555,14.901116214,15.178817453
E2,WalkingWithDog_v_WalkingWithDog_g03_c01,WalkingWithDog,VideoMAE-only,videomae_only,42,20,,,176.513182643,8.000000000,0.000100000,0.223209701,0.183387065,0.190901663,14.540889417,14.746473172
E2,WalkingWithDog_v_WalkingWithDog_g03_c01,WalkingWithDog,RAT+traj,rat_traj,42,30,,,216.183615175,8.000000000,0.000100000,0.188156050,0.176437323,0.179040196,13.151090927,13.323989403
E2,WalkingWithDog_v_WalkingWithDog_g03_c01,WalkingWithDog,Motion-reference,motion_reference,42,30,,,216.183615175,8.000000000,0.000100000,0.730264234,0.680728243,0.721856546,13.327393920,13.540424460
E2,WalkingWithDog_v_WalkingWithDog_g03_c01,WalkingWithDog,Random,random,42,30,,,216.183615175,8.000000000,0.000100000,0.154451705,0.146480430,0.144903005,13.172634569,13.365874901
E2,WalkingWithDog_v_WalkingWithDog_g03_c01,WalkingWithDog,Shifted-RAT+traj,shifted_rat_traj_r3_c4,42,30,3,4,216.183615175,8.000000000,0.000100000,0.098466498,0.096223764,0.093496093,13.119351200,13.316235435
E2,WalkingWithDog_v_WalkingWithDog_g03_c01,WalkingWithDog,RAT-fusion,rat_fusion,42,30,,,216.183615175,8.000000000,0.000100000,0.188909329,0.179575565,0.181983416,13.169547741,13.351771336
E2,WalkingWithDog_v_WalkingWithDog_g03_c01,WalkingWithDog,Shifted-RAT-fusion,shifted_rat_fusion_r3_c4,42,30,3,4,216.183615175,8.000000000,0.000100000,0.118011119,0.112369345,0.111061285,13.185325704,13.389271116
E2,WalkingWithDog_v_WalkingWithDog_g03_c01,WalkingWithDog,VideoMAE-only,videomae_only,42,30,,,216.183615175,8.000000000,0.000100000,0.309138611,0.264925654,0.271582160,12.994435937,13.153672728
E2,WalkingWithDog_v_WalkingWithDog_g03_c01,WalkingWithDog,RAT+traj,rat_traj,42,40,,,249.627336832,8.000000000,0.000100000,0.254090381,0.247119903,0.250149878,11.924232331,12.061234418
E2,WalkingWithDog_v_WalkingWithDog_g03_c01,WalkingWithDog,Motion-reference,motion_reference,42,40,,,249.627336832,8.000000000,0.000100000,0.763504522,0.724573998,0.753428546,12.122514515,12.285764372
E2,WalkingWithDog_v_WalkingWithDog_g03_c01,WalkingWithDog,Random,random,42,40,,,249.627336832,8.000000000,0.000100000,0.201660788,0.193231514,0.192393483,11.950930062,12.102174748
E2,WalkingWithDog_v_WalkingWithDog_g03_c01,WalkingWithDog,Shifted-RAT+traj,shifted_rat_traj_r3_c4,42,40,3,4,249.627336832,8.000000000,0.000100000,0.139324735,0.136295320,0.134610390,11.904944856,12.059637719
E2,WalkingWithDog_v_WalkingWithDog_g03_c01,WalkingWithDog,RAT-fusion,rat_fusion,42,40,,,249.627336832,8.000000000,0.000100000,0.253342045,0.244948246,0.247812562,11.944080992,12.085050381
E2,WalkingWithDog_v_WalkingWithDog_g03_c01,WalkingWithDog,Shifted-RAT-fusion,shifted_rat_fusion_r3_c4,42,40,3,4,249.627336832,8.000000000,0.000100000,0.165373352,0.157352007,0.156561193,11.951580259,12.112326403
E2,WalkingWithDog_v_WalkingWithDog_g03_c01,WalkingWithDog,VideoMAE-only,videomae_only,42,40,,,249.627336832,8.000000000,0.000100000,0.372749070,0.327831060,0.332948210,11.812184820,11.944565383
E2,WalkingWithDog_v_WalkingWithDog_g04_c01,WalkingWithDog,RAT+traj,rat_traj,42,10,,,77.695882012,8.000000000,0.000100000,0.224680753,0.210825194,0.219272726,17.406904350,17.945744787
E2,WalkingWithDog_v_WalkingWithDog_g04_c01,WalkingWithDog,Motion-reference,motion_reference,42,10,,,77.695882012,8.000000000,0.000100000,0.681408659,0.600436771,0.667937418,17.452832505,17.997600637
E2,WalkingWithDog_v_WalkingWithDog_g04_c01,WalkingWithDog,Random,random,42,10,,,77.695882012,8.000000000,0.000100000,0.049464061,0.054162406,0.042189522,17.116665602,17.556540545
E2,WalkingWithDog_v_WalkingWithDog_g04_c01,WalkingWithDog,Shifted-RAT+traj,shifted_rat_traj_r3_c4,42,10,3,4,77.695882012,8.000000000,0.000100000,0.044195651,0.050488365,0.037486907,16.998030495,17.415933516
E2,WalkingWithDog_v_WalkingWithDog_g04_c01,WalkingWithDog,RAT-fusion,rat_fusion,42,10,,,77.695882012,8.000000000,0.000100000,0.177728215,0.172155014,0.173869744,17.385928872,17.909700398
E2,WalkingWithDog_v_WalkingWithDog_g04_c01,WalkingWithDog,Shifted-RAT-fusion,shifted_rat_fusion_r3_c4,42,10,3,4,77.695882012,8.000000000,0.000100000,0.033416224,0.043152125,0.028939267,17.040616114,17.459815551
E2,WalkingWithDog_v_WalkingWithDog_g04_c01,WalkingWithDog,VideoMAE-only,videomae_only,42,10,,,77.695882012,8.000000000,0.000100000,0.000000000,0.014945246,0.000498686,16.137075961,16.534047329
E2,WalkingWithDog_v_WalkingWithDog_g04_c01,WalkingWithDog,RAT+traj,rat_traj,42,20,,,109.878570081,8.000000000,0.000100000,0.291130018,0.276990853,0.276399213,14.454778698,14.748658114
E2,WalkingWithDog_v_WalkingWithDog_g04_c01,WalkingWithDog,Motion-reference,motion_reference,42,20,,,109.878570081,8.000000000,0.000100000,0.729076368,0.700942600,0.729084966,14.611193818,14.913902750
E2,WalkingWithDog_v_WalkingWithDog_g04_c01,WalkingWithDog,Random,random,42,20,,,109.878570081,8.000000000,0.000100000,0.099049297,0.099312237,0.090286462,14.213636409,14.431676624
E2,WalkingWithDog_v_WalkingWithDog_g04_c01,WalkingWithDog,Shifted-RAT+traj,shifted_rat_traj_r3_c4,42,20,3,4,109.878570081,8.000000000,0.000100000,0.088613378,0.085144687,0.073200385,14.008120861,14.204445025
E2,WalkingWithDog_v_WalkingWithDog_g04_c01,WalkingWithDog,RAT-fusion,rat_fusion,42,20,,,109.878570081,8.000000000,0.000100000,0.261166886,0.256200944,0.253564148,14.560868169,14.842385988
E2,WalkingWithDog_v_WalkingWithDog_g04_c01,WalkingWithDog,Shifted-RAT-fusion,shifted_rat_fusion_r3_c4,42,20,3,4,109.878570081,8.000000000,0.000100000,0.067036301,0.072318827,0.059737682,14.071063323,14.269105198
E2,WalkingWithDog_v_WalkingWithDog_g04_c01,WalkingWithDog,VideoMAE-only,videomae_only,42,20,,,109.878570081,8.000000000,0.000100000,0.007697279,0.019740832,0.006025773,13.454607292,13.687217272
E2,WalkingWithDog_v_WalkingWithDog_g04_c01,WalkingWithDog,RAT+traj,rat_traj,42,30,,,134.573215183,8.000000000,0.000100000,0.364650175,0.348782242,0.344797098,12.737139908,12.946127985
E2,WalkingWithDog_v_WalkingWithDog_g04_c01,WalkingWithDog,Motion-reference,motion_reference,42,30,,,134.573215183,8.000000000,0.000100000,0.799169187,0.784516190,0.798580362,12.867930402,13.073882126
E2,WalkingWithDog_v_WalkingWithDog_g04_c01,WalkingWithDog,Random,random,42,30,,,134.573215183,8.000000000,0.000100000,0.144625562,0.141905186,0.131138181,12.503652795,12.643525363
E2,WalkingWithDog_v_WalkingWithDog_g04_c01,WalkingWithDog,Shifted-RAT+traj,shifted_rat_traj_r3_c4,42,30,3,4,134.573215183,8.000000000,0.000100000,0.138796144,0.136031282,0.124961573,12.296366470,12.419108201
E2,WalkingWithDog_v_WalkingWithDog_g04_c01,WalkingWithDog,RAT-fusion,rat_fusion,42,30,,,134.573215183,8.000000000,0.000100000,0.367928594,0.363234218,0.359118403,12.857426883,13.051403127
E2,WalkingWithDog_v_WalkingWithDog_g04_c01,WalkingWithDog,Shifted-RAT-fusion,shifted_rat_fusion_r3_c4,42,30,3,4,134.573215183,8.000000000,0.000100000,0.113287065,0.114842593,0.102670089,12.383658992,12.510678971
E2,WalkingWithDog_v_WalkingWithDog_g04_c01,WalkingWithDog,VideoMAE-only,videomae_only,42,30,,,134.573215183,8.000000000,0.000100000,0.018136984,0.029228901,0.014703089,12.012699443,12.162330088
E2,WalkingWithDog_v_WalkingWithDog_g04_c01,WalkingWithDog,RAT+traj,rat_traj,42,40,,,155.391764023,8.000000000,0.000100000,0.459738056,0.439945058,0.437038913,11.470464973,11.626395639
E2,WalkingWithDog_v_WalkingWithDog_g04_c01,WalkingWithDog,Motion-reference,motion_reference,42,40,,,155.391764023,8.000000000,0.000100000,0.842623882,0.833962053,0.842475370,11.684632456,11.845943376
E2,WalkingWithDog_v_WalkingWithDog_g04_c01,WalkingWithDog,Random,random,42,40,,,155.391764023,8.000000000,0.000100000,0.192481957,0.183879777,0.173927914,11.269255223,11.368719241
E2,WalkingWithDog_v_WalkingWithDog_g04_c01,WalkingWithDog,Shifted-RAT+traj,shifted_rat_traj_r3_c4,42,40,3,4,155.391764023,8.000000000,0.000100000,0.183923910,0.179017958,0.169138724,11.125403426,11.205306406
E2,WalkingWithDog_v_WalkingWithDog_g04_c01,WalkingWithDog,RAT-fusion,rat_fusion,42,40,,,155.391764023,8.000000000,0.000100000,0.460748963,0.457648856,0.454484676,11.643700123,11.787236943
E2,WalkingWithDog_v_WalkingWithDog_g04_c01,WalkingWithDog,Shifted-RAT-fusion,shifted_rat_fusion_r3_c4,42,40,3,4,155.391764023,8.000000000,0.000100000,0.155366658,0.152216108,0.141424242,11.223974566,11.311455705
E2,WalkingWithDog_v_WalkingWithDog_g04_c01,WalkingWithDog,VideoMAE-only,videomae_only,42,40,,,155.391764023,8.000000000,0.000100000,0.025433942,0.034812475,0.021142033,11.052986464,11.157171915
