experiment,video_id,class,policy,seed,top_k,sigma,input_video,backend_input_video,score_maps,output_video,report
E2,BalanceBeam_v_BalanceBeam_g01_c01,BalanceBeam,RAT+traj,42,10,90.076506323,data/ucf101_rescue/UCF-101/BalanceBeam/v_BalanceBeam_g01_c01.avi,data/backend_inputs/BalanceBeam_v_BalanceBeam_g01_c01/seed_42/rat_dp/rat_intermediate_merged.mp4,,,
E2,BalanceBeam_v_BalanceBeam_g01_c01,BalanceBeam,Motion-reference,42,10,90.076506323,data/ucf101_rescue/UCF-101/BalanceBeam/v_BalanceBeam_g01_c01.avi,data/backend_inputs/BalanceBeam_v_BalanceBeam_g01_c01/seed_42/rat_dp/rat_intermediate_merged.mp4,,,
E2,BalanceBeam_v_BalanceBeam_g01_c01,BalanceBeam,Random,42,10,90.076506323,data/ucf101_rescue/UCF-101/BalanceBeam/v_BalanceBeam_g01_c01.avi,data/backend_inputs/BalanceBeam_v_BalanceBeam_g01_c01/seed_42/rat_dp/rat_intermediate_merged.mp4,,,
E2,BalanceBeam_v_BalanceBeam_g01_c01,BalanceBeam,Shifted-RAT+traj,42,10,90.076506323,data/ucf101_rescue/UCF-101/BalanceBeam/v_BalanceBeam_g01_c01.avi,data/backend_inputs/BalanceBeam_v_BalanceBeam_g01_c01/seed_42/rat_dp/rat_intermediate_merged.mp4,,,
E2,BalanceBeam_v_BalanceBeam_g01_c01,BalanceBeam,RAT-fusion,42,10,90.076506323,data/ucf101_rescue/UCF-101/BalanceBeam/v_BalanceBeam_g01_c01.avi,data/backend_inputs/BalanceBeam_v_BalanceBeam_g01_c01/seed_42/rat_dp/rat_intermediate_merged.mp4,,,
E2,BalanceBeam_v_BalanceBeam_g01_c01,BalanceBeam,Shifted-RAT-fusion,42,10,90.076506323,data/ucf101_rescue/UCF-101/BalanceBeam/v_BalanceBeam_g01_c01.avi,data/backend_inputs/BalanceBeam_v_BalanceBeam_g01_c01/seed_42/rat_dp/rat_intermediate_merged.mp4,,,
E2,BalanceBeam_v_BalanceBeam_g01_c01,BalanceBeam,VideoMAE-only,42,10,90.076506323,data/ucf101_rescue/UCF-101/BalanceBeam/v_BalanceBeam_g01_c01.avi,data/backend_inputs/BalanceBeam_v_BalanceBeam_g01_c01/seed_42/rat_dp/rat_intermediate_merged.mp4,,,
E2,BalanceBeam_v_BalanceBeam_g01_c01,BalanceBeam,RAT+traj,42,20,127.387416893,data/ucf101_rescue/UCF-101/BalanceBeam/v_BalanceBeam_g01_c01.avi,data/backend_inputs/BalanceBeam_v_BalanceBeam_g01_c01/seed_42/rat_dp/rat_intermediate_merged.mp4,,,
E2,BalanceBeam_v_BalanceBeam_g01_c01,BalanceBeam,Motion-reference,42,20,127.387416893,data/ucf101_rescue/UCF-101/BalanceBeam/v_BalanceBeam_g01_c01.avi,data/backend_inputs/BalanceBeam_v_BalanceBeam_g01_c01/seed_42/rat_dp/rat_intermediate_merged.mp4,,,
E2,BalanceBeam_v_BalanceBeam_g01_c01,BalanceBeam,Random,42,20,127.387416893,data/ucf101_rescue/UCF-101/BalanceBeam/v_BalanceBeam_g01_c01.avi,data/backend_inputs/BalanceBeam_v_BalanceBeam_g01_c01/seed_42/rat_dp/rat_intermediate_merged.mp4,,,
E2,BalanceBeam_v_BalanceBeam_g01_c01,BalanceBeam,Shifted-RAT+traj,42,20,127.387416893,data/ucf101_rescue/UCF-101/BalanceBeam/v_BalanceBeam_g01_c01.avi,data/backend_inputs/BalanceBeam_v_BalanceBeam_g01_c01/seed_42/rat_dp/rat_intermediate_merged.mp4,,,
E2,BalanceBeam_v_BalanceBeam_g01_c01,BalanceBeam,RAT-fusion,42,20,127.387416893,data/ucf101_rescue/UCF-101/BalanceBeam/v_BalanceBeam_g01_c01.avi,data/backend_inputs/BalanceBeam_v_BalanceBeam_g01_c01/seed_42/rat_dp/rat_intermediate_merged.mp4,,,
E2,BalanceBeam_v_BalanceBeam_g01_c01,BalanceBeam,Shifted-RAT-fusion,42,20,127.387416893,data/ucf101_rescue/UCF-101/BalanceBeam/v_BalanceBeam_g01_c01.avi,data/backend_inputs/BalanceBeam_v_BalanceBeam_g01_c01/seed_42/rat_dp/rat_intermediate_merged.mp4,,,
E2,BalanceBeam_v_BalanceBeam_g01_c01,BalanceBeam,VideoMAE-only,42,20,127.387416893,data/ucf101_rescue/UCF-101/BalanceBeam/v_BalanceBeam_g01_c01.avi,data/backend_inputs/BalanceBeam_v_BalanceBeam_g01_c01/seed_42/rat_dp/rat_intermediate_merged.mp4,,,
E2,BalanceBeam_v_BalanceBeam_g01_c01,BalanceBeam,RAT+traj,42,30,156.017085520,data/ucf101_rescue/UCF-101/BalanceBeam/v_BalanceBeam_g01_c01.avi,data/backend_inputs/BalanceBeam_v_BalanceBeam_g01_c01/seed_42/rat_dp/rat_intermediate_merged.mp4,,,
E2,BalanceBeam_v_BalanceBeam_g01_c01,BalanceBeam,Motion-reference,42,30,156.017085520,data/ucf101_rescue/UCF-101/BalanceBeam/v_BalanceBeam_g01_c01.avi,data/backend_inputs/BalanceBeam_v_BalanceBeam_g01_c01/seed_42/rat_dp/rat_intermediate_merged.mp4,,,
E2,BalanceBeam_v_BalanceBeam_g01_c01,BalanceBeam,Random,42,30,156.017085520,data/ucf101_rescue/UCF-101/BalanceBeam/v_BalanceBeam_g01_c01.avi,data/backend_inputs/BalanceBeam_v_BalanceBeam_g01_c01/seed_42/rat_dp/rat_intermediate_merged.mp4,,,
E2,BalanceBeam_v_BalanceBeam_g01_c01,BalanceBeam,Shifted-RAT+traj,42,30,156.017085520,data/ucf101_rescue/UCF-101/BalanceBeam/v_BalanceBeam_g01_c01.avi,data/backend_inputs/BalanceBeam_v_BalanceBeam_g01_c01/seed_42/rat_dp/rat_intermediate_merged.mp4,,,
E2,BalanceBeam_v_BalanceBeam_g01_c01,BalanceBeam,RAT-fusion,42,30,156.017085520,data/ucf101_rescue/UCF-101/BalanceBeam/v_BalanceBeam_g01_c01.avi,data/backend_inputs/BalanceBeam_v_BalanceBeam_g01_c01/seed_42/rat_dp/rat_intermediate_merged.mp4,,,
E2,BalanceBeam_v_BalanceBeam_g01_c01,BalanceBeam,Shifted-RAT-fusion,42,30,156.017085520,data/ucf101_rescue/UCF-101/BalanceBeam/v_BalanceBeam_g01_c01.avi,data/backend_inputs/BalanceBeam_v_BalanceBeam_g01_c01/seed_42/rat_dp/rat_intermediate_merged.mp4,,,
E2,BalanceBeam_v_BalanceBeam_g01_c01,BalanceBeam,VideoMAE-only,42,30,156.017085520,data/ucf101_rescue/UCF-101/BalanceBeam/v_BalanceBeam_g01_c01.avi,data/backend_inputs/BalanceBeam_v_BalanceBeam_g01_c01/seed_42/rat_dp/rat_intermediate_merged.mp4,,,
E2,BalanceBeam_v_BalanceBeam_g01_c01,BalanceBeam,RAT+traj,42,40,180.153012646,data/ucf101_rescue/UCF-101/BalanceBeam/v_BalanceBeam_g01_c01.avi,data/backend_inputs/BalanceBeam_v_BalanceBeam_g01_c01/seed_42/rat_dp/rat_intermediate_merged.mp4,,,
E2,BalanceBeam_v_BalanceBeam_g01_c01,BalanceBeam,Motion-reference,42,40,180.153012646,data/ucf101_rescue/UCF-101/BalanceBeam/v_BalanceBeam_g01_c01.avi,data/backend_inputs/BalanceBeam_v_BalanceBeam_g01_c01/seed_42/rat_dp/rat_intermediate_merged.mp4,,,
E2,BalanceBeam_v_BalanceBeam_g01_c01,BalanceBeam,Random,42,40,180.153012646,data/ucf101_rescue/UCF-101/BalanceBeam/v_BalanceBeam_g01_c01.avi,data/backend_inputs/BalanceBeam_v_BalanceBeam_g01_c01/seed_42/rat_dp/rat_intermediate_merged.mp4,,,
E2,BalanceBeam_v_BalanceBeam_g01_c01,BalanceBeam,Shifted-RAT+traj,42,40,180.153012646,data/ucf101_rescue/UCF-101/BalanceBeam/v_BalanceBeam_g01_c01.avi,data/backend_inputs/BalanceBeam_v_BalanceBeam_g01_c01/seed_42/rat_dp/rat_intermediate_merged.mp4,,,
E2,BalanceBeam_v_BalanceBeam_g01_c01,BalanceBeam,RAT-fusion,42,40,180.153012646,data/ucf101_rescue/UCF-101/BalanceBeam/v_BalanceBeam_g01_c01.avi,data/backend_inputs/BalanceBeam_v_BalanceBeam_g01_c01/seed_42/rat_dp/rat_intermediate_merged.mp4,,,
E2,BalanceBeam_v_BalanceBeam_g01_c01,BalanceBeam,Shifted-RAT-fusion,42,40,180.153012646,data/ucf101_rescue/UCF-101/BalanceBeam/v_BalanceBeam_g01_c01.avi,data/backend_inputs/BalanceBeam_v_BalanceBeam_g01_c01/seed_42/rat_dp/rat_intermediate_merged.mp4,,,
E2,BalanceBeam_v_BalanceBeam_g01_c01,BalanceBeam,VideoMAE-only,42,40,180.153012646,data/ucf101_rescue/UCF-101/BalanceBeam/v_BalanceBeam_g01_c01.avi,data/backend_inputs/BalanceBeam_v_BalanceBeam_g01_c01/seed_42/rat_dp/rat_intermediate_merged.mp4,,,
E2,BalanceBeam_v_BalanceBeam_g02_c01,BalanceBeam,RAT+traj,42,10,72.956409632,data/ucf101_rescue/UCF-101/BalanceBeam/v_BalanceBeam_g02_c01.avi,data/backend_inputs/BalanceBeam_v_BalanceBeam_g02_c01/seed_42/rat_dp/rat_intermediate_merged.mp4,,,
E2,BalanceBeam_v_BalanceBeam_g02_c01,BalanceBeam,Motion-reference,42,10,72.956409632,data/ucf101_rescue/UCF-101/BalanceBeam/v_BalanceBeam_g02_c01.avi,data/backend_inputs/BalanceBeam_v_BalanceBeam_g02_c01/seed_42/rat_dp/rat_intermediate_merged.mp4,,,
E2,BalanceBeam_v_BalanceBeam_g02_c01,BalanceBeam,Random,42,10,72.956409632,data/ucf101_rescue/UCF-101/BalanceBeam/v_BalanceBeam_g02_c01.avi,data/backend_inputs/BalanceBeam_v_BalanceBeam_g02_c01/seed_42/rat_dp/rat_intermediate_merged.mp4,,,
E2,BalanceBeam_v_BalanceBeam_g02_c01,BalanceBeam,Shifted-RAT+traj,42,10,72.956409632,data/ucf101_rescue/UCF-101/BalanceBeam/v_BalanceBeam_g02_c01.avi,data/backend_inputs/BalanceBeam_v_BalanceBeam_g02_c01/seed_42/rat_dp/rat_intermediate_merged.mp4,,,
E2,BalanceBeam_v_BalanceBeam_g02_c01,BalanceBeam,RAT-fusion,42,10,72.956409632,data/ucf101_rescue/UCF-101/BalanceBeam/v_BalanceBeam_g02_c01.avi,data/backend_inputs/BalanceBeam_v_BalanceBeam_g02_c01/seed_42/rat_dp/rat_intermediate_merged.mp4,,,
E2,BalanceBeam_v_BalanceBeam_g02_c01,BalanceBeam,Shifted-RAT-fusion,42,10,72.956409632,data/ucf101_rescue/UCF-101/BalanceBeam/v_BalanceBeam_g02_c01.avi,data/backend_inputs/BalanceBeam_v_BalanceBeam_g02_c01/seed_42/rat_dp/rat_intermediate_merged.mp4,,,
E2,BalanceBeam_v_BalanceBeam_g02_c01,BalanceBeam,VideoMAE-only,42,10,72.956409632,data/ucf101_rescue/UCF-101/BalanceBeam/v_BalanceBeam_g02_c01.avi,data/backend_inputs/BalanceBeam_v_BalanceBeam_g02_c01/seed_42/rat_dp/rat_intermediate_merged.mp4,,,
E2,BalanceBeam_v_BalanceBeam_g02_c01,BalanceBeam,RAT+traj,42,20,103.175943963,data/ucf101_rescue/UCF-101/BalanceBeam/v_BalanceBeam_g02_c01.avi,data/backend_inputs/BalanceBeam_v_BalanceBeam_g02_c01/seed_42/rat_dp/rat_intermediate_merged.mp4,,,
E2,BalanceBeam_v_BalanceBeam_g02_c01,BalanceBeam,Motion-reference,42,20,103.175943963,data/ucf101_rescue/UCF-101/BalanceBeam/v_BalanceBeam_g02_c01.avi,data/backend_inputs/BalanceBeam_v_BalanceBeam_g02_c01/seed_42/rat_dp/rat_intermediate_merged.mp4,,,
E2,BalanceBeam_v_BalanceBeam_g02_c01,BalanceBeam,Random,42,20,103.175943963,data/ucf101_rescue/UCF-101/BalanceBeam/v_BalanceBeam_g02_c01.avi,data/backend_inputs/BalanceBeam_v_BalanceBeam_g02_c01/seed_42/rat_dp/rat_intermediate_merged.mp4,,,
E2,BalanceBeam_v_BalanceBeam_g02_c01,BalanceBeam,Shifted-RAT+traj,42,20,103.175943963,data/ucf101_rescue/UCF-101/BalanceBeam/v_BalanceBeam_g02_c01.avi,data/backend_inputs/BalanceBeam_v_BalanceBeam_g02_c01/seed_42/rat_dp/rat_intermediate_merged.mp4,,,
E2,BalanceBeam_v_BalanceBeam_g02_c01,BalanceBeam,RAT-fusion,42,20,103.175943963,data/ucf101_rescue/UCF-101/BalanceBeam/v_BalanceBeam_g02_c01.avi,data/backend_inputs/BalanceBeam_v_BalanceBeam_g02_c01/seed_42/rat_dp/rat_intermediate_merged.mp4,,,
E2,BalanceBeam_v_BalanceBeam_g02_c01,BalanceBeam,Shifted-RAT-fusion,42,20,103.175943963,data/ucf101_rescue/UCF-101/BalanceBeam/v_BalanceBeam_g02_c01.avi,data/backend_inputs/BalanceBeam_v_BalanceBeam_g02_c01/seed_42/rat_dp/rat_intermediate_merged.mp4,,,
E2,BalanceBeam_v_BalanceBeam_g02_c01,BalanceBeam,VideoMAE-only,42,20,103.175943963,data/ucf101_rescue/UCF-101/BalanceBeam/v_BalanceBeam_g02_c01.avi,data/backend_inputs/BalanceBeam_v_BalanceBeam_g02_c01/seed_42/rat_dp/rat_intermediate_merged.mp4,,,
E2,BalanceBeam_v_BalanceBeam_g02_c01,BalanceBeam,RAT+traj,42,30,126.364208220,data/ucf101_rescue/UCF-101/BalanceBeam/v_BalanceBeam_g02_c01.avi,data/backend_inputs/BalanceBeam_v_BalanceBeam_g02_c01/seed_42/rat_dp/rat_intermediate_merged.mp4,,,
E2,BalanceBeam_v_BalanceBeam_g02_c01,BalanceBeam,Motion-reference,42,30,126.364208220,data/ucf101_rescue/UCF-101/BalanceBeam/v_BalanceBeam_g02_c01.avi,data/backend_inputs/BalanceBeam_v_BalanceBeam_g02_c01/seed_42/rat_dp/rat_intermediate_merged.mp4,,,
E2,BalanceBeam_v_BalanceBeam_g02_c01,BalanceBeam,Random,42,30,126.364208220,data/ucf101_rescue/UCF-101/BalanceBeam/v_BalanceBeam_g02_c01.avi,data/backend_inputs/BalanceBeam_v_BalanceBeam_g02_c01/seed_42/rat_dp/rat_intermediate_merged.mp4,,,
E2,BalanceBeam_v_BalanceBeam_g02_c01,BalanceBeam,Shifted-RAT+traj,42,30,126.364208220,data/ucf101_rescue/UCF-101/BalanceBeam/v_BalanceBeam_g02_c01.avi,data/backend_inputs/BalanceBeam_v_BalanceBeam_g02_c01/seed_42/rat_dp/rat_intermediate_merged.mp4,,,
E2,BalanceBeam_v_BalanceBeam_g02_c01,BalanceBeam,RAT-fusion,42,30,126.364208220,data/ucf101_rescue/UCF-101/BalanceBeam/v_BalanceBeam_g02_c01.avi,data/backend_inputs/BalanceBeam_v_BalanceBeam_g02_c01/seed_42/rat_dp/rat_intermediate_merged.mp4,,,
E2,BalanceBeam_v_BalanceBeam_g02_c01,BalanceBeam,Shifted-RAT-fusion,42,30,126.364208220,data/ucf101_rescue/UCF-101/BalanceBeam/v_BalanceBeam_g02_c01.avi,data/backend_inputs/BalanceBeam_v_BalanceBeam_g02_c01/seed_42/rat_dp/rat_intermediate_merged.mp4,,,
E2,BalanceBeam_v_BalanceBeam_g02_c01,BalanceBeam,VideoMAE-only,42,30,126.364208220,data/ucf101_rescue/UCF-101/BalanceBeam/v_BalanceBeam_g02_c01.avi,data/backend_inputs/BalanceBeam_v_BalanceBeam_g02_c01/seed_42/rat_dp/rat_intermediate_merged.mp4,,,
E2,BalanceBeam_v_BalanceBeam_g02_c01,BalanceBeam,RAT+traj,42,40,145.912819263,data/ucf101_rescue/UCF-101/BalanceBeam/v_BalanceBeam_g02_c01.avi,data/backend_inputs/BalanceBeam_v_BalanceBeam_g02_c01/seed_42/rat_dp/rat_intermediate_merged.mp4,,,
E2,BalanceBeam_v_BalanceBeam_g02_c01,BalanceBeam,Motion-reference,42,40,145.912819263,data/ucf101_rescue/UCF-101/BalanceBeam/v_BalanceBeam_g02_c01.avi,data/backend_inputs/BalanceBeam_v_BalanceBeam_g02_c01/seed_42/rat_dp/rat_intermediate_merged.mp4,,,
E2,BalanceBeam_v_BalanceBeam_g02_c01,BalanceBeam,Random,42,40,145.912819263,data/ucf101_rescue/UCF-101/BalanceBeam/v_BalanceBeam_g02_c01.avi,data/backend_inputs/BalanceBeam_v_BalanceBeam_g02_c01/seed_42/rat_dp/rat_intermediate_merged.mp4,,,
E2,BalanceBeam_v_BalanceBeam_g02_c01,BalanceBeam,Shifted-RAT+traj,42,40,145.912819263,data/ucf101_rescue/UCF-101/BalanceBeam/v_BalanceBeam_g02_c01.avi,data/backend_inputs/BalanceBeam_v_BalanceBeam_g02_c01/seed_42/rat_dp/rat_intermediate_merged.mp4,,,
E2,BalanceBeam_v_BalanceBeam_g02_c01,BalanceBeam,RAT-fusion,42,40,145.912819263,data/ucf101_rescue/UCF-101/BalanceBeam/v_BalanceBeam_g02_c01.avi,data/backend_inputs/BalanceBeam_v_BalanceBeam_g02_c01/seed_42/rat_dp/rat_intermediate_merged.mp4,,,
E2,BalanceBeam_v_BalanceBeam_g02_c01,BalanceBeam,Shifted-RAT-fusion,42,40,145.912819263,data/ucf101_rescue/UCF-101/BalanceBeam/v_BalanceBeam_g02_c01.avi,data/backend_inputs/BalanceBeam_v_BalanceBeam_g02_c01/seed_42/rat_dp/rat_intermediate_merged.mp4,,,
E2,BalanceBeam_v_BalanceBeam_g02_c01,BalanceBeam,VideoMAE-only,42,40,145.912819263,data/ucf101_rescue/UCF-101/BalanceBeam/v_BalanceBeam_g02_c01.avi,data/backend_inputs/BalanceBeam_v_BalanceBeam_g02_c01/seed_42/rat_dp/rat_intermediate_merged.mp4,,,
E2,BalanceBeam_v_BalanceBeam_g03_c01,BalanceBeam,RAT+traj,42,10,113.080999900,data/ucf101_rescue/UCF-101/BalanceBeam/v_BalanceBeam_g03_c01.avi,data/backend_inputs/BalanceBeam_v_BalanceBeam_g03_c01/seed_42/rat_dp/rat_intermediate_merged.mp4,,,
E2,BalanceBeam_v_BalanceBeam_g03_c01,BalanceBeam,Motion-reference,42,10,113.080999900,data/ucf101_rescue/UCF-101/BalanceBeam/v_BalanceBeam_g03_c01.avi,data/backend_inputs/BalanceBeam_v_BalanceBeam_g03_c01/seed_42/rat_dp/rat_intermediate_merged.mp4,,,
E2,BalanceBeam_v_BalanceBeam_g03_c01,BalanceBeam,Random,42,10,113.080999900,data/ucf101_rescue/UCF-101/BalanceBeam/v_BalanceBeam_g03_c01.avi,data/backend_inputs/BalanceBeam_v_BalanceBeam_g03_c01/seed_42/rat_dp/rat_intermediate_merged.mp4,,,
E2,BalanceBeam_v_BalanceBeam_g03_c01,BalanceBeam,Shifted-RAT+traj,42,10,113.080999900,data/ucf101_rescue/UCF-101/BalanceBeam/v_BalanceBeam_g03_c01.avi,data/backend_inputs/BalanceBeam_v_BalanceBeam_g03_c01/seed_42/rat_dp/rat_intermediate_merged.mp4,,,
E2,BalanceBeam_v_BalanceBeam_g03_c01,BalanceBeam,RAT-fusion,42,10,113.080999900,data/ucf101_rescue/UCF-101/BalanceBeam/v_BalanceBeam_g03_c01.avi,data/backend_inputs/BalanceBeam_v_BalanceBeam_g03_c01/seed_42/rat_dp/rat_intermediate_merged.mp4,,,
E2,BalanceBeam_v_BalanceBeam_g03_c01,BalanceBeam,Shifted-RAT-fusion,42,10,113.080999900,data/ucf101_rescue/UCF-101/BalanceBeam/v_BalanceBeam_g03_c01.avi,data/backend_inputs/BalanceBeam_v_BalanceBeam_g03_c01/seed_42/rat_dp/rat_intermediate_merged.mp4,,,
E2,BalanceBeam_v_BalanceBeam_g03_c01,BalanceBeam,VideoMAE-only,42,10,113.080999900,data/ucf101_rescue/UCF-101/BalanceBeam/v_BalanceBeam_g03_c01.avi,data/backend_inputs/BalanceBeam_v_BalanceBeam_g03_c01/seed_42/rat_dp/rat_intermediate_merged.mp4,,,
E2,BalanceBeam_v_BalanceBeam_g03_c01,BalanceBeam,RAT+traj,42,20,159.920683705,data/ucf101_rescue/UCF-101/BalanceBeam/v_BalanceBeam_g03_c01.avi,data/backend_inputs/BalanceBeam_v_BalanceBeam_g03_c01/seed_42/rat_dp/rat_intermediate_merged.mp4,,,
E2,BalanceBeam_v_BalanceBeam_g03_c01,BalanceBeam,Motion-reference,42,20,159.920683705,data/ucf101_rescue/UCF-101/BalanceBeam/v_BalanceBeam_g03_c01.avi,data/backend_inputs/BalanceBeam_v_BalanceBeam_g03_c01/seed_42/rat_dp/rat_intermediate_merged.mp4,,,
E2,BalanceBeam_v_BalanceBeam_g03_c01,BalanceBeam,Random,42,20,159.920683705,data/ucf101_rescue/UCF-101/BalanceBeam/v_BalanceBeam_g03_c01.avi,data/backend_inputs/BalanceBeam_v_BalanceBeam_g03_c01/seed_42/rat_dp/rat_intermediate_merged.mp4,,,
E2,BalanceBeam_v_BalanceBeam_g03_c01,BalanceBeam,Shifted-RAT+traj,42,20,159.920683705,data/ucf101_rescue/UCF-101/BalanceBeam/v_BalanceBeam_g03_c01.avi,data/backend_inputs/BalanceBeam_v_BalanceBeam_g03_c01/seed_42/rat_dp/rat_intermediate_merged.mp4,,,
E2,BalanceBeam_v_BalanceBeam_g03_c01,BalanceBeam,RAT-fusion,42,20,159.920683705,data/ucf101_rescue/UCF-101/BalanceBeam/v_BalanceBeam_g03_c01.avi,data/backend_inputs/BalanceBeam_v_BalanceBeam_g03_c01/seed_42/rat_dp/rat_intermediate_merged.mp4,,,
E2,BalanceBeam_v_BalanceBeam_g03_c01,BalanceBeam,Shifted-RAT-fusion,42,20,159.920683705,data/ucf101_rescue/UCF-101/BalanceBeam/v_BalanceBeam_g03_c01.avi,data/backend_inputs/BalanceBeam_v_BalanceBeam_g03_c01/seed_42/rat_dp/rat_intermediate_merged.mp4,,,
E2,BalanceBeam_v_BalanceBeam_g03_c01,BalanceBeam,VideoMAE-only,42,20,159.920683705,data/ucf101_rescue/UCF-101/BalanceBeam/v_BalanceBeam_g03_c01.avi,data/backend_inputs/BalanceBeam_v_BalanceBeam_g03_c01/seed_42/rat_dp/rat_intermediate_merged.mp4,,,
E2,BalanceBeam_v_BalanceBeam_g03_c01,BalanceBeam,RAT+traj,42,30,195.862037198,data/ucf101_rescue/UCF-101/BalanceBeam/v_BalanceBeam_g03_c01.avi,data/backend_inputs/BalanceBeam_v_BalanceBeam_g03_c01/seed_42/rat_dp/rat_intermediate_merged.mp4,,,
E2,BalanceBeam_v_BalanceBeam_g03_c01,BalanceBeam,Motion-reference,42,30,195.862037198,data/ucf101_rescue/UCF-101/BalanceBeam/v_BalanceBeam_g03_c01.avi,data/backend_inputs/BalanceBeam_v_BalanceBeam_g03_c01/seed_42/rat_dp/rat_intermediate_merged.mp4,,,
E2,BalanceBeam_v_BalanceBeam_g03_c01,BalanceBeam,Random,42,30,195.862037198,data/ucf101_rescue/UCF-101/BalanceBeam/v_BalanceBeam_g03_c01.avi,data/backend_inputs/BalanceBeam_v_BalanceBeam_g03_c01/seed_42/rat_dp/rat_intermediate_merged.mp4,,,
E2,BalanceBeam_v_BalanceBeam_g03_c01,BalanceBeam,Shifted-RAT+traj,42,30,195.862037198,data/ucf101_rescue/UCF-101/BalanceBeam/v_BalanceBeam_g03_c01.avi,data/backend_inputs/BalanceBeam_v_BalanceBeam_g03_c01/seed_42/rat_dp/rat_intermediate_merged.mp4,,,
E2,BalanceBeam_v_BalanceBeam_g03_c01,BalanceBeam,RAT-fusion,42,30,195.862037198,data/ucf101_rescue/UCF-101/BalanceBeam/v_BalanceBeam_g03_c01.avi,data/backend_inputs/BalanceBeam_v_BalanceBeam_g03_c01/seed_42/rat_dp/rat_intermediate_merged.mp4,,,
E2,BalanceBeam_v_BalanceBeam_g03_c01,BalanceBeam,Shifted-RAT-fusion,42,30,195.862037198,data/ucf101_rescue/UCF-101/BalanceBeam/v_BalanceBeam_g03_c01.avi,data/backend_inputs/BalanceBeam_v_BalanceBeam_g03_c01/seed_42/rat_dp/rat_intermediate_merged.mp4,,,
E2,BalanceBeam_v_BalanceBeam_g03_c01,BalanceBeam,VideoMAE-only,42,30,195.862037198,data/ucf101_rescue/UCF-101/BalanceBeam/v_BalanceBeam_g03_c01.avi,data/backend_inputs/BalanceBeam_v_BalanceBeam_g03_c01/seed_42/rat_dp/rat_intermediate_merged.mp4,,,
E2,BalanceBeam_v_BalanceBeam_g03_c01,BalanceBeam,RAT+traj,42,40,226.161999800,data/ucf101_rescue/UCF-101/BalanceBeam/v_BalanceBeam_g03_c01.avi,data/backend_inputs/BalanceBeam_v_BalanceBeam_g03_c01/seed_42/rat_dp/rat_intermediate_merged.mp4,,,
E2,BalanceBeam_v_BalanceBeam_g03_c01,BalanceBeam,Motion-reference,42,40,226.161999800,data/ucf101_rescue/UCF-101/BalanceBeam/v_BalanceBeam_g03_c01.avi,data/backend_inputs/BalanceBeam_v_BalanceBeam_g03_c01/seed_42/rat_dp/rat_intermediate_merged.mp4,,,
E2,BalanceBeam_v_BalanceBeam_g03_c01,BalanceBeam,Random,42,40,226.161999800,data/ucf101_rescue/UCF-101/BalanceBeam/v_BalanceBeam_g03_c01.avi,data/backend_inputs/BalanceBeam_v_BalanceBeam_g03_c01/seed_42/rat_dp/rat_intermediate_merged.mp4,,,
E2,BalanceBeam_v_BalanceBeam_g03_c01,BalanceBeam,Shifted-RAT+traj,42,40,226.161999800,data/ucf101_rescue/UCF-101/BalanceBeam/v_BalanceBeam_g03_c01.avi,data/backend_inputs/BalanceBeam_v_BalanceBeam_g03_c01/seed_42/rat_dp/rat_intermediate_merged.mp4,,,
E2,BalanceBeam_v_BalanceBeam_g03_c01,BalanceBeam,RAT-fusion,42,40,226.161999800,data/ucf101_rescue/UCF-101/BalanceBeam/v_BalanceBeam_g03_c01.avi,data/backend_inputs/BalanceBeam_v_BalanceBeam_g03_c01/seed_42/rat_dp/rat_intermediate_merged.mp4,,,
E2,BalanceBeam_v_BalanceBeam_g03_c01,BalanceBeam,Shifted-RAT-fusion,42,40,226.161999800,data/ucf101_rescue/UCF-101/BalanceBeam/v_BalanceBeam_g03_c01.avi,data/backend_inputs/BalanceBeam_v_BalanceBeam_g03_c01/seed_42/rat_dp/rat_intermediate_merged.mp4,,,
E2,BalanceBeam_v_BalanceBeam_g03_c01,BalanceBeam,VideoMAE-only,42,40,226.161999800,data/ucf101_rescue/UCF-101/BalanceBeam/v_BalanceBeam_g03_c01.avi,data/backend_inputs/BalanceBeam_v_BalanceBeam_g03_c01/seed_42/rat_dp/rat_intermediate_merged.mp4,,,
E2,BalanceBeam_v_BalanceBeam_g10_c03,BalanceBeam,RAT+traj,42,10,82.556481713,data/ucf101_rescue/UCF-101/BalanceBeam/v_BalanceBeam_g10_c03.avi,data/backend_inputs/BalanceBeam_v_BalanceBeam_g10_c03/seed_42/rat_dp/rat_intermediate_merged.mp4,,,
E2,BalanceBeam_v_BalanceBeam_g10_c03,BalanceBeam,Motion-reference,42,10,82.556481713,data/ucf101_rescue/UCF-101/BalanceBeam/v_BalanceBeam_g10_c03.avi,data/backend_inputs/BalanceBeam_v_BalanceBeam_g10_c03/seed_42/rat_dp/rat_intermediate_merged.mp4,,,
E2,BalanceBeam_v_BalanceBeam_g10_c03,BalanceBeam,Random,42,10,82.556481713,data/ucf101_rescue/UCF-101/BalanceBeam/v_BalanceBeam_g10_c03.avi,data/backend_inputs/BalanceBeam_v_BalanceBeam_g10_c03/seed_42/rat_dp/rat_intermediate_merged.mp4,,,
E2,BalanceBeam_v_BalanceBeam_g10_c03,BalanceBeam,Shifted-RAT+traj,42,10,82.556481713,data/ucf101_rescue/UCF-101/BalanceBeam/v_BalanceBeam_g10_c03.avi,data/backend_inputs/BalanceBeam_v_BalanceBeam_g10_c03/seed_42/rat_dp/rat_intermediate_merged.mp4,,,
E2,BalanceBeam_v_BalanceBeam_g10_c03,BalanceBeam,RAT-fusion,42,10,82.556481713,data/ucf101_rescue/UCF-101/BalanceBeam/v_BalanceBeam_g10_c03.avi,data/backend_inputs/BalanceBeam_v_BalanceBeam_g10_c03/seed_42/rat_dp/rat_intermediate_merged.mp4,,,
E2,BalanceBeam_v_BalanceBeam_g10_c03,BalanceBeam,Shifted-RAT-fusion,42,10,82.556481713,data/ucf101_rescue/UCF-101/BalanceBeam/v_BalanceBeam_g10_c03.avi,data/backend_inputs/BalanceBeam_v_BalanceBeam_g10_c03/seed_42/rat_dp/rat_intermediate_merged.mp4,,,
E2,BalanceBeam_v_BalanceBeam_g10_c03,BalanceBeam,VideoMAE-only,42,10,82.556481713,data/ucf101_rescue/UCF-101/BalanceBeam/v_BalanceBeam_g10_c03.avi,data/backend_inputs/BalanceBeam_v_BalanceBeam_g10_c03/seed_42/rat_dp/rat_intermediate_merged.mp4,,,
E2,BalanceBeam_v_BalanceBeam_g10_c03,BalanceBeam,RAT+traj,42,20,116.752496100,data/ucf101_rescue/UCF-101/BalanceBeam/v_BalanceBeam_g10_c03.avi,data/backend_inputs/BalanceBeam_v_BalanceBeam_g10_c03/seed_42/rat_dp/rat_intermediate_merged.mp4,,,
E2,BalanceBeam_v_BalanceBeam_g10_c03,BalanceBeam,Motion-reference,42,20,116.752496100,data/ucf101_rescue/UCF-101/BalanceBeam/v_BalanceBeam_g10_c03.avi,data/backend_inputs/BalanceBeam_v_BalanceBeam_g10_c03/seed_42/rat_dp/rat_intermediate_merged.mp4,,,
E2,BalanceBeam_v_BalanceBeam_g10_c03,BalanceBeam,Random,42,20,116.752496100,data/ucf101_rescue/UCF-101/BalanceBeam/v_BalanceBeam_g10_c03.avi,data/backend_inputs/BalanceBeam_v_BalanceBeam_g10_c03/seed_42/rat_dp/rat_intermediate_merged.mp4,,,
E2,BalanceBeam_v_BalanceBeam_g10_c03,BalanceBeam,Shifted-RAT+traj,42,20,116.752496100,data/ucf101_rescue/UCF-101/BalanceBeam/v_BalanceBeam_g10_c03.avi,data/backend_inputs/BalanceBeam_v_BalanceBeam_g10_c03/seed_42/rat_dp/rat_intermediate_merged.mp4,,,
E2,BalanceBeam_v_BalanceBeam_g10_c03,BalanceBeam,RAT-fusion,42,20,116.752496100,data/ucf101_rescue/UCF-101/BalanceBeam/v_BalanceBeam_g10_c03.avi,data/backend_inputs/BalanceBeam_v_BalanceBeam_g10_c03/seed_42/rat_dp/rat_intermediate_merged.mp4,,,
E2,BalanceBeam_v_BalanceBeam_g10_c03,BalanceBeam,Shifted-RAT-fusion,42,20,116.752496100,data/ucf101_rescue/UCF-101/BalanceBeam/v_BalanceBeam_g10_c03.avi,data/backend_inputs/BalanceBeam_v_BalanceBeam_g10_c03/seed_42/rat_dp/rat_intermediate_merged.mp4,,,
E2,BalanceBeam_v_BalanceBeam_g10_c03,BalanceBeam,VideoMAE-only,42,20,116.752496100,data/ucf101_rescue/UCF-101/BalanceBeam/v_BalanceBeam_g10_c03.avi,data/backend_inputs/BalanceBeam_v_BalanceBeam_g10_c03/seed_42/rat_dp/rat_intermediate_merged.mp4,,,
E2,BalanceBeam_v_BalanceBeam_g10_c03,BalanceBeam,RAT+traj,42,30,142.992020820,data/ucf101_rescue/UCF-101/BalanceBeam/v_BalanceBeam_g10_c03.avi,data/backend_inputs/BalanceBeam_v_BalanceBeam_g10_c03/seed_42/rat_dp/rat_intermediate_merged.mp4,,,
E2,BalanceBeam_v_BalanceBeam_g10_c03,BalanceBeam,Motion-reference,42,30,142.992020820,data/ucf101_rescue/UCF-101/BalanceBeam/v_BalanceBeam_g10_c03.avi,data/backend_inputs/BalanceBeam_v_BalanceBeam_g10_c03/seed_42/rat_dp/rat_intermediate_merged.mp4,,,
E2,BalanceBeam_v_BalanceBeam_g10_c03,BalanceBeam,Random,42,30,142.992020820,data/ucf101_rescue/UCF-101/BalanceBeam/v_BalanceBeam_g10_c03.avi,data/backend_inputs/BalanceBeam_v_BalanceBeam_g10_c03/seed_42/rat_dp/rat_intermediate_merged.mp4,,,
E2,BalanceBeam_v_BalanceBeam_g10_c03,BalanceBeam,Shifted-RAT+traj,42,30,142.992020820,data/ucf101_rescue/UCF-101/BalanceBeam/v_BalanceBeam_g10_c03.avi,data/backend_inputs/BalanceBeam_v_BalanceBeam_g10_c03/seed_42/rat_dp/rat_intermediate_merged.mp4,,,
E2,BalanceBeam_v_BalanceBeam_g10_c03,BalanceBeam,RAT-fusion,42,30,142.992020820,data/ucf101_rescue/UCF-101/BalanceBeam/v_BalanceBeam_g10_c03.avi,data/backend_inputs/BalanceBeam_v_BalanceBeam_g10_c03/seed_42/rat_dp/rat_intermediate_merged.mp4,,,
E2,BalanceBeam_v_BalanceBeam_g10_c03,BalanceBeam,Shifted-RAT-fusion,42,30,142.992020820,data/ucf101_rescue/UCF-101/BalanceBeam/v_BalanceBeam_g10_c03.avi,data/backend_inputs/BalanceBeam_v_BalanceBeam_g10_c03/seed_42/rat_dp/rat_intermediate_merged.mp4,,,
E2,BalanceBeam_v_BalanceBeam_g10_c03,BalanceBeam,VideoMAE-only,42,30,142.992020820,data/ucf101_rescue/UCF-101/BalanceBeam/v_BalanceBeam_g10_c03.avi,data/backend_inputs/BalanceBeam_v_BalanceBeam_g10_c03/seed_42/rat_dp/rat_intermediate_merged.mp4,,,
E2,BalanceBeam_v_BalanceBeam_g10_c03,BalanceBeam,RAT+traj,42,40,165.112963425,data/ucf101_rescue/UCF-101/BalanceBeam/v_BalanceBeam_g10_c03.avi,data/backend_inputs/BalanceBeam_v_BalanceBeam_g10_c03/seed_42/rat_dp/rat_intermediate_merged.mp4,,,
E2,BalanceBeam_v_BalanceBeam_g10_c03,BalanceBeam,Motion-reference,42,40,165.112963425,data/ucf101_rescue/UCF-101/BalanceBeam/v_BalanceBeam_g10_c03.avi,data/backend_inputs/BalanceBeam_v_BalanceBeam_g10_c03/seed_42/rat_dp/rat_intermediate_merged.mp4,,,
E2,BalanceBeam_v_BalanceBeam_g10_c03,BalanceBeam,Random,42,40,165.112963425,data/ucf101_rescue/UCF-101/BalanceBeam/v_BalanceBeam_g10_c03.avi,data/backend_inputs/BalanceBeam_v_BalanceBeam_g10_c03/seed_42/rat_dp/rat_intermediate_merged.mp4,,,
E2,BalanceBeam_v_BalanceBeam_g10_c03,BalanceBeam,Shifted-RAT+traj,42,40,165.112963425,data/ucf101_rescue/UCF-101/BalanceBeam/v_BalanceBeam_g10_c03.avi,data/backend_inputs/BalanceBeam_v_BalanceBeam_g10_c03/seed_42/rat_dp/rat_intermediate_merged.mp4,,,
E2,BalanceBeam_v_BalanceBeam_g10_c03,BalanceBeam,RAT-fusion,42,40,165.112963425,data/ucf101_rescue/UCF-101/BalanceBeam/v_BalanceBeam_g10_c03.avi,data/backend_inputs/BalanceBeam_v_BalanceBeam_g10_c03/seed_42/rat_dp/rat_intermediate_merged.mp4,,,
E2,BalanceBeam_v_BalanceBeam_g10_c03,BalanceBeam,Shifted-RAT-fusion,42,40,165.112963425,data/ucf101_rescue/UCF-101/BalanceBeam/v_BalanceBeam_g10_c03.avi,data/backend_inputs/BalanceBeam_v_BalanceBeam_g10_c03/seed_42/rat_dp/rat_intermediate_merged.mp4,,,
E2,BalanceBeam_v_BalanceBeam_g10_c03,BalanceBeam,VideoMAE-only,42,40,165.112963425,data/ucf101_rescue/UCF-101/BalanceBeam/v_BalanceBeam_g10_c03.avi,data/backend_inputs/BalanceBeam_v_BalanceBeam_g10_c03/seed_42/rat_dp/rat_intermediate_merged.mp4,,,
E2,Basketball_v_Basketball_g01_c01,Basketball,RAT+traj,42,10,95.667865275,data/ucf101_rescue/UCF-101/Basketball/v_Basketball_g01_c01.avi,data/backend_inputs/Basketball_v_Basketball_g01_c01/seed_42/rat_dp/rat_intermediate_merged.mp4,,,
E2,Basketball_v_Basketball_g01_c01,Basketball,Motion-reference,42,10,95.667865275,data/ucf101_rescue/UCF-101/Basketball/v_Basketball_g01_c01.avi,data/backend_inputs/Basketball_v_Basketball_g01_c01/seed_42/rat_dp/rat_intermediate_merged.mp4,,,
E2,Basketball_v_Basketball_g01_c01,Basketball,Random,42,10,95.667865275,data/ucf101_rescue/UCF-101/Basketball/v_Basketball_g01_c01.avi,data/backend_inputs/Basketball_v_Basketball_g01_c01/seed_42/rat_dp/rat_intermediate_merged.mp4,,,
E2,Basketball_v_Basketball_g01_c01,Basketball,Shifted-RAT+traj,42,10,95.667865275,data/ucf101_rescue/UCF-101/Basketball/v_Basketball_g01_c01.avi,data/backend_inputs/Basketball_v_Basketball_g01_c01/seed_42/rat_dp/rat_intermediate_merged.mp4,,,
E2,Basketball_v_Basketball_g01_c01,Basketball,RAT-fusion,42,10,95.667865275,data/ucf101_rescue/UCF-101/Basketball/v_Basketball_g01_c01.avi,data/backend_inputs/Basketball_v_Basketball_g01_c01/seed_42/rat_dp/rat_intermediate_merged.mp4,,,
E2,Basketball_v_Basketball_g01_c01,Basketball,Shifted-RAT-fusion,42,10,95.667865275,data/ucf101_rescue/UCF-101/Basketball/v_Basketball_g01_c01.avi,data/backend_inputs/Basketball_v_Basketball_g01_c01/seed_42/rat_dp/rat_intermediate_merged.mp4,,,
E2,Basketball_v_Basketball_g01_c01,Basketball,VideoMAE-only,42,10,95.667865275,data/ucf101_rescue/UCF-101/Basketball/v_Basketball_g01_c01.avi,data/backend_inputs/Basketball_v_Basketball_g01_c01/seed_42/rat_dp/rat_intermediate_merged.mp4,,,
E2,Basketball_v_Basketball_g01_c01,Basketball,RAT+traj,42,20,135.294792555,data/ucf101_rescue/UCF-101/Basketball/v_Basketball_g01_c01.avi,data/backend_inputs/Basketball_v_Basketball_g01_c01/seed_42/rat_dp/rat_intermediate_merged.mp4,,,
E2,Basketball_v_Basketball_g01_c01,Basketball,Motion-reference,42,20,135.294792555,data/ucf101_rescue/UCF-101/Basketball/v_Basketball_g01_c01.avi,data/backend_inputs/Basketball_v_Basketball_g01_c01/seed_42/rat_dp/rat_intermediate_merged.mp4,,,
E2,Basketball_v_Basketball_g01_c01,Basketball,Random,42,20,135.294792555,data/ucf101_rescue/UCF-101/Basketball/v_Basketball_g01_c01.avi,data/backend_inputs/Basketball_v_Basketball_g01_c01/seed_42/rat_dp/rat_intermediate_merged.mp4,,,
E2,Basketball_v_Basketball_g01_c01,Basketball,Shifted-RAT+traj,42,20,135.294792555,data/ucf101_rescue/UCF-101/Basketball/v_Basketball_g01_c01.avi,data/backend_inputs/Basketball_v_Basketball_g01_c01/seed_42/rat_dp/rat_intermediate_merged.mp4,,,
E2,Basketball_v_Basketball_g01_c01,Basketball,RAT-fusion,42,20,135.294792555,data/ucf101_rescue/UCF-101/Basketball/v_Basketball_g01_c01.avi,data/backend_inputs/Basketball_v_Basketball_g01_c01/seed_42/rat_dp/rat_intermediate_merged.mp4,,,
E2,Basketball_v_Basketball_g01_c01,Basketball,Shifted-RAT-fusion,42,20,135.294792555,data/ucf101_rescue/UCF-101/Basketball/v_Basketball_g01_c01.avi,data/backend_inputs/Basketball_v_Basketball_g01_c01/seed_42/rat_dp/rat_intermediate_merged.mp4,,,
E2,Basketball_v_Basketball_g01_c01,Basketball,VideoMAE-only,42,20,135.294792555,data/ucf101_rescue/UCF-101/Basketball/v_Basketball_g01_c01.avi,data/backend_inputs/Basketball_v_Basketball_g01_c01/seed_42/rat_dp/rat_intermediate_merged.mp4,,,
E2,Basketball_v_Basketball_g01_c01,Basketball,RAT+traj,42,30,165.701603308,data/ucf101_rescue/UCF-101/Basketball/v_Basketball_g01_c01.avi,data/backend_inputs/Basketball_v_Basketball_g01_c01/seed_42/rat_dp/rat_intermediate_merged.mp4,,,
E2,Basketball_v_Basketball_g01_c01,Basketball,Motion-reference,42,30,165.701603308,data/ucf101_rescue/UCF-101/Basketball/v_Basketball_g01_c01.avi,data/backend_inputs/Basketball_v_Basketball_g01_c01/seed_42/rat_dp/rat_intermediate_merged.mp4,,,
E2,Basketball_v_Basketball_g01_c01,Basketball,Random,42,30,165.701603308,data/ucf101_rescue/UCF-101/Basketball/v_Basketball_g01_c01.avi,data/backend_inputs/Basketball_v_Basketball_g01_c01/seed_42/rat_dp/rat_intermediate_merged.mp4,,,
E2,Basketball_v_Basketball_g01_c01,Basketball,Shifted-RAT+traj,42,30,165.701603308,data/ucf101_rescue/UCF-101/Basketball/v_Basketball_g01_c01.avi,data/backend_inputs/Basketball_v_Basketball_g01_c01/seed_42/rat_dp/rat_intermediate_merged.mp4,,,
E2,Basketball_v_Basketball_g01_c01,Basketball,RAT-fusion,42,30,165.701603308,data/ucf101_rescue/UCF-101/Basketball/v_Basketball_g01_c01.avi,data/backend_inputs/Basketball_v_Basketball_g01_c01/seed_42/rat_dp/rat_intermediate_merged.mp4,,,
E2,Basketball_v_Basketball_g01_c01,Basketball,Shifted-RAT-fusion,42,30,165.701603308,data/ucf101_rescue/UCF-101/Basketball/v_Basketball_g01_c01.avi,data/backend_inputs/Basketball_v_Basketball_g01_c01/seed_42/rat_dp/rat_intermediate_merged.mp4,,,
E2,Basketball_v_Basketball_g01_c01,Basketball,VideoMAE-only,42,30,165.701603308,data/ucf101_rescue/UCF-101/Basketball/v_Basketball_g01_c01.avi,data/backend_inputs/Basketball_v_Basketball_g01_c01/seed_42/rat_dp/rat_intermediate_merged.mp4,,,
E2,Basketball_v_Basketball_g01_c01,Basketball,RAT+traj,42,40,191.335730550,data/ucf101_rescue/UCF-101/Basketball/v_Basketball_g01_c01.avi,data/backend_inputs/Basketball_v_Basketball_g01_c01/seed_42/rat_dp/rat_intermediate_merged.mp4,,,
E2,Basketball_v_Basketball_g01_c01,Basketball,Motion-reference,42,40,191.335730550,data/ucf101_rescue/UCF-101/Basketball/v_Basketball_g01_c01.avi,data/backend_inputs/Basketball_v_Basketball_g01_c01/seed_42/rat_dp/rat_intermediate_merged.mp4,,,
E2,Basketball_v_Basketball_g01_c01,Basketball,Random,42,40,191.335730550,data/ucf101_rescue/UCF-101/Basketball/v_Basketball_g01_c01.avi,data/backend_inputs/Basketball_v_Basketball_g01_c01/seed_42/rat_dp/rat_intermediate_merged.mp4,,,
E2,Basketball_v_Basketball_g01_c01,Basketball,Shifted-RAT+traj,42,40,191.335730550,data/ucf101_rescue/UCF-101/Basketball/v_Basketball_g01_c01.avi,data/backend_inputs/Basketball_v_Basketball_g01_c01/seed_42/rat_dp/rat_intermediate_merged.mp4,,,
E2,Basketball_v_Basketball_g01_c01,Basketball,RAT-fusion,42,40,191.335730550,data/ucf101_rescue/UCF-101/Basketball/v_Basketball_g01_c01.avi,data/backend_inputs/Basketball_v_Basketball_g01_c01/seed_42/rat_dp/rat_intermediate_merged.mp4,,,
E2,Basketball_v_Basketball_g01_c01,Basketball,Shifted-RAT-fusion,42,40,191.335730550,data/ucf101_rescue/UCF-101/Basketball/v_Basketball_g01_c01.avi,data/backend_inputs/Basketball_v_Basketball_g01_c01/seed_42/rat_dp/rat_intermediate_merged.mp4,,,
E2,Basketball_v_Basketball_g01_c01,Basketball,VideoMAE-only,42,40,191.335730550,data/ucf101_rescue/UCF-101/Basketball/v_Basketball_g01_c01.avi,data/backend_inputs/Basketball_v_Basketball_g01_c01/seed_42/rat_dp/rat_intermediate_merged.mp4,,,
E2,Basketball_v_Basketball_g02_c01,Basketball,RAT+traj,42,10,58.653571454,data/ucf101_rescue/UCF-101/Basketball/v_Basketball_g02_c01.avi,data/backend_inputs/Basketball_v_Basketball_g02_c01/seed_42/rat_dp/rat_intermediate_merged.mp4,,,
E2,Basketball_v_Basketball_g02_c01,Basketball,Motion-reference,42,10,58.653571454,data/ucf101_rescue/UCF-101/Basketball/v_Basketball_g02_c01.avi,data/backend_inputs/Basketball_v_Basketball_g02_c01/seed_42/rat_dp/rat_intermediate_merged.mp4,,,
E2,Basketball_v_Basketball_g02_c01,Basketball,Random,42,10,58.653571454,data/ucf101_rescue/UCF-101/Basketball/v_Basketball_g02_c01.avi,data/backend_inputs/Basketball_v_Basketball_g02_c01/seed_42/rat_dp/rat_intermediate_merged.mp4,,,
E2,Basketball_v_Basketball_g02_c01,Basketball,Shifted-RAT+traj,42,10,58.653571454,data/ucf101_rescue/UCF-101/Basketball/v_Basketball_g02_c01.avi,data/backend_inputs/Basketball_v_Basketball_g02_c01/seed_42/rat_dp/rat_intermediate_merged.mp4,,,
E2,Basketball_v_Basketball_g02_c01,Basketball,RAT-fusion,42,10,58.653571454,data/ucf101_rescue/UCF-101/Basketball/v_Basketball_g02_c01.avi,data/backend_inputs/Basketball_v_Basketball_g02_c01/seed_42/rat_dp/rat_intermediate_merged.mp4,,,
E2,Basketball_v_Basketball_g02_c01,Basketball,Shifted-RAT-fusion,42,10,58.653571454,data/ucf101_rescue/UCF-101/Basketball/v_Basketball_g02_c01.avi,data/backend_inputs/Basketball_v_Basketball_g02_c01/seed_42/rat_dp/rat_intermediate_merged.mp4,,,
E2,Basketball_v_Basketball_g02_c01,Basketball,VideoMAE-only,42,10,58.653571454,data/ucf101_rescue/UCF-101/Basketball/v_Basketball_g02_c01.avi,data/backend_inputs/Basketball_v_Basketball_g02_c01/seed_42/rat_dp/rat_intermediate_merged.mp4,,,
E2,Basketball_v_Basketball_g02_c01,Basketball,RAT+traj,42,20,82.948676232,data/ucf101_rescue/UCF-101/Basketball/v_Basketball_g02_c01.avi,data/backend_inputs/Basketball_v_Basketball_g02_c01/seed_42/rat_dp/rat_intermediate_merged.mp4,,,
E2,Basketball_v_Basketball_g02_c01,Basketball,Motion-reference,42,20,82.948676232,data/ucf101_rescue/UCF-101/Basketball/v_Basketball_g02_c01.avi,data/backend_inputs/Basketball_v_Basketball_g02_c01/seed_42/rat_dp/rat_intermediate_merged.mp4,,,
E2,Basketball_v_Basketball_g02_c01,Basketball,Random,42,20,82.948676232,data/ucf101_rescue/UCF-101/Basketball/v_Basketball_g02_c01.avi,data/backend_inputs/Basketball_v_Basketball_g02_c01/seed_42/rat_dp/rat_intermediate_merged.mp4,,,
E2,Basketball_v_Basketball_g02_c01,Basketball,Shifted-RAT+traj,42,20,82.948676232,data/ucf101_rescue/UCF-101/Basketball/v_Basketball_g02_c01.avi,data/backend_inputs/Basketball_v_Basketball_g02_c01/seed_42/rat_dp/rat_intermediate_merged.mp4,,,
E2,Basketball_v_Basketball_g02_c01,Basketball,RAT-fusion,42,20,82.948676232,data/ucf101_rescue/UCF-101/Basketball/v_Basketball_g02_c01.avi,data/backend_inputs/Basketball_v_Basketball_g02_c01/seed_42/rat_dp/rat_intermediate_merged.mp4,,,
E2,Basketball_v_Basketball_g02_c01,Basketball,Shifted-RAT-fusion,42,20,82.948676232,data/ucf101_rescue/UCF-101/Basketball/v_Basketball_g02_c01.avi,data/backend_inputs/Basketball_v_Basketball_g02_c01/seed_42/rat_dp/rat_intermediate_merged.mp4,,,
E2,Basketball_v_Basketball_g02_c01,Basketball,VideoMAE-only,42,20,82.948676232,data/ucf101_rescue/UCF-101/Basketball/v_Basketball_g02_c01.avi,data/backend_inputs/Basketball_v_Basketball_g02_c01/seed_42/rat_dp/rat_intermediate_merged.mp4,,,
E2,Basketball_v_Basketball_g02_c01,Basketball,RAT+traj,42,30,101.590965804,data/ucf101_rescue/UCF-101/Basketball/v_Basketball_g02_c01.avi,data/backend_inputs/Basketball_v_Basketball_g02_c01/seed_42/rat_dp/rat_intermediate_merged.mp4,,,
E2,Basketball_v_Basketball_g02_c01,Basketball,Motion-reference,42,30,101.590965804,data/ucf101_rescue/UCF-101/Basketball/v_Basketball_g02_c01.avi,data/backend_inputs/Basketball_v_Basketball_g02_c01/seed_42/rat_dp/rat_intermediate_merged.mp4,,,
E2,Basketball_v_Basketball_g02_c01,Basketball,Random,42,30,101.590965804,data/ucf101_rescue/UCF-101/Basketball/v_Basketball_g02_c01.avi,data/backend_inputs/Basketball_v_Basketball_g02_c01/seed_42/rat_dp/rat_intermediate_merged.mp4,,,
E2,Basketball_v_Basketball_g02_c01,Basketball,Shifted-RAT+traj,42,30,101.590965804,data/ucf101_rescue/UCF-101/Basketball/v_Basketball_g02_c01.avi,data/backend_inputs/Basketball_v_Basketball_g02_c01/seed_42/rat_dp/rat_intermediate_merged.mp4,,,
E2,Basketball_v_Basketball_g02_c01,Basketball,RAT-fusion,42,30,101.590965804,data/ucf101_rescue/UCF-101/Basketball/v_Basketball_g02_c01.avi,data/backend_inputs/Basketball_v_Basketball_g02_c01/seed_42/rat_dp/rat_intermediate_merged.mp4,,,
E2,Basketball_v_Basketball_g02_c01,Basketball,Shifted-RAT-fusion,42,30,101.590965804,data/ucf101_rescue/UCF-101/Basketball/v_Basketball_g02_c01.avi,data/backend_inputs/Basketball_v_Basketball_g02_c01/seed_42/rat_dp/rat_intermediate_merged.mp4,,,
E2,Basketball_v_Basketball_g02_c01,Basketball,VideoMAE-only,42,30,101.590965804,data/ucf101_rescue/UCF-101/Basketball/v_Basketball_g02_c01.avi,data/backend_inputs/Basketball_v_Basketball_g02_c01/seed_42/rat_dp/rat_intermediate_merged.mp4,,,
E2,Basketball_v_Basketball_g02_c01,Basketball,RAT+traj,42,40,117.307142909,data/ucf101_rescue/UCF-101/Basketball/v_Basketball_g02_c01.avi,data/backend_inputs/Basketball_v_Basketball_g02_c01/seed_42/rat_dp/rat_intermediate_merged.mp4,,,
E2,Basketball_v_Basketball_g02_c01,Basketball,Motion-reference,42,40,117.307142909,data/ucf101_rescue/UCF-101/Basketball/v_Basketball_g02_c01.avi,data/backend_inputs/Basketball_v_Basketball_g02_c01/seed_42/rat_dp/rat_intermediate_merged.mp4,,,
E2,Basketball_v_Basketball_g02_c01,Basketball,Random,42,40,117.307142909,data/ucf101_rescue/UCF-101/Basketball/v_Basketball_g02_c01.avi,data/backend_inputs/Basketball_v_Basketball_g02_c01/seed_42/rat_dp/rat_intermediate_merged.mp4,,,
E2,Basketball_v_Basketball_g02_c01,Basketball,Shifted-RAT+traj,42,40,117.307142909,data/ucf101_rescue/UCF-101/Basketball/v_Basketball_g02_c01.avi,data/backend_inputs/Basketball_v_Basketball_g02_c01/seed_42/rat_dp/rat_intermediate_merged.mp4,,,
E2,Basketball_v_Basketball_g02_c01,Basketball,RAT-fusion,42,40,117.307142909,data/ucf101_rescue/UCF-101/Basketball/v_Basketball_g02_c01.avi,data/backend_inputs/Basketball_v_Basketball_g02_c01/seed_42/rat_dp/rat_intermediate_merged.mp4,,,
E2,Basketball_v_Basketball_g02_c01,Basketball,Shifted-RAT-fusion,42,40,117.307142909,data/ucf101_rescue/UCF-101/Basketball/v_Basketball_g02_c01.avi,data/backend_inputs/Basketball_v_Basketball_g02_c01/seed_42/rat_dp/rat_intermediate_merged.mp4,,,
E2,Basketball_v_Basketball_g02_c01,Basketball,VideoMAE-only,42,40,117.307142909,data/ucf101_rescue/UCF-101/Basketball/v_Basketball_g02_c01.avi,data/backend_inputs/Basketball_v_Basketball_g02_c01/seed_42/rat_dp/rat_intermediate_merged.mp4,,,
E2,Basketball_v_Basketball_g03_c01,Basketball,RAT+traj,42,10,94.644650131,data/ucf101_rescue/UCF-101/Basketball/v_Basketball_g03_c01.avi,data/backend_inputs/Basketball_v_Basketball_g03_c01/seed_42/rat_dp/rat_intermediate_merged.mp4,,,
E2,Basketball_v_Basketball_g03_c01,Basketball,Motion-reference,42,10,94.644650131,data/ucf101_rescue/UCF-101/Basketball/v_Basketball_g03_c01.avi,data/backend_inputs/Basketball_v_Basketball_g03_c01/seed_42/rat_dp/rat_intermediate_merged.mp4,,,
E2,Basketball_v_Basketball_g03_c01,Basketball,Random,42,10,94.644650131,data/ucf101_rescue/UCF-101/Basketball/v_Basketball_g03_c01.avi,data/backend_inputs/Basketball_v_Basketball_g03_c01/seed_42/rat_dp/rat_intermediate_merged.mp4,,,
E2,Basketball_v_Basketball_g03_c01,Basketball,Shifted-RAT+traj,42,10,94.644650131,data/ucf101_rescue/UCF-101/Basketball/v_Basketball_g03_c01.avi,data/backend_inputs/Basketball_v_Basketball_g03_c01/seed_42/rat_dp/rat_intermediate_merged.mp4,,,
E2,Basketball_v_Basketball_g03_c01,Basketball,RAT-fusion,42,10,94.644650131,data/ucf101_rescue/UCF-101/Basketball/v_Basketball_g03_c01.avi,data/backend_inputs/Basketball_v_Basketball_g03_c01/seed_42/rat_dp/rat_intermediate_merged.mp4,,,
E2,Basketball_v_Basketball_g03_c01,Basketball,Shifted-RAT-fusion,42,10,94.644650131,data/ucf101_rescue/UCF-101/Basketball/v_Basketball_g03_c01.avi,data/backend_inputs/Basketball_v_Basketball_g03_c01/seed_42/rat_dp/rat_intermediate_merged.mp4,,,
E2,Basketball_v_Basketball_g03_c01,Basketball,VideoMAE-only,42,10,94.644650131,data/ucf101_rescue/UCF-101/Basketball/v_Basketball_g03_c01.avi,data/backend_inputs/Basketball_v_Basketball_g03_c01/seed_42/rat_dp/rat_intermediate_merged.mp4,,,
E2,Basketball_v_Basketball_g03_c01,Basketball,RAT+traj,42,20,133.847747822,data/ucf101_rescue/UCF-101/Basketball/v_Basketball_g03_c01.avi,data/backend_inputs/Basketball_v_Basketball_g03_c01/seed_42/rat_dp/rat_intermediate_merged.mp4,,,
E2,Basketball_v_Basketball_g03_c01,Basketball,Motion-reference,42,20,133.847747822,data/ucf101_rescue/UCF-101/Basketball/v_Basketball_g03_c01.avi,data/backend_inputs/Basketball_v_Basketball_g03_c01/seed_42/rat_dp/rat_intermediate_merged.mp4,,,
E2,Basketball_v_Basketball_g03_c01,Basketball,Random,42,20,133.847747822,data/ucf101_rescue/UCF-101/Basketball/v_Basketball_g03_c01.avi,data/backend_inputs/Basketball_v_Basketball_g03_c01/seed_42/rat_dp/rat_intermediate_merged.mp4,,,
E2,Basketball_v_Basketball_g03_c01,Basketball,Shifted-RAT+traj,42,20,133.847747822,data/ucf101_rescue/UCF-101/Basketball/v_Basketball_g03_c01.avi,data/backend_inputs/Basketball_v_Basketball_g03_c01/seed_42/rat_dp/rat_intermediate_merged.mp4,,,
E2,Basketball_v_Basketball_g03_c01,Basketball,RAT-fusion,42,20,133.847747822,data/ucf101_rescue/UCF-101/Basketball/v_Basketball_g03_c01.avi,data/backend_inputs/Basketball_v_Basketball_g03_c01/seed_42/rat_dp/rat_intermediate_merged.mp4,,,
E2,Basketball_v_Basketball_g03_c01,Basketball,Shifted-RAT-fusion,42,20,133.847747822,data/ucf101_rescue/UCF-101/Basketball/v_Basketball_g03_c01.avi,data/backend_inputs/Basketball_v_Basketball_g03_c01/seed_42/rat_dp/rat_intermediate_merged.mp4,,,
E2,Basketball_v_Basketball_g03_c01,Basketball,VideoMAE-only,42,20,133.847747822,data/ucf101_rescue/UCF-101/Basketball/v_Basketball_g03_c01.avi,data/backend_inputs/Basketball_v_Basketball_g03_c01/seed_42/rat_dp/rat_intermediate_merged.mp4,,,
E2,Basketball_v_Basketball_g03_c01,Basketball,RAT+traj,42,30,163.929342692,data/ucf101_rescue/UCF-101/Basketball/v_Basketball_g03_c01.avi,data/backend_inputs/Basketball_v_Basketball_g03_c01/seed_42/rat_dp/rat_intermediate_merged.mp4,,,
E2,Basketball_v_Basketball_g03_c01,Basketball,Motion-reference,42,30,163.929342692,data/ucf101_rescue/UCF-101/Basketball/v_Basketball_g03_c01.avi,data/backend_inputs/Basketball_v_Basketball_g03_c01/seed_42/rat_dp/rat_intermediate_merged.mp4,,,
E2,Basketball_v_Basketball_g03_c01,Basketball,Random,42,30,163.929342692,data/ucf101_rescue/UCF-101/Basketball/v_Basketball_g03_c01.avi,data/backend_inputs/Basketball_v_Basketball_g03_c01/seed_42/rat_dp/rat_intermediate_merged.mp4,,,
E2,Basketball_v_Basketball_g03_c01,Basketball,Shifted-RAT+traj,42,30,163.929342692,data/ucf101_rescue/UCF-101/Basketball/v_Basketball_g03_c01.avi,data/backend_inputs/Basketball_v_Basketball_g03_c01/seed_42/rat_dp/rat_intermediate_merged.mp4,,,
E2,Basketball_v_Basketball_g03_c01,Basketball,RAT-fusion,42,30,163.929342692,data/ucf101_rescue/UCF-101/Basketball/v_Basketball_g03_c01.avi,data/backend_inputs/Basketball_v_Basketball_g03_c01/seed_42/rat_dp/rat_intermediate_merged.mp4,,,
E2,Basketball_v_Basketball_g03_c01,Basketball,Shifted-RAT-fusion,42,30,163.929342692,data/ucf101_rescue/UCF-101/Basketball/v_Basketball_g03_c01.avi,data/backend_inputs/Basketball_v_Basketball_g03_c01/seed_42/rat_dp/rat_intermediate_merged.mp4,,,
E2,Basketball_v_Basketball_g03_c01,Basketball,VideoMAE-only,42,30,163.929342692,data/ucf101_rescue/UCF-101/Basketball/v_Basketball_g03_c01.avi,data/backend_inputs/Basketball_v_Basketball_g03_c01/seed_42/rat_dp/rat_intermediate_merged.mp4,,,
E2,Basketball_v_Basketball_g03_c01,Basketball,RAT+traj,42,40,189.289300263,data/ucf101_rescue/UCF-101/Basketball/v_Basketball_g03_c01.avi,data/backend_inputs/Basketball_v_Basketball_g03_c01/seed_42/rat_dp/rat_intermediate_merged.mp4,,,
E2,Basketball_v_Basketball_g03_c01,Basketball,Motion-reference,42,40,189.289300263,data/ucf101_rescue/UCF-101/Basketball/v_Basketball_g03_c01.avi,data/backend_inputs/Basketball_v_Basketball_g03_c01/seed_42/rat_dp/rat_intermediate_merged.mp4,,,
E2,Basketball_v_Basketball_g03_c01,Basketball,Random,42,40,189.289300263,data/ucf101_rescue/UCF-101/Basketball/v_Basketball_g03_c01.avi,data/backend_inputs/Basketball_v_Basketball_g03_c01/seed_42/rat_dp/rat_intermediate_merged.mp4,,,
E2,Basketball_v_Basketball_g03_c01,Basketball,Shifted-RAT+traj,42,40,189.289300263,data/ucf101_rescue/UCF-101/Basketball/v_Basketball_g03_c01.avi,data/backend_inputs/Basketball_v_Basketball_g03_c01/seed_42/rat_dp/rat_intermediate_merged.mp4,,,
E2,Basketball_v_Basketball_g03_c01,Basketball,RAT-fusion,42,40,189.289300263,data/ucf101_rescue/UCF-101/Basketball/v_Basketball_g03_c01.avi,data/backend_inputs/Basketball_v_Basketball_g03_c01/seed_42/rat_dp/rat_intermediate_merged.mp4,,,
E2,Basketball_v_Basketball_g03_c01,Basketball,Shifted-RAT-fusion,42,40,189.289300263,data/ucf101_rescue/UCF-101/Basketball/v_Basketball_g03_c01.avi,data/backend_inputs/Basketball_v_Basketball_g03_c01/seed_42/rat_dp/rat_intermediate_merged.mp4,,,
E2,Basketball_v_Basketball_g03_c01,Basketball,VideoMAE-only,42,40,189.289300263,data/ucf101_rescue/UCF-101/Basketball/v_Basketball_g03_c01.avi,data/backend_inputs/Basketball_v_Basketball_g03_c01/seed_42/rat_dp/rat_intermediate_merged.mp4,,,
E2,Basketball_v_Basketball_g04_c01,Basketball,RAT+traj,42,10,84.114288539,data/ucf101_rescue/UCF-101/Basketball/v_Basketball_g04_c01.avi,data/backend_inputs/Basketball_v_Basketball_g04_c01/seed_42/rat_dp/rat_intermediate_merged.mp4,,,
E2,Basketball_v_Basketball_g04_c01,Basketball,Motion-reference,42,10,84.114288539,data/ucf101_rescue/UCF-101/Basketball/v_Basketball_g04_c01.avi,data/backend_inputs/Basketball_v_Basketball_g04_c01/seed_42/rat_dp/rat_intermediate_merged.mp4,,,
E2,Basketball_v_Basketball_g04_c01,Basketball,Random,42,10,84.114288539,data/ucf101_rescue/UCF-101/Basketball/v_Basketball_g04_c01.avi,data/backend_inputs/Basketball_v_Basketball_g04_c01/seed_42/rat_dp/rat_intermediate_merged.mp4,,,
E2,Basketball_v_Basketball_g04_c01,Basketball,Shifted-RAT+traj,42,10,84.114288539,data/ucf101_rescue/UCF-101/Basketball/v_Basketball_g04_c01.avi,data/backend_inputs/Basketball_v_Basketball_g04_c01/seed_42/rat_dp/rat_intermediate_merged.mp4,,,
E2,Basketball_v_Basketball_g04_c01,Basketball,RAT-fusion,42,10,84.114288539,data/ucf101_rescue/UCF-101/Basketball/v_Basketball_g04_c01.avi,data/backend_inputs/Basketball_v_Basketball_g04_c01/seed_42/rat_dp/rat_intermediate_merged.mp4,,,
E2,Basketball_v_Basketball_g04_c01,Basketball,Shifted-RAT-fusion,42,10,84.114288539,data/ucf101_rescue/UCF-101/Basketball/v_Basketball_g04_c01.avi,data/backend_inputs/Basketball_v_Basketball_g04_c01/seed_42/rat_dp/rat_intermediate_merged.mp4,,,
E2,Basketball_v_Basketball_g04_c01,Basketball,VideoMAE-only,42,10,84.114288539,data/ucf101_rescue/UCF-101/Basketball/v_Basketball_g04_c01.avi,data/backend_inputs/Basketball_v_Basketball_g04_c01/seed_42/rat_dp/rat_intermediate_merged.mp4,,,
E2,Basketball_v_Basketball_g04_c01,Basketball,RAT+traj,42,20,118.955567642,data/ucf101_rescue/UCF-101/Basketball/v_Basketball_g04_c01.avi,data/backend_inputs/Basketball_v_Basketball_g04_c01/seed_42/rat_dp/rat_intermediate_merged.mp4,,,
E2,Basketball_v_Basketball_g04_c01,Basketball,Motion-reference,42,20,118.955567642,data/ucf101_rescue/UCF-101/Basketball/v_Basketball_g04_c01.avi,data/backend_inputs/Basketball_v_Basketball_g04_c01/seed_42/rat_dp/rat_intermediate_merged.mp4,,,
E2,Basketball_v_Basketball_g04_c01,Basketball,Random,42,20,118.955567642,data/ucf101_rescue/UCF-101/Basketball/v_Basketball_g04_c01.avi,data/backend_inputs/Basketball_v_Basketball_g04_c01/seed_42/rat_dp/rat_intermediate_merged.mp4,,,
E2,Basketball_v_Basketball_g04_c01,Basketball,Shifted-RAT+traj,42,20,118.955567642,data/ucf101_rescue/UCF-101/Basketball/v_Basketball_g04_c01.avi,data/backend_inputs/Basketball_v_Basketball_g04_c01/seed_42/rat_dp/rat_intermediate_merged.mp4,,,
E2,Basketball_v_Basketball_g04_c01,Basketball,RAT-fusion,42,20,118.955567642,data/ucf101_rescue/UCF-101/Basketball/v_Basketball_g04_c01.avi,data/backend_inputs/Basketball_v_Basketball_g04_c01/seed_42/rat_dp/rat_intermediate_merged.mp4,,,
E2,Basketball_v_Basketball_g04_c01,Basketball,Shifted-RAT-fusion,42,20,118.955567642,data/ucf101_rescue/UCF-101/Basketball/v_Basketball_g04_c01.avi,data/backend_inputs/Basketball_v_Basketball_g04_c01/seed_42/rat_dp/rat_intermediate_merged.mp4,,,
E2,Basketball_v_Basketball_g04_c01,Basketball,VideoMAE-only,42,20,118.955567642,data/ucf101_rescue/UCF-101/Basketball/v_Basketball_g04_c01.avi,data/backend_inputs/Basketball_v_Basketball_g04_c01/seed_42/rat_dp/rat_intermediate_merged.mp4,,,
E2,Basketball_v_Basketball_g04_c01,Basketball,RAT+traj,42,30,145.690221393,data/ucf101_rescue/UCF-101/Basketball/v_Basketball_g04_c01.avi,data/backend_inputs/Basketball_v_Basketball_g04_c01/seed_42/rat_dp/rat_intermediate_merged.mp4,,,
E2,Basketball_v_Basketball_g04_c01,Basketball,Motion-reference,42,30,145.690221393,data/ucf101_rescue/UCF-101/Basketball/v_Basketball_g04_c01.avi,data/backend_inputs/Basketball_v_Basketball_g04_c01/seed_42/rat_dp/rat_intermediate_merged.mp4,,,
E2,Basketball_v_Basketball_g04_c01,Basketball,Random,42,30,145.690221393,data/ucf101_rescue/UCF-101/Basketball/v_Basketball_g04_c01.avi,data/backend_inputs/Basketball_v_Basketball_g04_c01/seed_42/rat_dp/rat_intermediate_merged.mp4,,,
E2,Basketball_v_Basketball_g04_c01,Basketball,Shifted-RAT+traj,42,30,145.690221393,data/ucf101_rescue/UCF-101/Basketball/v_Basketball_g04_c01.avi,data/backend_inputs/Basketball_v_Basketball_g04_c01/seed_42/rat_dp/rat_intermediate_merged.mp4,,,
E2,Basketball_v_Basketball_g04_c01,Basketball,RAT-fusion,42,30,145.690221393,data/ucf101_rescue/UCF-101/Basketball/v_Basketball_g04_c01.avi,data/backend_inputs/Basketball_v_Basketball_g04_c01/seed_42/rat_dp/rat_intermediate_merged.mp4,,,
E2,Basketball_v_Basketball_g04_c01,Basketball,Shifted-RAT-fusion,42,30,145.690221393,data/ucf101_rescue/UCF-101/Basketball/v_Basketball_g04_c01.avi,data/backend_inputs/Basketball_v_Basketball_g04_c01/seed_42/rat_dp/rat_intermediate_merged.mp4,,,
E2,Basketball_v_Basketball_g04_c01,Basketball,VideoMAE-only,42,30,145.690221393,data/ucf101_rescue/UCF-101/Basketball/v_Basketball_g04_c01.avi,data/backend_inputs/Basketball_v_Basketball_g04_c01/seed_42/rat_dp/rat_intermediate_merged.mp4,,,
E2,Basketball_v_Basketball_g04_c01,Basketball,RAT+traj,42,40,168.228577079,data/ucf101_rescue/UCF-101/Basketball/v_Basketball_g04_c01.avi,data/backend_inputs/Basketball_v_Basketball_g04_c01/seed_42/rat_dp/rat_intermediate_merged.mp4,,,
E2,Basketball_v_Basketball_g04_c01,Basketball,Motion-reference,42,40,168.228577079,data/ucf101_rescue/UCF-101/Basketball/v_Basketball_g04_c01.avi,data/backend_inputs/Basketball_v_Basketball_g04_c01/seed_42/rat_dp/rat_intermediate_merged.mp4,,,
E2,Basketball_v_Basketball_g04_c01,Basketball,Random,42,40,168.228577079,data/ucf101_rescue/UCF-101/Basketball/v_Basketball_g04_c01.avi,data/backend_inputs/Basketball_v_Basketball_g04_c01/seed_42/rat_dp/rat_intermediate_merged.mp4,,,
E2,Basketball_v_Basketball_g04_c01,Basketball,Shifted-RAT+traj,42,40,168.228577079,data/ucf101_rescue/UCF-101/Basketball/v_Basketball_g04_c01.avi,data/backend_inputs/Basketball_v_Basketball_g04_c01/seed_42/rat_dp/rat_intermediate_merged.mp4,,,
E2,Basketball_v_Basketball_g04_c01,Basketball,RAT-fusion,42,40,168.228577079,data/ucf101_rescue/UCF-101/Basketball/v_Basketball_g04_c01.avi,data/backend_inputs/Basketball_v_Basketball_g04_c01/seed_42/rat_dp/rat_intermediate_merged.mp4,,,
E2,Basketball_v_Basketball_g04_c01,Basketball,Shifted-RAT-fusion,42,40,168.228577079,data/ucf101_rescue/UCF-101/Basketball/v_Basketball_g04_c01.avi,data/backend_inputs/Basketball_v_Basketball_g04_c01/seed_42/rat_dp/rat_intermediate_merged.mp4,,,
E2,Basketball_v_Basketball_g04_c01,Basketball,VideoMAE-only,42,40,168.228577079,data/ucf101_rescue/UCF-101/Basketball/v_Basketball_g04_c01.avi,data/backend_inputs/Basketball_v_Basketball_g04_c01/seed_42/rat_dp/rat_intermediate_merged.mp4,,,
E2,Biking_v_Biking_g01_c01,Biking,RAT+traj,42,10,99.002235356,data/ucf101_rescue/UCF-101/Biking/v_Biking_g01_c01.avi,data/backend_inputs/Biking_v_Biking_g01_c01/seed_42/rat_dp/rat_intermediate_merged.mp4,,,
E2,Biking_v_Biking_g01_c01,Biking,Motion-reference,42,10,99.002235356,data/ucf101_rescue/UCF-101/Biking/v_Biking_g01_c01.avi,data/backend_inputs/Biking_v_Biking_g01_c01/seed_42/rat_dp/rat_intermediate_merged.mp4,,,
E2,Biking_v_Biking_g01_c01,Biking,Random,42,10,99.002235356,data/ucf101_rescue/UCF-101/Biking/v_Biking_g01_c01.avi,data/backend_inputs/Biking_v_Biking_g01_c01/seed_42/rat_dp/rat_intermediate_merged.mp4,,,
E2,Biking_v_Biking_g01_c01,Biking,Shifted-RAT+traj,42,10,99.002235356,data/ucf101_rescue/UCF-101/Biking/v_Biking_g01_c01.avi,data/backend_inputs/Biking_v_Biking_g01_c01/seed_42/rat_dp/rat_intermediate_merged.mp4,,,
E2,Biking_v_Biking_g01_c01,Biking,RAT-fusion,42,10,99.002235356,data/ucf101_rescue/UCF-101/Biking/v_Biking_g01_c01.avi,data/backend_inputs/Biking_v_Biking_g01_c01/seed_42/rat_dp/rat_intermediate_merged.mp4,,,
E2,Biking_v_Biking_g01_c01,Biking,Shifted-RAT-fusion,42,10,99.002235356,data/ucf101_rescue/UCF-101/Biking/v_Biking_g01_c01.avi,data/backend_inputs/Biking_v_Biking_g01_c01/seed_42/rat_dp/rat_intermediate_merged.mp4,,,
E2,Biking_v_Biking_g01_c01,Biking,VideoMAE-only,42,10,99.002235356,data/ucf101_rescue/UCF-101/Biking/v_Biking_g01_c01.avi,data/backend_inputs/Biking_v_Biking_g01_c01/seed_42/rat_dp/rat_intermediate_merged.mp4,,,
E2,Biking_v_Biking_g01_c01,Biking,RAT+traj,42,20,140.010303946,data/ucf101_rescue/UCF-101/Biking/v_Biking_g01_c01.avi,data/backend_inputs/Biking_v_Biking_g01_c01/seed_42/rat_dp/rat_intermediate_merged.mp4,,,
E2,Biking_v_Biking_g01_c01,Biking,Motion-reference,42,20,140.010303946,data/ucf101_rescue/UCF-101/Biking/v_Biking_g01_c01.avi,data/backend_inputs/Biking_v_Biking_g01_c01/seed_42/rat_dp/rat_intermediate_merged.mp4,,,
E2,Biking_v_Biking_g01_c01,Biking,Random,42,20,140.010303946,data/ucf101_rescue/UCF-101/Biking/v_Biking_g01_c01.avi,data/backend_inputs/Biking_v_Biking_g01_c01/seed_42/rat_dp/rat_intermediate_merged.mp4,,,
E2,Biking_v_Biking_g01_c01,Biking,Shifted-RAT+traj,42,20,140.010303946,data/ucf101_rescue/UCF-101/Biking/v_Biking_g01_c01.avi,data/backend_inputs/Biking_v_Biking_g01_c01/seed_42/rat_dp/rat_intermediate_merged.mp4,,,
E2,Biking_v_Biking_g01_c01,Biking,RAT-fusion,42,20,140.010303946,data/ucf101_rescue/UCF-101/Biking/v_Biking_g01_c01.avi,data/backend_inputs/Biking_v_Biking_g01_c01/seed_42/rat_dp/rat_intermediate_merged.mp4,,,
E2,Biking_v_Biking_g01_c01,Biking,Shifted-RAT-fusion,42,20,140.010303946,data/ucf101_rescue/UCF-101/Biking/v_Biking_g01_c01.avi,data/backend_inputs/Biking_v_Biking_g01_c01/seed_42/rat_dp/rat_intermediate_merged.mp4,,,
E2,Biking_v_Biking_g01_c01,Biking,VideoMAE-only,42,20,140.010303946,data/ucf101_rescue/UCF-101/Biking/v_Biking_g01_c01.avi,data/backend_inputs/Biking_v_Biking_g01_c01/seed_42/rat_dp/rat_intermediate_merged.mp4,,,
E2,Biking_v_Biking_g01_c01,Biking,RAT+traj,42,30,171.476901700,data/ucf101_rescue/UCF-101/Biking/v_Biking_g01_c01.avi,data/backend_inputs/Biking_v_Biking_g01_c01/seed_42/rat_dp/rat_intermediate_merged.mp4,,,
E2,Biking_v_Biking_g01_c01,Biking,Motion-reference,42,30,171.476901700,data/ucf101_rescue/UCF-101/Biking/v_Biking_g01_c01.avi,data/backend_inputs/Biking_v_Biking_g01_c01/seed_42/rat_dp/rat_intermediate_merged.mp4,,,
E2,Biking_v_Biking_g01_c01,Biking,Random,42,30,171.476901700,data/ucf101_rescue/UCF-101/Biking/v_Biking_g01_c01.avi,data/backend_inputs/Biking_v_Biking_g01_c01/seed_42/rat_dp/rat_intermediate_merged.mp4,,,
E2,Biking_v_Biking_g01_c01,Biking,Shifted-RAT+traj,42,30,171.476901700,data/ucf101_rescue/UCF-101/Biking/v_Biking_g01_c01.avi,data/backend_inputs/Biking_v_Biking_g01_c01/seed_42/rat_dp/rat_intermediate_merged.mp4,,,
E2,Biking_v_Biking_g01_c01,Biking,RAT-fusion,42,30,171.476901700,data/ucf101_rescue/UCF-101/Biking/v_Biking_g01_c01.avi,data/backend_inputs/Biking_v_Biking_g01_c01/seed_42/rat_dp/rat_intermediate_merged.mp4,,,
E2,Biking_v_Biking_g01_c01,Biking,Shifted-RAT-fusion,42,30,171.476901700,data/ucf101_rescue/UCF-101/Biking/v_Biking_g01_c01.avi,data/backend_inputs/Biking_v_Biking_g01_c01/seed_42/rat_dp/rat_intermediate_merged.mp4,,,
E2,Biking_v_Biking_g01_c01,Biking,VideoMAE-only,42,30,171.476901700,data/ucf101_rescue/UCF-101/Biking/v_Biking_g01_c01.avi,data/backend_inputs/Biking_v_Biking_g01_c01/seed_42/rat_dp/rat_intermediate_merged.mp4,,,
E2,Biking_v_Biking_g01_c01,Biking,RAT+traj,42,40,198.004470713,data/ucf101_rescue/UCF-101/Biking/v_Biking_g01_c01.avi,data/backend_inputs/Biking_v_Biking_g01_c01/seed_42/rat_dp/rat_intermediate_merged.mp4,,,
E2,Biking_v_Biking_g01_c01,Biking,Motion-reference,42,40,198.004470713,data/ucf101_rescue/UCF-101/Biking/v_Biking_g01_c01.avi,data/backend_inputs/Biking_v_Biking_g01_c01/seed_42/rat_dp/rat_intermediate_merged.mp4,,,
E2,Biking_v_Biking_g01_c01,Biking,Random,42,40,198.004470713,data/ucf101_rescue/UCF-101/Biking/v_Biking_g01_c01.avi,data/backend_inputs/Biking_v_Biking_g01_c01/seed_42/rat_dp/rat_intermediate_merged.mp4,,,
E2,Biking_v_Biking_g01_c01,Biking,Shifted-RAT+traj,42,40,198.004470713,data/ucf101_rescue/UCF-101/Biking/v_Biking_g01_c01.avi,data/backend_inputs/Biking_v_Biking_g01_c01/seed_42/rat_dp/rat_intermediate_merged.mp4,,,
E2,Biking_v_Biking_g01_c01,Biking,RAT-fusion,42,40,198.004470713,data/ucf101_rescue/UCF-101/Biking/v_Biking_g01_c01.avi,data/backend_inputs/Biking_v_Biking_g01_c01/seed_42/rat_dp/rat_intermediate_merged.mp4,,,
E2,Biking_v_Biking_g01_c01,Biking,Shifted-RAT-fusion,42,40,198.004470713,data/ucf101_rescue/UCF-101/Biking/v_Biking_g01_c01.avi,data/backend_inputs/Biking_v_Biking_g01_c01/seed_42/rat_dp/rat_intermediate_merged.mp4,,,
E2,Biking_v_Biking_g01_c01,Biking,VideoMAE-only,42,40,198.004470713,data/ucf101_rescue/UCF-101/Biking/v_Biking_g01_c01.avi,data/backend_inputs/Biking_v_Biking_g01_c01/seed_42/rat_dp/rat_intermediate_merged.mp4,,,
E2,Biking_v_Biking_g02_c01,Biking,RAT+traj,42,10,124.813668416,data/ucf101_rescue/UCF-101/Biking/v_Biking_g02_c01.avi,data/backend_inputs/Biking_v_Biking_g02_c01/seed_42/rat_dp/rat_intermediate_merged.mp4,,,
E2,Biking_v_Biking_g02_c01,Biking,Motion-reference,42,10,124.813668416,data/ucf101_rescue/UCF-101/Biking/v_Biking_g02_c01.avi,data/backend_inputs/Biking_v_Biking_g02_c01/seed_42/rat_dp/rat_intermediate_merged.mp4,,,
E2,Biking_v_Biking_g02_c01,Biking,Random,42,10,124.813668416,data/ucf101_rescue/UCF-101/Biking/v_Biking_g02_c01.avi,data/backend_inputs/Biking_v_Biking_g02_c01/seed_42/rat_dp/rat_intermediate_merged.mp4,,,
E2,Biking_v_Biking_g02_c01,Biking,Shifted-RAT+traj,42,10,124.813668416,data/ucf101_rescue/UCF-101/Biking/v_Biking_g02_c01.avi,data/backend_inputs/Biking_v_Biking_g02_c01/seed_42/rat_dp/rat_intermediate_merged.mp4,,,
E2,Biking_v_Biking_g02_c01,Biking,RAT-fusion,42,10,124.813668416,data/ucf101_rescue/UCF-101/Biking/v_Biking_g02_c01.avi,data/backend_inputs/Biking_v_Biking_g02_c01/seed_42/rat_dp/rat_intermediate_merged.mp4,,,
E2,Biking_v_Biking_g02_c01,Biking,Shifted-RAT-fusion,42,10,124.813668416,data/ucf101_rescue/UCF-101/Biking/v_Biking_g02_c01.avi,data/backend_inputs/Biking_v_Biking_g02_c01/seed_42/rat_dp/rat_intermediate_merged.mp4,,,
E2,Biking_v_Biking_g02_c01,Biking,VideoMAE-only,42,10,124.813668416,data/ucf101_rescue/UCF-101/Biking/v_Biking_g02_c01.avi,data/backend_inputs/Biking_v_Biking_g02_c01/seed_42/rat_dp/rat_intermediate_merged.mp4,,,
E2,Biking_v_Biking_g02_c01,Biking,RAT+traj,42,20,176.513182643,data/ucf101_rescue/UCF-101/Biking/v_Biking_g02_c01.avi,data/backend_inputs/Biking_v_Biking_g02_c01/seed_42/rat_dp/rat_intermediate_merged.mp4,,,
E2,Biking_v_Biking_g02_c01,Biking,Motion-reference,42,20,176.513182643,data/ucf101_rescue/UCF-101/Biking/v_Biking_g02_c01.avi,data/backend_inputs/Biking_v_Biking_g02_c01/seed_42/rat_dp/rat_intermediate_merged.mp4,,,
E2,Biking_v_Biking_g02_c01,Biking,Random,42,20,176.513182643,data/ucf101_rescue/UCF-101/Biking/v_Biking_g02_c01.avi,data/backend_inputs/Biking_v_Biking_g02_c01/seed_42/rat_dp/rat_intermediate_merged.mp4,,,
E2,Biking_v_Biking_g02_c01,Biking,Shifted-RAT+traj,42,20,176.513182643,data/ucf101_rescue/UCF-101/Biking/v_Biking_g02_c01.avi,data/backend_inputs/Biking_v_Biking_g02_c01/seed_42/rat_dp/rat_intermediate_merged.mp4,,,
E2,Biking_v_Biking_g02_c01,Biking,RAT-fusion,42,20,176.513182643,data/ucf101_rescue/UCF-101/Biking/v_Biking_g02_c01.avi,data/backend_inputs/Biking_v_Biking_g02_c01/seed_42/rat_dp/rat_intermediate_merged.mp4,,,
E2,Biking_v_Biking_g02_c01,Biking,Shifted-RAT-fusion,42,20,176.513182643,data/ucf101_rescue/UCF-101/Biking/v_Biking_g02_c01.avi,data/backend_inputs/Biking_v_Biking_g02_c01/seed_42/rat_dp/rat_intermediate_merged.mp4,,,
E2,Biking_v_Biking_g02_c01,Biking,VideoMAE-only,42,20,176.513182643,data/ucf101_rescue/UCF-101/Biking/v_Biking_g02_c01.avi,data/backend_inputs/Biking_v_Biking_g02_c01/seed_42/rat_dp/rat_intermediate_merged.mp4,,,
E2,Biking_v_Biking_g02_c01,Biking,RAT+traj,42,30,216.183615175,data/ucf101_rescue/UCF-101/Biking/v_Biking_g02_c01.avi,data/backend_inputs/Biking_v_Biking_g02_c01/seed_42/rat_dp/rat_intermediate_merged.mp4,,,
E2,Biking_v_Biking_g02_c01,Biking,Motion-reference,42,30,216.183615175,data/ucf101_rescue/UCF-101/Biking/v_Biking_g02_c01.avi,data/backend_inputs/Biking_v_Biking_g02_c01/seed_42/rat_dp/rat_intermediate_merged.mp4,,,
E2,Biking_v_Biking_g02_c01,Biking,Random,42,30,216.183615175,data/ucf101_rescue/UCF-101/Biking/v_Biking_g02_c01.avi,data/backend_inputs/Biking_v_Biking_g02_c01/seed_42/rat_dp/rat_intermediate_merged.mp4,,,
E2,Biking_v_Biking_g02_c01,Biking,Shifted-RAT+traj,42,30,216.183615175,data/ucf101_rescue/UCF-101/Biking/v_Biking_g02_c01.avi,data/backend_inputs/Biking_v_Biking_g02_c01/seed_42/rat_dp/rat_intermediate_merged.mp4,,,
E2,Biking_v_Biking_g02_c01,Biking,RAT-fusion,42,30,216.183615175,data/ucf101_rescue/UCF-101/Biking/v_Biking_g02_c01.avi,data/backend_inputs/Biking_v_Biking_g02_c01/seed_42/rat_dp/rat_intermediate_merged.mp4,,,
E2,Biking_v_Biking_g02_c01,Biking,Shifted-RAT-fusion,42,30,216.183615175,data/ucf101_rescue/UCF-101/Biking/v_Biking_g02_c01.avi,data/backend_inputs/Biking_v_Biking_g02_c01/seed_42/rat_dp/rat_intermediate_merged.mp4,,,
E2,Biking_v_Biking_g02_c01,Biking,VideoMAE-only,42,30,216.183615175,data/ucf101_rescue/UCF-101/Biking/v_Biking_g02_c01.avi,data/backend_inputs/Biking_v_Biking_g02_c01/seed_42/rat_dp/rat_intermediate_merged.mp4,,,
E2,Biking_v_Biking_g02_c01,Biking,RAT+traj,42,40,249.627336832,data/ucf101_rescue/UCF-101/Biking/v_Biking_g02_c01.avi,data/backend_inputs/Biking_v_Biking_g02_c01/seed_42/rat_dp/rat_intermediate_merged.mp4,,,
E2,Biking_v_Biking_g02_c01,Biking,Motion-reference,42,40,249.627336832,data/ucf101_rescue/UCF-101/Biking/v_Biking_g02_c01.avi,data/backend_inputs/Biking_v_Biking_g02_c01/seed_42/rat_dp/rat_intermediate_merged.mp4,,,
E2,Biking_v_Biking_g02_c01,Biking,Random,42,40,249.627336832,data/ucf101_rescue/UCF-101/Biking/v_Biking_g02_c01.avi,data/backend_inputs/Biking_v_Biking_g02_c01/seed_42/rat_dp/rat_intermediate_merged.mp4,,,
E2,Biking_v_Biking_g02_c01,Biking,Shifted-RAT+traj,42,40,249.627336832,data/ucf101_rescue/UCF-101/Biking/v_Biking_g02_c01.avi,data/backend_inputs/Biking_v_Biking_g02_c01/seed_42/rat_dp/rat_intermediate_merged.mp4,,,
E2,Biking_v_Biking_g02_c01,Biking,RAT-fusion,42,40,249.627336832,data/ucf101_rescue/UCF-101/Biking/v_Biking_g02_c01.avi,data/backend_inputs/Biking_v_Biking_g02_c01/seed_42/rat_dp/rat_intermediate_merged.mp4,,,
E2,Biking_v_Biking_g02_c01,Biking,Shifted-RAT-fusion,42,40,249.627336832,data/ucf101_rescue/UCF-101/Biking/v_Biking_g02_c01.avi,data/backend_inputs/Biking_v_Biking_g02_c01/seed_42/rat_dp/rat_intermediate_merged.mp4,,,
E2,Biking_v_Biking_g02_c01,Biking,VideoMAE-only,42,40,249.627336832,data/ucf101_rescue/UCF-101/Biking/v_Biking_g02_c01.avi,data/backend_inputs/Biking_v_Biking_g02_c01/seed_42/rat_dp/rat_intermediate_merged.mp4,,,
E2,Biking_v_Biking_g03_c01,Biking,RAT+traj,42,10,156.846969489,data/ucf101_rescue/UCF-101/Biking/v_Biking_g03_c01.avi,data/backend_inputs/Biking_v_Biking_g03_c01/seed_42/rat_dp/rat_intermediate_merged.mp4,,,
E2,Biking_v_Biking_g03_c01,Biking,Motion-reference,42,10,156.846969489,data/ucf101_rescue/UCF-101/Biking/v_Biking_g03_c01.avi,data/backend_inputs/Biking_v_Biking_g03_c01/seed_42/rat_dp/rat_intermediate_merged.mp4,,,
E2,Biking_v_Biking_g03_c01,Biking,Random,42,10,156.846969489,data/ucf101_rescue/UCF-101/Biking/v_Biking_g03_c01.avi,data/backend_inputs/Biking_v_Biking_g03_c01/seed_42/rat_dp/rat_intermediate_merged.mp4,,,
E2,Biking_v_Biking_g03_c01,Biking,Shifted-RAT+traj,42,10,156.846969489,data/ucf101_rescue/UCF-101/Biking/v_Biking_g03_c01.avi,data/backend_inputs/Biking_v_Biking_g03_c01/seed_42/rat_dp/rat_intermediate_merged.mp4,,,
E2,Biking_v_Biking_g03_c01,Biking,RAT-fusion,42,10,156.846969489,data/ucf101_rescue/UCF-101/Biking/v_Biking_g03_c01.avi,data/backend_inputs/Biking_v_Biking_g03_c01/seed_42/rat_dp/rat_intermediate_merged.mp4,,,
E2,Biking_v_Biking_g03_c01,Biking,Shifted-RAT-fusion,42,10,156.846969489,data/ucf101_rescue/UCF-101/Biking/v_Biking_g03_c01.avi,data/backend_inputs/Biking_v_Biking_g03_c01/seed_42/rat_dp/rat_intermediate_merged.mp4,,,
E2,Biking_v_Biking_g03_c01,Biking,VideoMAE-only,42,10,156.846969489,data/ucf101_rescue/UCF-101/Biking/v_Biking_g03_c01.avi,data/backend_inputs/Biking_v_Biking_g03_c01/seed_42/rat_dp/rat_intermediate_merged.mp4,,,
E2,Biking_v_Biking_g03_c01,Biking,RAT+traj,42,20,221.815111468,data/ucf101_rescue/UCF-101/Biking/v_Biking_g03_c01.avi,data/backend_inputs/Biking_v_Biking_g03_c01/seed_42/rat_dp/rat_intermediate_merged.mp4,,,
E2,Biking_v_Biking_g03_c01,Biking,Motion-reference,42,20,221.815111468,data/ucf101_rescue/UCF-101/Biking/v_Biking_g03_c01.avi,data/backend_inputs/Biking_v_Biking_g03_c01/seed_42/rat_dp/rat_intermediate_merged.mp4,,,
E2,Biking_v_Biking_g03_c01,Biking,Random,42,20,221.815111468,data/ucf101_rescue/UCF-101/Biking/v_Biking_g03_c01.avi,data/backend_inputs/Biking_v_Biking_g03_c01/seed_42/rat_dp/rat_intermediate_merged.mp4,,,
E2,Biking_v_Biking_g03_c01,Biking,Shifted-RAT+traj,42,20,221.815111468,data/ucf101_rescue/UCF-101/Biking/v_Biking_g03_c01.avi,data/backend_inputs/Biking_v_Biking_g03_c01/seed_42/rat_dp/rat_intermediate_merged.mp4,,,
E2,Biking_v_Biking_g03_c01,Biking,RAT-fusion,42,20,221.815111468,data/ucf101_rescue/UCF-101/Biking/v_Biking_g03_c01.avi,data/backend_inputs/Biking_v_Biking_g03_c01/seed_42/rat_dp/rat_intermediate_merged.mp4,,,
E2,Biking_v_Biking_g03_c01,Biking,Shifted-RAT-fusion,42,20,221.815111468,data/ucf101_rescue/UCF-101/Biking/v_Biking_g03_c01.avi,data/backend_inputs/Biking_v_Biking_g03_c01/seed_42/rat_dp/rat_intermediate_merged.mp4,,,
E2,Biking_v_Biking_g03_c01,Biking,VideoMAE-only,42,20,221.815111468,data/ucf101_rescue/UCF-101/Biking/v_Biking_g03_c01.avi,data/backend_inputs/Biking_v_Biking_g03_c01/seed_42/rat_dp/rat_intermediate_merged.mp4,,,
E2,Biking_v_Biking_g03_c01,Biking,RAT+traj,42,30,271.666920168,data/ucf101_rescue/UCF-101/Biking/v_Biking_g03_c01.avi,data/backend_inputs/Biking_v_Biking_g03_c01/seed_42/rat_dp/rat_intermediate_merged.mp4,,,
E2,Biking_v_Biking_g03_c01,Biking,Motion-reference,42,30,271.666920168,data/ucf101_rescue/UCF-101/Biking/v_Biking_g03_c01.avi,data/backend_inputs/Biking_v_Biking_g03_c01/seed_42/rat_dp/rat_intermediate_merged.mp4,,,
E2,Biking_v_Biking_g03_c01,Biking,Random,42,30,271.666920168,data/ucf101_rescue/UCF-101/Biking/v_Biking_g03_c01.avi,data/backend_inputs/Biking_v_Biking_g03_c01/seed_42/rat_dp/rat_intermediate_merged.mp4,,,
E2,Biking_v_Biking_g03_c01,Biking,Shifted-RAT+traj,42,30,271.666920168,data/ucf101_rescue/UCF-101/Biking/v_Biking_g03_c01.avi,data/backend_inputs/Biking_v_Biking_g03_c01/seed_42/rat_dp/rat_intermediate_merged.mp4,,,
E2,Biking_v_Biking_g03_c01,Biking,RAT-fusion,42,30,271.666920168,data/ucf101_rescue/UCF-101/Biking/v_Biking_g03_c01.avi,data/backend_inputs/Biking_v_Biking_g03_c01/seed_42/rat_dp/rat_intermediate_merged.mp4,,,
E2,Biking_v_Biking_g03_c01,Biking,Shifted-RAT-fusion,42,30,271.666920168,data/ucf101_rescue/UCF-101/Biking/v_Biking_g03_c01.avi,data/backend_inputs/Biking_v_Biking_g03_c01/seed_42/rat_dp/rat_intermediate_merged.mp4,,,
E2,Biking_v_Biking_g03_c01,Biking,VideoMAE-only,42,30,271.666920168,data/ucf101_rescue/UCF-101/Biking/v_Biking_g03_c01.avi,data/backend_inputs/Biking_v_Biking_g03_c01/seed_42/rat_dp/rat_intermediate_merged.mp4,,,
E2,Biking_v_Biking_g03_c01,Biking,RAT+traj,42,40,313.693938978,data/ucf101_rescue/UCF-101/Biking/v_Biking_g03_c01.avi,data/backend_inputs/Biking_v_Biking_g03_c01/seed_42/rat_dp/rat_intermediate_merged.mp4,,,
E2,Biking_v_Biking_g03_c01,Biking,Motion-reference,42,40,313.693938978,data/ucf101_rescue/UCF-101/Biking/v_Biking_g03_c01.avi,data/backend_inputs/Biking_v_Biking_g03_c01/seed_42/rat_dp/rat_intermediate_merged.mp4,,,
E2,Biking_v_Biking_g03_c01,Biking,Random,42,40,313.693938978,data/ucf101_rescue/UCF-101/Biking/v_Biking_g03_c01.avi,data/backend_inputs/Biking_v_Biking_g03_c01/seed_42/rat_dp/rat_intermediate_merged.mp4,,,
E2,Biking_v_Biking_g03_c01,Biking,Shifted-RAT+traj,42,40,313.693938978,data/ucf101_rescue/UCF-101/Biking/v_Biking_g03_c01.avi,data/backend_inputs/Biking_v_Biking_g03_c01/seed_42/rat_dp/rat_intermediate_merged.mp4,,,
E2,Biking_v_Biking_g03_c01,Biking,RAT-fusion,42,40,313.693938978,data/ucf101_rescue/UCF-101/Biking/v_Biking_g03_c01.avi,data/backend_inputs/Biking_v_Biking_g03_c01/seed_42/rat_dp/rat_intermediate_merged.mp4,,,
E2,Biking_v_Biking_g03_c01,Biking,Shifted-RAT-fusion,42,40,313.693938978,data/ucf101_rescue/UCF-101/Biking/v_Biking_g03_c01.avi,data/backend_inputs/Biking_v_Biking_g03_c01/seed_42/rat_dp/rat_intermediate_merged.mp4,,,
E2,Biking_v_Biking_g03_c01,Biking,VideoMAE-only,42,40,313.693938978,data/ucf101_rescue/UCF-101/Biking/v_Biking_g03_c01.avi,data/backend_inputs/Biking_v_Biking_g03_c01/seed_42/rat_dp/rat_intermediate_merged.mp4,,,
E2,Biking_v_Biking_g04_c01,Biking,RAT+traj,42,10,124.813668416,data/ucf101_rescue/UCF-101/Biking/v_Biking_g04_c01.avi,data/backend_inputs/Biking_v_Biking_g04_c01/seed_42/rat_dp/rat_intermediate_merged.mp4,,,
E2,Biking_v_Biking_g04_c01,Biking,Motion-reference,42,10,124.813668416,data/ucf101_rescue/UCF-101/Biking/v_Biking_g04_c01.avi,data/backend_inputs/Biking_v_Biking_g04_c01/seed_42/rat_dp/rat_intermediate_merged.mp4,,,
E2,Biking_v_Biking_g04_c01,Biking,Random,42,10,124.813668416,data/ucf101_rescue/UCF-101/Biking/v_Biking_g04_c01.avi,data/backend_inputs/Biking_v_Biking_g04_c01/seed_42/rat_dp/rat_intermediate_merged.mp4,,,
E2,Biking_v_Biking_g04_c01,Biking,Shifted-RAT+traj,42,10,124.813668416,data/ucf101_rescue/UCF-101/Biking/v_Biking_g04_c01.avi,data/backend_inputs/Biking_v_Biking_g04_c01/seed_42/rat_dp/rat_intermediate_merged.mp4,,,
E2,Biking_v_Biking_g04_c01,Biking,RAT-fusion,42,10,124.813668416,data/ucf101_rescue/UCF-101/Biking/v_Biking_g04_c01.avi,data/backend_inputs/Biking_v_Biking_g04_c01/seed_42/rat_dp/rat_intermediate_merged.mp4,,,
E2,Biking_v_Biking_g04_c01,Biking,Shifted-RAT-fusion,42,10,124.813668416,data/ucf101_rescue/UCF-101/Biking/v_Biking_g04_c01.avi,data/backend_inputs/Biking_v_Biking_g04_c01/seed_42/rat_dp/rat_intermediate_merged.mp4,,,
E2,Biking_v_Biking_g04_c01,Biking,VideoMAE-only,42,10,124.813668416,data/ucf101_rescue/UCF-101/Biking/v_Biking_g04_c01.avi,data/backend_inputs/Biking_v_Biking_g04_c01/seed_42/rat_dp/rat_intermediate_merged.mp4,,,
E2,Biking_v_Biking_g04_c01,Biking,RAT+traj,42,20,176.513182643,data/ucf101_rescue/UCF-101/Biking/v_Biking_g04_c01.avi,data/backend_inputs/Biking_v_Biking_g04_c01/seed_42/rat_dp/rat_intermediate_merged.mp4,,,
E2,Biking_v_Biking_g04_c01,Biking,Motion-reference,42,20,176.513182643,data/ucf101_rescue/UCF-101/Biking/v_Biking_g04_c01.avi,data/backend_inputs/Biking_v_Biking_g04_c01/seed_42/rat_dp/rat_intermediate_merged.mp4,,,
E2,Biking_v_Biking_g04_c01,Biking,Random,42,20,176.513182643,data/ucf101_rescue/UCF-101/Biking/v_Biking_g04_c01.avi,data/backend_inputs/Biking_v_Biking_g04_c01/seed_42/rat_dp/rat_intermediate_merged.mp4,,,
E2,Biking_v_Biking_g04_c01,Biking,Shifted-RAT+traj,42,20,176.513182643,data/ucf101_rescue/UCF-101/Biking/v_Biking_g04_c01.avi,data/backend_inputs/Biking_v_Biking_g04_c01/seed_42/rat_dp/rat_intermediate_merged.mp4,,,
E2,Biking_v_Biking_g04_c01,Biking,RAT-fusion,42,20,176.513182643,data/ucf101_rescue/UCF-101/Biking/v_Biking_g04_c01.avi,data/backend_inputs/Biking_v_Biking_g04_c01/seed_42/rat_dp/rat_intermediate_merged.mp4,,,
E2,Biking_v_Biking_g04_c01,Biking,Shifted-RAT-fusion,42,20,176.513182643,data/ucf101_rescue/UCF-101/Biking/v_Biking_g04_c01.avi,data/backend_inputs/Biking_v_Biking_g04_c01/seed_42/rat_dp/rat_intermediate_merged.mp4,,,
E2,Biking_v_Biking_g04_c01,Biking,VideoMAE-only,42,20,176.513182643,data/ucf101_rescue/UCF-101/Biking/v_Biking_g04_c01.avi,data/backend_inputs/Biking_v_Biking_g04_c01/seed_42/rat_dp/rat_intermediate_merged.mp4,,,
E2,Biking_v_Biking_g04_c01,Biking,RAT+traj,42,30,216.183615175,data/ucf101_rescue/UCF-101/Biking/v_Biking_g04_c01.avi,data/backend_inputs/Biking_v_Biking_g04_c01/seed_42/rat_dp/rat_intermediate_merged.mp4,,,
E2,Biking_v_Biking_g04_c01,Biking,Motion-reference,42,30,216.183615175,data/ucf101_rescue/UCF-101/Biking/v_Biking_g04_c01.avi,data/backend_inputs/Biking_v_Biking_g04_c01/seed_42/rat_dp/rat_intermediate_merged.mp4,,,
E2,Biking_v_Biking_g04_c01,Biking,Random,42,30,216.183615175,data/ucf101_rescue/UCF-101/Biking/v_Biking_g04_c01.avi,data/backend_inputs/Biking_v_Biking_g04_c01/seed_42/rat_dp/rat_intermediate_merged.mp4,,,
E2,Biking_v_Biking_g04_c01,Biking,Shifted-RAT+traj,42,30,216.183615175,data/ucf101_rescue/UCF-101/Biking/v_Biking_g04_c01.avi,data/backend_inputs/Biking_v_Biking_g04_c01/seed_42/rat_dp/rat_intermediate_merged.mp4,,,
E2,Biking_v_Biking_g04_c01,Biking,RAT-fusion,42,30,216.183615175,data/ucf101_rescue/UCF-101/Biking/v_Biking_g04_c01.avi,data/backend_inputs/Biking_v_Biking_g04_c01/seed_42/rat_dp/rat_intermediate_merged.mp4,,,
E2,Biking_v_Biking_g04_c01,Biking,Shifted-RAT-fusion,42,30,216.183615175,data/ucf101_rescue/UCF-101/Biking/v_Biking_g04_c01.avi,data/backend_inputs/Biking_v_Biking_g04_c01/seed_42/rat_dp/rat_intermediate_merged.mp4,,,
E2,Biking_v_Biking_g04_c01,Biking,VideoMAE-only,42,30,216.183615175,data/ucf101_rescue/UCF-101/Biking/v_Biking_g04_c01.avi,data/backend_inputs/Biking_v_Biking_g04_c01/seed_42/rat_dp/rat_intermediate_merged.mp4,,,
E2,Biking_v_Biking_g04_c01,Biking,RAT+traj,42,40,249.627336832,data/ucf101_rescue/UCF-101/Biking/v_Biking_g04_c01.avi,data/backend_inputs/Biking_v_Biking_g04_c01/seed_42/rat_dp/rat_intermediate_merged.mp4,,,
E2,Biking_v_Biking_g04_c01,Biking,Motion-reference,42,40,249.627336832,data/ucf101_rescue/UCF-101/Biking/v_Biking_g04_c01.avi,data/backend_inputs/Biking_v_Biking_g04_c01/seed_42/rat_dp/rat_intermediate_merged.mp4,,,
E2,Biking_v_Biking_g04_c01,Biking,Random,42,40,249.627336832,data/ucf101_rescue/UCF-101/Biking/v_Biking_g04_c01.avi,data/backend_inputs/Biking_v_Biking_g04_c01/seed_42/rat_dp/rat_intermediate_merged.mp4,,,
E2,Biking_v_Biking_g04_c01,Biking,Shifted-RAT+traj,42,40,249.627336832,data/ucf101_rescue/UCF-101/Biking/v_Biking_g04_c01.avi,data/backend_inputs/Biking_v_Biking_g04_c01/seed_42/rat_dp/rat_intermediate_merged.mp4,,,
E2,Biking_v_Biking_g04_c01,Biking,RAT-fusion,42,40,249.627336832,data/ucf101_rescue/UCF-101/Biking/v_Biking_g04_c01.avi,data/backend_inputs/Biking_v_Biking_g04_c01/seed_42/rat_dp/rat_intermediate_merged.mp4,,,
E2,Biking_v_Biking_g04_c01,Biking,Shifted-RAT-fusion,42,40,249.627336832,data/ucf101_rescue/UCF-101/Biking/v_Biking_g04_c01.avi,data/backend_inputs/Biking_v_Biking_g04_c01/seed_42/rat_dp/rat_intermediate_merged.mp4,,,
E2,Biking_v_Biking_g04_c01,Biking,VideoMAE-only,42,40,249.627336832,data/ucf101_rescue/UCF-101/Biking/v_Biking_g04_c01.avi,data/backend_inputs/Biking_v_Biking_g04_c01/seed_42/rat_dp/rat_intermediate_merged.mp4,,,
E2,Diving_v_Diving_g01_c01,Diving,RAT+traj,42,10,129.660116945,data/ucf101_rescue/UCF-101/Diving/v_Diving_g01_c01.avi,data/backend_inputs/Diving_v_Diving_g01_c01/seed_42/rat_dp/rat_intermediate_merged.mp4,,,
E2,Diving_v_Diving_g01_c01,Diving,Motion-reference,42,10,129.660116945,data/ucf101_rescue/UCF-101/Diving/v_Diving_g01_c01.avi,data/backend_inputs/Diving_v_Diving_g01_c01/seed_42/rat_dp/rat_intermediate_merged.mp4,,,
E2,Diving_v_Diving_g01_c01,Diving,Random,42,10,129.660116945,data/ucf101_rescue/UCF-101/Diving/v_Diving_g01_c01.avi,data/backend_inputs/Diving_v_Diving_g01_c01/seed_42/rat_dp/rat_intermediate_merged.mp4,,,
E2,Diving_v_Diving_g01_c01,Diving,Shifted-RAT+traj,42,10,129.660116945,data/ucf101_rescue/UCF-101/Diving/v_Diving_g01_c01.avi,data/backend_inputs/Diving_v_Diving_g01_c01/seed_42/rat_dp/rat_intermediate_merged.mp4,,,
E2,Diving_v_Diving_g01_c01,Diving,RAT-fusion,42,10,129.660116945,data/ucf101_rescue/UCF-101/Diving/v_Diving_g01_c01.avi,data/backend_inputs/Diving_v_Diving_g01_c01/seed_42/rat_dp/rat_intermediate_merged.mp4,,,
E2,Diving_v_Diving_g01_c01,Diving,Shifted-RAT-fusion,42,10,129.660116945,data/ucf101_rescue/UCF-101/Diving/v_Diving_g01_c01.avi,data/backend_inputs/Diving_v_Diving_g01_c01/seed_42/rat_dp/rat_intermediate_merged.mp4,,,
E2,Diving_v_Diving_g01_c01,Diving,VideoMAE-only,42,10,129.660116945,data/ucf101_rescue/UCF-101/Diving/v_Diving_g01_c01.avi,data/backend_inputs/Diving_v_Diving_g01_c01/seed_42/rat_dp/rat_intermediate_merged.mp4,,,
E2,Diving_v_Diving_g01_c01,Diving,RAT+traj,42,20,183.367095882,data/ucf101_rescue/UCF-101/Diving/v_Diving_g01_c01.avi,data/backend_inputs/Diving_v_Diving_g01_c01/seed_42/rat_dp/rat_intermediate_merged.mp4,,,
E2,Diving_v_Diving_g01_c01,Diving,Motion-reference,42,20,183.367095882,data/ucf101_rescue/UCF-101/Diving/v_Diving_g01_c01.avi,data/backend_inputs/Diving_v_Diving_g01_c01/seed_42/rat_dp/rat_intermediate_merged.mp4,,,
E2,Diving_v_Diving_g01_c01,Diving,Random,42,20,183.367095882,data/ucf101_rescue/UCF-101/Diving/v_Diving_g01_c01.avi,data/backend_inputs/Diving_v_Diving_g01_c01/seed_42/rat_dp/rat_intermediate_merged.mp4,,,
E2,Diving_v_Diving_g01_c01,Diving,Shifted-RAT+traj,42,20,183.367095882,data/ucf101_rescue/UCF-101/Diving/v_Diving_g01_c01.avi,data/backend_inputs/Diving_v_Diving_g01_c01/seed_42/rat_dp/rat_intermediate_merged.mp4,,,
E2,Diving_v_Diving_g01_c01,Diving,RAT-fusion,42,20,183.367095882,data/ucf101_rescue/UCF-101/Diving/v_Diving_g01_c01.avi,data/backend_inputs/Diving_v_Diving_g01_c01/seed_42/rat_dp/rat_intermediate_merged.mp4,,,
E2,Diving_v_Diving_g01_c01,Diving,Shifted-RAT-fusion,42,20,183.367095882,data/ucf101_rescue/UCF-101/Diving/v_Diving_g01_c01.avi,data/backend_inputs/Diving_v_Diving_g01_c01/seed_42/rat_dp/rat_intermediate_merged.mp4,,,
E2,Diving_v_Diving_g01_c01,Diving,VideoMAE-only,42,20,183.367095882,data/ucf101_rescue/UCF-101/Diving/v_Diving_g01_c01.avi,data/backend_inputs/Diving_v_Diving_g01_c01/seed_42/rat_dp/rat_intermediate_merged.mp4,,,
E2,Diving_v_Diving_g01_c01,Diving,RAT+traj,42,30,224.577910264,data/ucf101_rescue/UCF-101/Diving/v_Diving_g01_c01.avi,data/backend_inputs/Diving_v_Diving_g01_c01/seed_42/rat_dp/rat_intermediate_merged.mp4,,,
E2,Diving_v_Diving_g01_c01,Diving,Motion-reference,42,30,224.577910264,data/ucf101_rescue/UCF-101/Diving/v_Diving_g01_c01.avi,data/backend_inputs/Diving_v_Diving_g01_c01/seed_42/rat_dp/rat_intermediate_merged.mp4,,,
E2,Diving_v_Diving_g01_c01,Diving,Random,42,30,224.577910264,data/ucf101_rescue/UCF-101/Diving/v_Diving_g01_c01.avi,data/backend_inputs/Diving_v_Diving_g01_c01/seed_42/rat_dp/rat_intermediate_merged.mp4,,,
E2,Diving_v_Diving_g01_c01,Diving,Shifted-RAT+traj,42,30,224.577910264,data/ucf101_rescue/UCF-101/Diving/v_Diving_g01_c01.avi,data/backend_inputs/Diving_v_Diving_g01_c01/seed_42/rat_dp/rat_intermediate_merged.mp4,,,
E2,Diving_v_Diving_g01_c01,Diving,RAT-fusion,42,30,224.577910264,data/ucf101_rescue/UCF-101/Diving/v_Diving_g01_c01.avi,data/backend_inputs/Diving_v_Diving_g01_c01/seed_42/rat_dp/rat_intermediate_merged.mp4,,,
E2,Diving_v_Diving_g01_c01,Diving,Shifted-RAT-fusion,42,30,224.577910264,data/ucf101_rescue/UCF-101/Diving/v_Diving_g01_c01.avi,data/backend_inputs/Diving_v_Diving_g01_c01/seed_42/rat_dp/rat_intermediate_merged.mp4,,,
E2,Diving_v_Diving_g01_c01,Diving,VideoMAE-only,42,30,224.577910264,data/ucf101_rescue/UCF-101/Diving/v_Diving_g01_c01.avi,data/backend_inputs/Diving_v_Diving_g01_c01/seed_42/rat_dp/rat_intermediate_merged.mp4,,,
E2,Diving_v_Diving_g01_c01,Diving,RAT+traj,42,40,259.320233889,data/ucf101_rescue/UCF-101/Diving/v_Diving_g01_c01.avi,data/backend_inputs/Diving_v_Diving_g01_c01/seed_42/rat_dp/rat_intermediate_merged.mp4,,,
E2,Diving_v_Diving_g01_c01,Diving,Motion-reference,42,40,259.320233889,data/ucf101_rescue/UCF-101/Diving/v_Diving_g01_c01.avi,data/backend_inputs/Diving_v_Diving_g01_c01/seed_42/rat_dp/rat_intermediate_merged.mp4,,,
E2,Diving_v_Diving_g01_c01,Diving,Random,42,40,259.320233889,data/ucf101_rescue/UCF-101/Diving/v_Diving_g01_c01.avi,data/backend_inputs/Diving_v_Diving_g01_c01/seed_42/rat_dp/rat_intermediate_merged.mp4,,,
E2,Diving_v_Diving_g01_c01,Diving,Shifted-RAT+traj,42,40,259.320233889,data/ucf101_rescue/UCF-101/Diving/v_Diving_g01_c01.avi,data/backend_inputs/Diving_v_Diving_g01_c01/seed_42/rat_dp/rat_intermediate_merged.mp4,,,
E2,Diving_v_Diving_g01_c01,Diving,RAT-fusion,42,40,259.320233889,data/ucf101_rescue/UCF-101/Diving/v_Diving_g01_c01.avi,data/backend_inputs/Diving_v_Diving_g01_c01/seed_42/rat_dp/rat_intermediate_merged.mp4,,,
E2,Diving_v_Diving_g01_c01,Diving,Shifted-RAT-fusion,42,40,259.320233889,data/ucf101_rescue/UCF-101/Diving/v_Diving_g01_c01.avi,data/backend_inputs/Diving_v_Diving_g01_c01/seed_42/rat_dp/rat_intermediate_merged.mp4,,,
E2,Diving_v_Diving_g01_c01,Diving,VideoMAE-only,42,40,259.320233889,data/ucf101_rescue/UCF-101/Diving/v_Diving_g01_c01.avi,data/backend_inputs/Diving_v_Diving_g01_c01/seed_42/rat_dp/rat_intermediate_merged.mp4,,,
E2,Diving_v_Diving_g02_c01,Diving,RAT+traj,42,10,93.262902243,data/ucf101_rescue/UCF-101/Diving/v_Diving_g02_c01.avi,data/backend_inputs/Diving_v_Diving_g02_c01/seed_42/rat_dp/rat_intermediate_merged.mp4,,,
E2,Diving_v_Diving_g02_c01,Diving,Motion-reference,42,10,93.262902243,data/ucf101_rescue/UCF-101/Diving/v_Diving_g02_c01.avi,data/backend_inputs/Diving_v_Diving_g02_c01/seed_42/rat_dp/rat_intermediate_merged.mp4,,,
E2,Diving_v_Diving_g02_c01,Diving,Random,42,10,93.262902243,data/ucf101_rescue/UCF-101/Diving/v_Diving_g02_c01.avi,data/backend_inputs/Diving_v_Diving_g02_c01/seed_42/rat_dp/rat_intermediate_merged.mp4,,,
E2,Diving_v_Diving_g02_c01,Diving,Shifted-RAT+traj,42,10,93.262902243,data/ucf101_rescue/UCF-101/Diving/v_Diving_g02_c01.avi,data/backend_inputs/Diving_v_Diving_g02_c01/seed_42/rat_dp/rat_intermediate_merged.mp4,,,
E2,Diving_v_Diving_g02_c01,Diving,RAT-fusion,42,10,93.262902243,data/ucf101_rescue/UCF-101/Diving/v_Diving_g02_c01.avi,data/backend_inputs/Diving_v_Diving_g02_c01/seed_42/rat_dp/rat_intermediate_merged.mp4,,,
E2,Diving_v_Diving_g02_c01,Diving,Shifted-RAT-fusion,42,10,93.262902243,data/ucf101_rescue/UCF-101/Diving/v_Diving_g02_c01.avi,data/backend_inputs/Diving_v_Diving_g02_c01/seed_42/rat_dp/rat_intermediate_merged.mp4,,,
E2,Diving_v_Diving_g02_c01,Diving,VideoMAE-only,42,10,93.262902243,data/ucf101_rescue/UCF-101/Diving/v_Diving_g02_c01.avi,data/backend_inputs/Diving_v_Diving_g02_c01/seed_42/rat_dp/rat_intermediate_merged.mp4,,,
E2,Diving_v_Diving_g02_c01,Diving,RAT+traj,42,20,131.893661218,data/ucf101_rescue/UCF-101/Diving/v_Diving_g02_c01.avi,data/backend_inputs/Diving_v_Diving_g02_c01/seed_42/rat_dp/rat_intermediate_merged.mp4,,,
E2,Diving_v_Diving_g02_c01,Diving,Motion-reference,42,20,131.893661218,data/ucf101_rescue/UCF-101/Diving/v_Diving_g02_c01.avi,data/backend_inputs/Diving_v_Diving_g02_c01/seed_42/rat_dp/rat_intermediate_merged.mp4,,,
E2,Diving_v_Diving_g02_c01,Diving,Random,42,20,131.893661218,data/ucf101_rescue/UCF-101/Diving/v_Diving_g02_c01.avi,data/backend_inputs/Diving_v_Diving_g02_c01/seed_42/rat_dp/rat_intermediate_merged.mp4,,,
E2,Diving_v_Diving_g02_c01,Diving,Shifted-RAT+traj,42,20,131.893661218,data/ucf101_rescue/UCF-101/Diving/v_Diving_g02_c01.avi,data/backend_inputs/Diving_v_Diving_g02_c01/seed_42/rat_dp/rat_intermediate_merged.mp4,,,
E2,Diving_v_Diving_g02_c01,Diving,RAT-fusion,42,20,131.893661218,data/ucf101_rescue/UCF-101/Diving/v_Diving_g02_c01.avi,data/backend_inputs/Diving_v_Diving_g02_c01/seed_42/rat_dp/rat_intermediate_merged.mp4,,,
E2,Diving_v_Diving_g02_c01,Diving,Shifted-RAT-fusion,42,20,131.893661218,data/ucf101_rescue/UCF-101/Diving/v_Diving_g02_c01.avi,data/backend_inputs/Diving_v_Diving_g02_c01/seed_42/rat_dp/rat_intermediate_merged.mp4,,,
E2,Diving_v_Diving_g02_c01,Diving,VideoMAE-only,42,20,131.893661218,data/ucf101_rescue/UCF-101/Diving/v_Diving_g02_c01.avi,data/backend_inputs/Diving_v_Diving_g02_c01/seed_42/rat_dp/rat_intermediate_merged.mp4,,,
E2,Diving_v_Diving_g02_c01,Diving,RAT+traj,42,30,161.536085146,data/ucf101_rescue/UCF-101/Diving/v_Diving_g02_c01.avi,data/backend_inputs/Diving_v_Diving_g02_c01/seed_42/rat_dp/rat_intermediate_merged.mp4,,,
E2,Diving_v_Diving_g02_c01,Diving,Motion-reference,42,30,161.536085146,data/ucf101_rescue/UCF-101/Diving/v_Diving_g02_c01.avi,data/backend_inputs/Diving_v_Diving_g02_c01/seed_42/rat_dp/rat_intermediate_merged.mp4,,,
E2,Diving_v_Diving_g02_c01,Diving,Random,42,30,161.536085146,data/ucf101_rescue/UCF-101/Diving/v_Diving_g02_c01.avi,data/backend_inputs/Diving_v_Diving_g02_c01/seed_42/rat_dp/rat_intermediate_merged.mp4,,,
E2,Diving_v_Diving_g02_c01,Diving,Shifted-RAT+traj,42,30,161.536085146,data/ucf101_rescue/UCF-101/Diving/v_Diving_g02_c01.avi,data/backend_inputs/Diving_v_Diving_g02_c01/seed_42/rat_dp/rat_intermediate_merged.mp4,,,
E2,Diving_v_Diving_g02_c01,Diving,RAT-fusion,42,30,161.536085146,data/ucf101_rescue/UCF-101/Diving/v_Diving_g02_c01.avi,data/backend_inputs/Diving_v_Diving_g02_c01/seed_42/rat_dp/rat_intermediate_merged.mp4,,,
E2,Diving_v_Diving_g02_c01,Diving,Shifted-RAT-fusion,42,30,161.536085146,data/ucf101_rescue/UCF-101/Diving/v_Diving_g02_c01.avi,data/backend_inputs/Diving_v_Diving_g02_c01/seed_42/rat_dp/rat_intermediate_merged.mp4,,,
E2,Diving_v_Diving_g02_c01,Diving,VideoMAE-only,42,30,161.536085146,data/ucf101_rescue/UCF-101/Diving/v_Diving_g02_c01.avi,data/backend_inputs/Diving_v_Diving_g02_c01/seed_42/rat_dp/rat_intermediate_merged.mp4,,,
E2,Diving_v_Diving_g02_c01,Diving,RAT+traj,42,40,186.525804486,data/ucf101_rescue/UCF-101/Diving/v_Diving_g02_c01.avi,data/backend_inputs/Diving_v_Diving_g02_c01/seed_42/rat_dp/rat_intermediate_merged.mp4,,,
E2,Diving_v_Diving_g02_c01,Diving,Motion-reference,42,40,186.525804486,data/ucf101_rescue/UCF-101/Diving/v_Diving_g02_c01.avi,data/backend_inputs/Diving_v_Diving_g02_c01/seed_42/rat_dp/rat_intermediate_merged.mp4,,,
E2,Diving_v_Diving_g02_c01,Diving,Random,42,40,186.525804486,data/ucf101_rescue/UCF-101/Diving/v_Diving_g02_c01.avi,data/backend_inputs/Diving_v_Diving_g02_c01/seed_42/rat_dp/rat_intermediate_merged.mp4,,,
E2,Diving_v_Diving_g02_c01,Diving,Shifted-RAT+traj,42,40,186.525804486,data/ucf101_rescue/UCF-101/Diving/v_Diving_g02_c01.avi,data/backend_inputs/Diving_v_Diving_g02_c01/seed_42/rat_dp/rat_intermediate_merged.mp4,,,
E2,Diving_v_Diving_g02_c01,Diving,RAT-fusion,42,40,186.525804486,data/ucf101_rescue/UCF-101/Diving/v_Diving_g02_c01.avi,data/backend_inputs/Diving_v_Diving_g02_c01/seed_42/rat_dp/rat_intermediate_merged.mp4,,,
E2,Diving_v_Diving_g02_c01,Diving,Shifted-RAT-fusion,42,40,186.525804486,data/ucf101_rescue/UCF-101/Diving/v_Diving_g02_c01.avi,data/backend_inputs/Diving_v_Diving_g02_c01/seed_42/rat_dp/rat_intermediate_merged.mp4,,,
E2,Diving_v_Diving_g02_c01,Diving,VideoMAE-only,42,40,186.525804486,data/ucf101_rescue/UCF-101/Diving/v_Diving_g02_c01.avi,data/backend_inputs/Diving_v_Diving_g02_c01/seed_42/rat_dp/rat_intermediate_merged.mp4,,,
E2,Diving_v_Diving_g03_c01,Diving,RAT+traj,42,10,111.053775383,data/ucf101_rescue/UCF-101/Diving/v_Diving_g03_c01.avi,data/backend_inputs/Diving_v_Diving_g03_c01/seed_42/rat_dp/rat_intermediate_merged.mp4,,,
E2,Diving_v_Diving_g03_c01,Diving,Motion-reference,42,10,111.053775383,data/ucf101_rescue/UCF-101/Diving/v_Diving_g03_c01.avi,data/backend_inputs/Diving_v_Diving_g03_c01/seed_42/rat_dp/rat_intermediate_merged.mp4,,,
E2,Diving_v_Diving_g03_c01,Diving,Random,42,10,111.053775383,data/ucf101_rescue/UCF-101/Diving/v_Diving_g03_c01.avi,data/backend_inputs/Diving_v_Diving_g03_c01/seed_42/rat_dp/rat_intermediate_merged.mp4,,,
E2,Diving_v_Diving_g03_c01,Diving,Shifted-RAT+traj,42,10,111.053775383,data/ucf101_rescue/UCF-101/Diving/v_Diving_g03_c01.avi,data/backend_inputs/Diving_v_Diving_g03_c01/seed_42/rat_dp/rat_intermediate_merged.mp4,,,
E2,Diving_v_Diving_g03_c01,Diving,RAT-fusion,42,10,111.053775383,data/ucf101_rescue/UCF-101/Diving/v_Diving_g03_c01.avi,data/backend_inputs/Diving_v_Diving_g03_c01/seed_42/rat_dp/rat_intermediate_merged.mp4,,,
E2,Diving_v_Diving_g03_c01,Diving,Shifted-RAT-fusion,42,10,111.053775383,data/ucf101_rescue/UCF-101/Diving/v_Diving_g03_c01.avi,data/backend_inputs/Diving_v_Diving_g03_c01/seed_42/rat_dp/rat_intermediate_merged.mp4,,,
E2,Diving_v_Diving_g03_c01,Diving,VideoMAE-only,42,10,111.053775383,data/ucf101_rescue/UCF-101/Diving/v_Diving_g03_c01.avi,data/backend_inputs/Diving_v_Diving_g03_c01/seed_42/rat_dp/rat_intermediate_merged.mp4,,,
E2,Diving_v_Diving_g03_c01,Diving,RAT+traj,42,20,157.053755300,data/ucf101_rescue/UCF-101/Diving/v_Diving_g03_c01.avi,data/backend_inputs/Diving_v_Diving_g03_c01/seed_42/rat_dp/rat_intermediate_merged.mp4,,,
E2,Diving_v_Diving_g03_c01,Diving,Motion-reference,42,20,157.053755300,data/ucf101_rescue/UCF-101/Diving/v_Diving_g03_c01.avi,data/backend_inputs/Diving_v_Diving_g03_c01/seed_42/rat_dp/rat_intermediate_merged.mp4,,,
E2,Diving_v_Diving_g03_c01,Diving,Random,42,20,157.053755300,data/ucf101_rescue/UCF-101/Diving/v_Diving_g03_c01.avi,data/backend_inputs/Diving_v_Diving_g03_c01/seed_42/rat_dp/rat_intermediate_merged.mp4,,,
E2,Diving_v_Diving_g03_c01,Diving,Shifted-RAT+traj,42,20,157.053755300,data/ucf101_rescue/UCF-101/Diving/v_Diving_g03_c01.avi,data/backend_inputs/Diving_v_Diving_g03_c01/seed_42/rat_dp/rat_intermediate_merged.mp4,,,
E2,Diving_v_Diving_g03_c01,Diving,RAT-fusion,42,20,157.053755300,data/ucf101_rescue/UCF-101/Diving/v_Diving_g03_c01.avi,data/backend_inputs/Diving_v_Diving_g03_c01/seed_42/rat_dp/rat_intermediate_merged.mp4,,,
E2,Diving_v_Diving_g03_c01,Diving,Shifted-RAT-fusion,42,20,157.053755300,data/ucf101_rescue/UCF-101/Diving/v_Diving_g03_c01.avi,data/backend_inputs/Diving_v_Diving_g03_c01/seed_42/rat_dp/rat_intermediate_merged.mp4,,,
E2,Diving_v_Diving_g03_c01,Diving,VideoMAE-only,42,20,157.053755300,data/ucf101_rescue/UCF-101/Diving/v_Diving_g03_c01.avi,data/backend_inputs/Diving_v_Diving_g03_c01/seed_42/rat_dp/rat_intermediate_merged.mp4,,,
E2,Diving_v_Diving_g03_c01,Diving,RAT+traj,42,30,192.350781336,data/ucf101_rescue/UCF-101/Diving/v_Diving_g03_c01.avi,data/backend_inputs/Diving_v_Diving_g03_c01/seed_42/rat_dp/rat_intermediate_merged.mp4,,,
E2,Diving_v_Diving_g03_c01,Diving,Motion-reference,42,30,192.350781336,data/ucf101_rescue/UCF-101/Diving/v_Diving_g03_c01.avi,data/backend_inputs/Diving_v_Diving_g03_c01/seed_42/rat_dp/rat_intermediate_merged.mp4,,,
E2,Diving_v_Diving_g03_c01,Diving,Random,42,30,192.350781336,data/ucf101_rescue/UCF-101/Diving/v_Diving_g03_c01.avi,data/backend_inputs/Diving_v_Diving_g03_c01/seed_42/rat_dp/rat_intermediate_merged.mp4,,,
E2,Diving_v_Diving_g03_c01,Diving,Shifted-RAT+traj,42,30,192.350781336,data/ucf101_rescue/UCF-101/Diving/v_Diving_g03_c01.avi,data/backend_inputs/Diving_v_Diving_g03_c01/seed_42/rat_dp/rat_intermediate_merged.mp4,,,
E2,Diving_v_Diving_g03_c01,Diving,RAT-fusion,42,30,192.350781336,data/ucf101_rescue/UCF-101/Diving/v_Diving_g03_c01.avi,data/backend_inputs/Diving_v_Diving_g03_c01/seed_42/rat_dp/rat_intermediate_merged.mp4,,,
E2,Diving_v_Diving_g03_c01,Diving,Shifted-RAT-fusion,42,30,192.350781336,data/ucf101_rescue/UCF-101/Diving/v_Diving_g03_c01.avi,data/backend_inputs/Diving_v_Diving_g03_c01/seed_42/rat_dp/rat_intermediate_merged.mp4,,,
E2,Diving_v_Diving_g03_c01,Diving,VideoMAE-only,42,30,192.350781336,data/ucf101_rescue/UCF-101/Diving/v_Diving_g03_c01.avi,data/backend_inputs/Diving_v_Diving_g03_c01/seed_42/rat_dp/rat_intermediate_merged.mp4,,,
E2,Diving_v_Diving_g03_c01,Diving,RAT+traj,42,40,222.107550767,data/ucf101_rescue/UCF-101/Diving/v_Diving_g03_c01.avi,data/backend_inputs/Diving_v_Diving_g03_c01/seed_42/rat_dp/rat_intermediate_merged.mp4,,,
E2,Diving_v_Diving_g03_c01,Diving,Motion-reference,42,40,222.107550767,data/ucf101_rescue/UCF-101/Diving/v_Diving_g03_c01.avi,data/backend_inputs/Diving_v_Diving_g03_c01/seed_42/rat_dp/rat_intermediate_merged.mp4,,,
E2,Diving_v_Diving_g03_c01,Diving,Random,42,40,222.107550767,data/ucf101_rescue/UCF-101/Diving/v_Diving_g03_c01.avi,data/backend_inputs/Diving_v_Diving_g03_c01/seed_42/rat_dp/rat_intermediate_merged.mp4,,,
E2,Diving_v_Diving_g03_c01,Diving,Shifted-RAT+traj,42,40,222.107550767,data/ucf101_rescue/UCF-101/Diving/v_Diving_g03_c01.avi,data/backend_inputs/Diving_v_Diving_g03_c01/seed_42/rat_dp/rat_intermediate_merged.mp4,,,
E2,Diving_v_Diving_g03_c01,Diving,RAT-fusion,42,40,222.107550767,data/ucf101_rescue/UCF-101/Diving/v_Diving_g03_c01.avi,data/backend_inputs/Diving_v_Diving_g03_c01/seed_42/rat_dp/rat_intermediate_merged.mp4,,,
E2,Diving_v_Diving_g03_c01,Diving,Shifted-RAT-fusion,42,40,222.107550767,data/ucf101_rescue/UCF-101/Diving/v_Diving_g03_c01.avi,data/backend_inputs/Diving_v_Diving_g03_c01/seed_42/rat_dp/rat_intermediate_merged.mp4,,,
E2,Diving_v_Diving_g03_c01,Diving,VideoMAE-only,42,40,222.107550767,data/ucf101_rescue/UCF-101/Diving/v_Diving_g03_c01.avi,data/backend_inputs/Diving_v_Diving_g03_c01/seed_42/rat_dp/rat_intermediate_merged.mp4,,,
E2,Diving_v_Diving_g04_c01,Diving,RAT+traj,42,10,82.948676232,data/ucf101_rescue/UCF-101/Diving/v_Diving_g04_c01.avi,data/backend_inputs/Diving_v_Diving_g04_c01/seed_42/rat_dp/rat_intermediate_merged.mp4,,,
E2,Diving_v_Diving_g04_c01,Diving,Motion-reference,42,10,82.948676232,data/ucf101_rescue/UCF-101/Diving/v_Diving_g04_c01.avi,data/backend_inputs/Diving_v_Diving_g04_c01/seed_42/rat_dp/rat_intermediate_merged.mp4,,,
E2,Diving_v_Diving_g04_c01,Diving,Random,42,10,82.948676232,data/ucf101_rescue/UCF-101/Diving/v_Diving_g04_c01.avi,data/backend_inputs/Diving_v_Diving_g04_c01/seed_42/rat_dp/rat_intermediate_merged.mp4,,,
E2,Diving_v_Diving_g04_c01,Diving,Shifted-RAT+traj,42,10,82.948676232,data/ucf101_rescue/UCF-101/Diving/v_Diving_g04_c01.avi,data/backend_inputs/Diving_v_Diving_g04_c01/seed_42/rat_dp/rat_intermediate_merged.mp4,,,
E2,Diving_v_Diving_g04_c01,Diving,RAT-fusion,42,10,82.948676232,data/ucf101_rescue/UCF-101/Diving/v_Diving_g04_c01.avi,data/backend_inputs/Diving_v_Diving_g04_c01/seed_42/rat_dp/rat_intermediate_merged.mp4,,,
E2,Diving_v_Diving_g04_c01,Diving,Shifted-RAT-fusion,42,10,82.948676232,data/ucf101_rescue/UCF-101/Diving/v_Diving_g04_c01.avi,data/backend_inputs/Diving_v_Diving_g04_c01/seed_42/rat_dp/rat_intermediate_merged.mp4,,,
E2,Diving_v_Diving_g04_c01,Diving,VideoMAE-only,42,10,82.948676232,data/ucf101_rescue/UCF-101/Diving/v_Diving_g04_c01.avi,data/backend_inputs/Diving_v_Diving_g04_c01/seed_42/rat_dp/rat_intermediate_merged.mp4,,,
E2,Diving_v_Diving_g04_c01,Diving,RAT+traj,42,20,117.307142909,data/ucf101_rescue/UCF-101/Diving/v_Diving_g04_c01.avi,data/backend_inputs/Diving_v_Diving_g04_c01/seed_42/rat_dp/rat_intermediate_merged.mp4,,,
E2,Diving_v_Diving_g04_c01,Diving,Motion-reference,42,20,117.307142909,data/ucf101_rescue/UCF-101/Diving/v_Diving_g04_c01.avi,data/backend_inputs/Diving_v_Diving_g04_c01/seed_42/rat_dp/rat_intermediate_merged.mp4,,,
E2,Diving_v_Diving_g04_c01,Diving,Random,42,20,117.307142909,data/ucf101_rescue/UCF-101/Diving/v_Diving_g04_c01.avi,data/backend_inputs/Diving_v_Diving_g04_c01/seed_42/rat_dp/rat_intermediate_merged.mp4,,,
E2,Diving_v_Diving_g04_c01,Diving,Shifted-RAT+traj,42,20,117.307142909,data/ucf101_rescue/UCF-101/Diving/v_Diving_g04_c01.avi,data/backend_inputs/Diving_v_Diving_g04_c01/seed_42/rat_dp/rat_intermediate_merged.mp4,,,
E2,Diving_v_Diving_g04_c01,Diving,RAT-fusion,42,20,117.307142909,data/ucf101_rescue/UCF-101/Diving/v_Diving_g04_c01.avi,data/backend_inputs/Diving_v_Diving_g04_c01/seed_42/rat_dp/rat_intermediate_merged.mp4,,,
E2,Diving_v_Diving_g04_c01,Diving,Shifted-RAT-fusion,42,20,117.307142909,data/ucf101_rescue/UCF-101/Diving/v_Diving_g04_c01.avi,data/backend_inputs/Diving_v_Diving_g04_c01/seed_42/rat_dp/rat_intermediate_merged.mp4,,,
E2,Diving_v_Diving_g04_c01,Diving,VideoMAE-only,42,20,117.307142909,data/ucf101_rescue/UCF-101/Diving/v_Diving_g04_c01.avi,data/backend_inputs/Diving_v_Diving_g04_c01/seed_42/rat_dp/rat_intermediate_merged.mp4,,,
E2,Diving_v_Diving_g04_c01,Diving,RAT+traj,42,30,143.671321655,data/ucf101_rescue/UCF-101/Diving/v_Diving_g04_c01.avi,data/backend_inputs/Diving_v_Diving_g04_c01/seed_42/rat_dp/rat_intermediate_merged.mp4,,,
E2,Diving_v_Diving_g04_c01,Diving,Motion-reference,42,30,143.671321655,data/ucf101_rescue/UCF-101/Diving/v_Diving_g04_c01.avi,data/backend_inputs/Diving_v_Diving_g04_c01/seed_42/rat_dp/rat_intermediate_merged.mp4,,,
E2,Diving_v_Diving_g04_c01,Diving,Random,42,30,143.671321655,data/ucf101_rescue/UCF-101/Diving/v_Diving_g04_c01.avi,data/backend_inputs/Diving_v_Diving_g04_c01/seed_42/rat_dp/rat_intermediate_merged.mp4,,,
E2,Diving_v_Diving_g04_c01,Diving,Shifted-RAT+traj,42,30,143.671321655,data/ucf101_rescue/UCF-101/Diving/v_Diving_g04_c01.avi,data/backend_inputs/Diving_v_Diving_g04_c01/seed_42/rat_dp/rat_intermediate_merged.mp4,,,
E2,Diving_v_Diving_g04_c01,Diving,RAT-fusion,42,30,143.671321655,data/ucf101_rescue/UCF-101/Diving/v_Diving_g04_c01.avi,data/backend_inputs/Diving_v_Diving_g04_c01/seed_42/rat_dp/rat_intermediate_merged.mp4,,,
E2,Diving_v_Diving_g04_c01,Diving,Shifted-RAT-fusion,42,30,143.671321655,data/ucf101_rescue/UCF-101/Diving/v_Diving_g04_c01.avi,data/backend_inputs/Diving_v_Diving_g04_c01/seed_42/rat_dp/rat_intermediate_merged.mp4,,,
E2,Diving_v_Diving_g04_c01,Diving,VideoMAE-only,42,30,143.671321655,data/ucf101_rescue/UCF-101/Diving/v_Diving_g04_c01.avi,data/backend_inputs/Diving_v_Diving_g04_c01/seed_42/rat_dp/rat_intermediate_merged.mp4,,,
E2,Diving_v_Diving_g04_c01,Diving,RAT+traj,42,40,165.897352464,data/ucf101_rescue/UCF-101/Diving/v_Diving_g04_c01.avi,data/backend_inputs/Diving_v_Diving_g04_c01/seed_42/rat_dp/rat_intermediate_merged.mp4,,,
E2,Diving_v_Diving_g04_c01,Diving,Motion-reference,42,40,165.897352464,data/ucf101_rescue/UCF-101/Diving/v_Diving_g04_c01.avi,data/backend_inputs/Diving_v_Diving_g04_c01/seed_42/rat_dp/rat_intermediate_merged.mp4,,,
E2,Diving_v_Diving_g04_c01,Diving,Random,42,40,165.897352464,data/ucf101_rescue/UCF-101/Diving/v_Diving_g04_c01.avi,data/backend_inputs/Diving_v_Diving_g04_c01/seed_42/rat_dp/rat_intermediate_merged.mp4,,,
E2,Diving_v_Diving_g04_c01,Diving,Shifted-RAT+traj,42,40,165.897352464,data/ucf101_rescue/UCF-101/Diving/v_Diving_g04_c01.avi,data/backend_inputs/Diving_v_Diving_g04_c01/seed_42/rat_dp/rat_intermediate_merged.mp4,,,
E2,Diving_v_Diving_g04_c01,Diving,RAT-fusion,42,40,165.897352464,data/ucf101_rescue/UCF-101/Diving/v_Diving_g04_c01.avi,data/backend_inputs/Diving_v_Diving_g04_c01/seed_42/rat_dp/rat_intermediate_merged.mp4,,,
E2,Diving_v_Diving_g04_c01,Diving,Shifted-RAT-fusion,42,40,165.897352464,data/ucf101_rescue/UCF-101/Diving/v_Diving_g04_c01.avi,data/backend_inputs/Diving_v_Diving_g04_c01/seed_42/rat_dp/rat_intermediate_merged.mp4,,,
E2,Diving_v_Diving_g04_c01,Diving,VideoMAE-only,42,40,165.897352464,data/ucf101_rescue/UCF-101/Diving/v_Diving_g04_c01.avi,data/backend_inputs/Diving_v_Diving_g04_c01/seed_42/rat_dp/rat_intermediate_merged.mp4,,,
E2,WalkingWithDog_v_WalkingWithDog_g01_c01,WalkingWithDog,RAT+traj,42,10,124.813668416,data/ucf101_rescue/UCF-101/WalkingWithDog/v_WalkingWithDog_g01_c01.avi,data/backend_inputs/WalkingWithDog_v_WalkingWithDog_g01_c01/seed_42/rat_dp/rat_intermediate_merged.mp4,,,
E2,WalkingWithDog_v_WalkingWithDog_g01_c01,WalkingWithDog,Motion-reference,42,10,124.813668416,data/ucf101_rescue/UCF-101/WalkingWithDog/v_WalkingWithDog_g01_c01.avi,data/backend_inputs/WalkingWithDog_v_WalkingWithDog_g01_c01/seed_42/rat_dp/rat_intermediate_merged.mp4,,,
E2,WalkingWithDog_v_WalkingWithDog_g01_c01,WalkingWithDog,Random,42,10,124.813668416,data/ucf101_rescue/UCF-101/WalkingWithDog/v_WalkingWithDog_g01_c01.avi,data/backend_inputs/WalkingWithDog_v_WalkingWithDog_g01_c01/seed_42/rat_dp/rat_intermediate_merged.mp4,,,
E2,WalkingWithDog_v_WalkingWithDog_g01_c01,WalkingWithDog,Shifted-RAT+traj,42,10,124.813668416,data/ucf101_rescue/UCF-101/WalkingWithDog/v_WalkingWithDog_g01_c01.avi,data/backend_inputs/WalkingWithDog_v_WalkingWithDog_g01_c01/seed_42/rat_dp/rat_intermediate_merged.mp4,,,
E2,WalkingWithDog_v_WalkingWithDog_g01_c01,WalkingWithDog,RAT-fusion,42,10,124.813668416,data/ucf101_rescue/UCF-101/WalkingWithDog/v_WalkingWithDog_g01_c01.avi,data/backend_inputs/WalkingWithDog_v_WalkingWithDog_g01_c01/seed_42/rat_dp/rat_intermediate_merged.mp4,,,
E2,WalkingWithDog_v_WalkingWithDog_g01_c01,WalkingWithDog,Shifted-RAT-fusion,42,10,124.813668416,data/ucf101_rescue/UCF-101/WalkingWithDog/v_WalkingWithDog_g01_c01.avi,data/backend_inputs/WalkingWithDog_v_WalkingWithDog_g01_c01/seed_42/rat_dp/rat_intermediate_merged.mp4,,,
E2,WalkingWithDog_v_WalkingWithDog_g01_c01,WalkingWithDog,VideoMAE-only,42,10,124.813668416,data/ucf101_rescue/UCF-101/WalkingWithDog/v_WalkingWithDog_g01_c01.avi,data/backend_inputs/WalkingWithDog_v_WalkingWithDog_g01_c01/seed_42/rat_dp/rat_intermediate_merged.mp4,,,
E2,WalkingWithDog_v_WalkingWithDog_g01_c01,WalkingWithDog,RAT+traj,42,20,176.513182643,data/ucf101_rescue/UCF-101/WalkingWithDog/v_WalkingWithDog_g01_c01.avi,data/backend_inputs/WalkingWithDog_v_WalkingWithDog_g01_c01/seed_42/rat_dp/rat_intermediate_merged.mp4,,,
E2,WalkingWithDog_v_WalkingWithDog_g01_c01,WalkingWithDog,Motion-reference,42,20,176.513182643,data/ucf101_rescue/UCF-101/WalkingWithDog/v_WalkingWithDog_g01_c01.avi,data/backend_inputs/WalkingWithDog_v_WalkingWithDog_g01_c01/seed_42/rat_dp/rat_intermediate_merged.mp4,,,
E2,WalkingWithDog_v_WalkingWithDog_g01_c01,WalkingWithDog,Random,42,20,176.513182643,data/ucf101_rescue/UCF-101/WalkingWithDog/v_WalkingWithDog_g01_c01.avi,data/backend_inputs/WalkingWithDog_v_WalkingWithDog_g01_c01/seed_42/rat_dp/rat_intermediate_merged.mp4,,,
E2,WalkingWithDog_v_WalkingWithDog_g01_c01,WalkingWithDog,Shifted-RAT+traj,42,20,176.513182643,data/ucf101_rescue/UCF-101/WalkingWithDog/v_WalkingWithDog_g01_c01.avi,data/backend_inputs/WalkingWithDog_v_WalkingWithDog_g01_c01/seed_42/rat_dp/rat_intermediate_merged.mp4,,,
E2,WalkingWithDog_v_WalkingWithDog_g01_c01,WalkingWithDog,RAT-fusion,42,20,176.513182643,data/ucf101_rescue/UCF-101/WalkingWithDog/v_WalkingWithDog_g01_c01.avi,data/backend_inputs/WalkingWithDog_v_WalkingWithDog_g01_c01/seed_42/rat_dp/rat_intermediate_merged.mp4,,,
E2,WalkingWithDog_v_WalkingWithDog_g01_c01,WalkingWithDog,Shifted-RAT-fusion,42,20,176.513182643,data/ucf101_rescue/UCF-101/WalkingWithDog/v_WalkingWithDog_g01_c01.avi,data/backend_inputs/WalkingWithDog_v_WalkingWithDog_g01_c01/seed_42/rat_dp/rat_intermediate_merged.mp4,,,
E2,WalkingWithDog_v_WalkingWithDog_g01_c01,WalkingWithDog,VideoMAE-only,42,20,176.513182643,data/ucf101_rescue/UCF-101/WalkingWithDog/v_WalkingWithDog_g01_c01.avi,data/backend_inputs/WalkingWithDog_v_WalkingWithDog_g01_c01/seed_42/rat_dp/rat_intermediate_merged.mp4,,,
E2,WalkingWithDog_v_WalkingWithDog_g01_c01,WalkingWithDog,RAT+traj,42,30,216.183615175,data/ucf101_rescue/UCF-101/WalkingWithDog/v_WalkingWithDog_g01_c01.avi,data/backend_inputs/WalkingWithDog_v_WalkingWithDog_g01_c01/seed_42/rat_dp/rat_intermediate_merged.mp4,,,
E2,WalkingWithDog_v_WalkingWithDog_g01_c01,WalkingWithDog,Motion-reference,42,30,216.183615175,data/ucf101_rescue/UCF-101/WalkingWithDog/v_WalkingWithDog_g01_c01.avi,data/backend_inputs/WalkingWithDog_v_WalkingWithDog_g01_c01/seed_42/rat_dp/rat_intermediate_merged.mp4,,,
E2,WalkingWithDog_v_WalkingWithDog_g01_c01,WalkingWithDog,Random,42,30,216.183615175,data/ucf101_rescue/UCF-101/WalkingWithDog/v_WalkingWithDog_g01_c01.avi,data/backend_inputs/WalkingWithDog_v_WalkingWithDog_g01_c01/seed_42/rat_dp/rat_intermediate_merged.mp4,,,
E2,WalkingWithDog_v_WalkingWithDog_g01_c01,WalkingWithDog,Shifted-RAT+traj,42,30,216.183615175,data/ucf101_rescue/UCF-101/WalkingWithDog/v_WalkingWithDog_g01_c01.avi,data/backend_inputs/WalkingWithDog_v_WalkingWithDog_g01_c01/seed_42/rat_dp/rat_intermediate_merged.mp4,,,
E2,WalkingWithDog_v_WalkingWithDog_g01_c01,WalkingWithDog,RAT-fusion,42,30,216.183615175,data/ucf101_rescue/UCF-101/WalkingWithDog/v_WalkingWithDog_g01_c01.avi,data/backend_inputs/WalkingWithDog_v_WalkingWithDog_g01_c01/seed_42/rat_dp/rat_intermediate_merged.mp4,,,
E2,WalkingWithDog_v_WalkingWithDog_g01_c01,WalkingWithDog,Shifted-RAT-fusion,42,30,216.183615175,data/ucf101_rescue/UCF-101/WalkingWithDog/v_WalkingWithDog_g01_c01.avi,data/backend_inputs/WalkingWithDog_v_WalkingWithDog_g01_c01/seed_42/rat_dp/rat_intermediate_merged.mp4,,,
E2,WalkingWithDog_v_WalkingWithDog_g01_c01,WalkingWithDog,VideoMAE-only,42,30,216.183615175,data/ucf101_rescue/UCF-101/WalkingWithDog/v_WalkingWithDog_g01_c01.avi,data/backend_inputs/WalkingWithDog_v_WalkingWithDog_g01_c01/seed_42/rat_dp/rat_intermediate_merged.mp4,,,
E2,WalkingWithDog_v_WalkingWithDog_g01_c01,WalkingWithDog,RAT+traj,42,40,249.627336832,data/ucf101_rescue/UCF-101/WalkingWithDog/v_WalkingWithDog_g01_c01.avi,data/backend_inputs/WalkingWithDog_v_WalkingWithDog_g01_c01/seed_42/rat_dp/rat_intermediate_merged.mp4,,,
E2,WalkingWithDog_v_WalkingWithDog_g01_c01,WalkingWithDog,Motion-reference,42,40,249.627336832,data/ucf101_rescue/UCF-101/WalkingWithDog/v_WalkingWithDog_g01_c01.avi,data/backend_inputs/WalkingWithDog_v_WalkingWithDog_g01_c01/seed_42/rat_dp/rat_intermediate_merged.mp4,,,
E2,WalkingWithDog_v_WalkingWithDog_g01_c01,WalkingWithDog,Random,42,40,249.627336832,data/ucf101_rescue/UCF-101/WalkingWithDog/v_WalkingWithDog_g01_c01.avi,data/backend_inputs/WalkingWithDog_v_WalkingWithDog_g01_c01/seed_42/rat_dp/rat_intermediate_merged.mp4,,,
E2,WalkingWithDog_v_WalkingWithDog_g01_c01,WalkingWithDog,Shifted-RAT+traj,42,40,249.627336832,data/ucf101_rescue/UCF-101/WalkingWithDog/v_WalkingWithDog_g01_c01.avi,data/backend_inputs/WalkingWithDog_v_WalkingWithDog_g01_c01/seed_42/rat_dp/rat_intermediate_merged.mp4,,,
E2,WalkingWithDog_v_WalkingWithDog_g01_c01,WalkingWithDog,RAT-fusion,42,40,249.627336832,data/ucf101_rescue/UCF-101/WalkingWithDog/v_WalkingWithDog_g01_c01.avi,data/backend_inputs/WalkingWithDog_v_WalkingWithDog_g01_c01/seed_42/rat_dp/rat_intermediate_merged.mp4,,,
E2,WalkingWithDog_v_WalkingWithDog_g01_c01,WalkingWithDog,Shifted-RAT-fusion,42,40,249.627336832,data/ucf101_rescue/UCF-101/WalkingWithDog/v_WalkingWithDog_g01_c01.avi,data/backend_inputs/WalkingWithDog_v_WalkingWithDog_g01_c01/seed_42/rat_dp/rat_intermediate_merged.mp4,,,
E2,WalkingWithDog_v_WalkingWithDog_g01_c01,WalkingWithDog,VideoMAE-only,42,40,249.627336832,data/ucf101_rescue/UCF-101/WalkingWithDog/v_WalkingWithDog_g01_c01.avi,data/backend_inputs/WalkingWithDog_v_WalkingWithDog_g01_c01/seed_42/rat_dp/rat_intermediate_merged.mp4,,,
E2,WalkingWithDog_v_WalkingWithDog_g02_c01,WalkingWithDog,RAT+traj,42,10,124.813668416,data/ucf101_rescue/UCF-101/WalkingWithDog/v_WalkingWithDog_g02_c01.avi,data/backend_inputs/WalkingWithDog_v_WalkingWithDog_g02_c01/seed_42/rat_dp/rat_intermediate_merged.mp4,,,
E2,WalkingWithDog_v_WalkingWithDog_g02_c01,WalkingWithDog,Motion-reference,42,10,124.813668416,data/ucf101_rescue/UCF-101/WalkingWithDog/v_WalkingWithDog_g02_c01.avi,data/backend_inputs/WalkingWithDog_v_WalkingWithDog_g02_c01/seed_42/rat_dp/rat_intermediate_merged.mp4,,,
E2,WalkingWithDog_v_WalkingWithDog_g02_c01,WalkingWithDog,Random,42,10,124.813668416,data/ucf101_rescue/UCF-101/WalkingWithDog/v_WalkingWithDog_g02_c01.avi,data/backend_inputs/WalkingWithDog_v_WalkingWithDog_g02_c01/seed_42/rat_dp/rat_intermediate_merged.mp4,,,
E2,WalkingWithDog_v_WalkingWithDog_g02_c01,WalkingWithDog,Shifted-RAT+traj,42,10,124.813668416,data/ucf101_rescue/UCF-101/WalkingWithDog/v_WalkingWithDog_g02_c01.avi,data/backend_inputs/WalkingWithDog_v_WalkingWithDog_g02_c01/seed_42/rat_dp/rat_intermediate_merged.mp4,,,
E2,WalkingWithDog_v_WalkingWithDog_g02_c01,WalkingWithDog,RAT-fusion,42,10,124.813668416,data/ucf101_rescue/UCF-101/WalkingWithDog/v_WalkingWithDog_g02_c01.avi,data/backend_inputs/WalkingWithDog_v_WalkingWithDog_g02_c01/seed_42/rat_dp/rat_intermediate_merged.mp4,,,
E2,WalkingWithDog_v_WalkingWithDog_g02_c01,WalkingWithDog,Shifted-RAT-fusion,42,10,124.813668416,data/ucf101_rescue/UCF-101/WalkingWithDog/v_WalkingWithDog_g02_c01.avi,data/backend_inputs/WalkingWithDog_v_WalkingWithDog_g02_c01/seed_42/rat_dp/rat_intermediate_merged.mp4,,,
E2,WalkingWithDog_v_WalkingWithDog_g02_c01,WalkingWithDog,VideoMAE-only,42,10,124.813668416,data/ucf101_rescue/UCF-101/WalkingWithDog/v_WalkingWithDog_g02_c01.avi,data/backend_inputs/WalkingWithDog_v_WalkingWithDog_g02_c01/seed_42/rat_dp/rat_intermediate_merged.mp4,,,
E2,WalkingWithDog_v_WalkingWithDog_g02_c01,WalkingWithDog,RAT+traj,42,20,176.513182643,data/ucf101_rescue/UCF-101/WalkingWithDog/v_WalkingWithDog_g02_c01.avi,data/backend_inputs/WalkingWithDog_v_WalkingWithDog_g02_c01/seed_42/rat_dp/rat_intermediate_merged.mp4,,,
E2,WalkingWithDog_v_WalkingWithDog_g02_c01,WalkingWithDog,Motion-reference,42,20,176.513182643,data/ucf101_rescue/UCF-101/WalkingWithDog/v_WalkingWithDog_g02_c01.avi,data/backend_inputs/WalkingWithDog_v_WalkingWithDog_g02_c01/seed_42/rat_dp/rat_intermediate_merged.mp4,,,
E2,WalkingWithDog_v_WalkingWithDog_g02_c01,WalkingWithDog,Random,42,20,176.513182643,data/ucf101_rescue/UCF-101/WalkingWithDog/v_WalkingWithDog_g02_c01.avi,data/backend_inputs/WalkingWithDog_v_WalkingWithDog_g02_c01/seed_42/rat_dp/rat_intermediate_merged.mp4,,,
E2,WalkingWithDog_v_WalkingWithDog_g02_c01,WalkingWithDog,Shifted-RAT+traj,42,20,176.513182643,data/ucf101_rescue/UCF-101/WalkingWithDog/v_WalkingWithDog_g02_c01.avi,data/backend_inputs/WalkingWithDog_v_WalkingWithDog_g02_c01/seed_42/rat_dp/rat_intermediate_merged.mp4,,,
E2,WalkingWithDog_v_WalkingWithDog_g02_c01,WalkingWithDog,RAT-fusion,42,20,176.513182643,data/ucf101_rescue/UCF-101/WalkingWithDog/v_WalkingWithDog_g02_c01.avi,data/backend_inputs/WalkingWithDog_v_WalkingWithDog_g02_c01/seed_42/rat_dp/rat_intermediate_merged.mp4,,,
E2,WalkingWithDog_v_WalkingWithDog_g02_c01,WalkingWithDog,Shifted-RAT-fusion,42,20,176.513182643,data/ucf101_rescue/UCF-101/WalkingWithDog/v_WalkingWithDog_g02_c01.avi,data/backend_inputs/WalkingWithDog_v_WalkingWithDog_g02_c01/seed_42/rat_dp/rat_intermediate_merged.mp4,,,
E2,WalkingWithDog_v_WalkingWithDog_g02_c01,WalkingWithDog,VideoMAE-only,42,20,176.513182643,data/ucf101_rescue/UCF-101/WalkingWithDog/v_WalkingWithDog_g02_c01.avi,data/backend_inputs/WalkingWithDog_v_WalkingWithDog_g02_c01/seed_42/rat_dp/rat_intermediate_merged.mp4,,,
E2,WalkingWithDog_v_WalkingWithDog_g02_c01,WalkingWithDog,RAT+traj,42,30,216.183615175,data/ucf101_rescue/UCF-101/WalkingWithDog/v_WalkingWithDog_g02_c01.avi,data/backend_inputs/WalkingWithDog_v_WalkingWithDog_g02_c01/seed_42/rat_dp/rat_intermediate_merged.mp4,,,
E2,WalkingWithDog_v_WalkingWithDog_g02_c01,WalkingWithDog,Motion-reference,42,30,216.183615175,data/ucf101_rescue/UCF-101/WalkingWithDog/v_WalkingWithDog_g02_c01.avi,data/backend_inputs/WalkingWithDog_v_WalkingWithDog_g02_c01/seed_42/rat_dp/rat_intermediate_merged.mp4,,,
E2,WalkingWithDog_v_WalkingWithDog_g02_c01,WalkingWithDog,Random,42,30,216.183615175,data/ucf101_rescue/UCF-101/WalkingWithDog/v_WalkingWithDog_g02_c01.avi,data/backend_inputs/WalkingWithDog_v_WalkingWithDog_g02_c01/seed_42/rat_dp/rat_intermediate_merged.mp4,,,
E2,WalkingWithDog_v_WalkingWithDog_g02_c01,WalkingWithDog,Shifted-RAT+traj,42,30,216.183615175,data/ucf101_rescue/UCF-101/WalkingWithDog/v_WalkingWithDog_g02_c01.avi,data/backend_inputs/WalkingWithDog_v_WalkingWithDog_g02_c01/seed_42/rat_dp/rat_intermediate_merged.mp4,,,
E2,WalkingWithDog_v_WalkingWithDog_g02_c01,WalkingWithDog,RAT-fusion,42,30,216.183615175,data/ucf101_rescue/UCF-101/WalkingWithDog/v_WalkingWithDog_g02_c01.avi,data/backend_inputs/WalkingWithDog_v_WalkingWithDog_g02_c01/seed_42/rat_dp/rat_intermediate_merged.mp4,,,
E2,WalkingWithDog_v_WalkingWithDog_g02_c01,WalkingWithDog,Shifted-RAT-fusion,42,30,216.183615175,data/ucf101_rescue/UCF-101/WalkingWithDog/v_WalkingWithDog_g02_c01.avi,data/backend_inputs/WalkingWithDog_v_WalkingWithDog_g02_c01/seed_42/rat_dp/rat_intermediate_merged.mp4,,,
E2,WalkingWithDog_v_WalkingWithDog_g02_c01,WalkingWithDog,VideoMAE-only,42,30,216.183615175,data/ucf101_rescue/UCF-101/WalkingWithDog/v_WalkingWithDog_g02_c01.avi,data/backend_inputs/WalkingWithDog_v_WalkingWithDog_g02_c01/seed_42/rat_dp/rat_intermediate_merged.mp4,,,
E2,WalkingWithDog_v_WalkingWithDog_g02_c01,WalkingWithDog,RAT+traj,42,40,249.627336832,data/ucf101_rescue/UCF-101/WalkingWithDog/v_WalkingWithDog_g02_c01.avi,data/backend_inputs/WalkingWithDog_v_WalkingWithDog_g02_c01/seed_42/rat_dp/rat_intermediate_merged.mp4,,,
E2,WalkingWithDog_v_WalkingWithDog_g02_c01,WalkingWithDog,Motion-reference,42,40,249.627336832,data/ucf101_rescue/UCF-101/WalkingWithDog/v_WalkingWithDog_g02_c01.avi,data/backend_inputs/WalkingWithDog_v_WalkingWithDog_g02_c01/seed_42/rat_dp/rat_intermediate_merged.mp4,,,
E2,WalkingWithDog_v_WalkingWithDog_g02_c01,WalkingWithDog,Random,42,40,249.627336832,data/ucf101_rescue/UCF-101/WalkingWithDog/v_WalkingWithDog_g02_c01.avi,data/backend_inputs/WalkingWithDog_v_WalkingWithDog_g02_c01/seed_42/rat_dp/rat_intermediate_merged.mp4,,,
E2,WalkingWithDog_v_WalkingWithDog_g02_c01,WalkingWithDog,Shifted-RAT+traj,42,40,249.627336832,data/ucf101_rescue/UCF-101/WalkingWithDog/v_WalkingWithDog_g02_c01.avi,data/backend_inputs/WalkingWithDog_v_WalkingWithDog_g02_c01/seed_42/rat_dp/rat_intermediate_merged.mp4,,,
E2,WalkingWithDog_v_WalkingWithDog_g02_c01,WalkingWithDog,RAT-fusion,42,40,249.627336832,data/ucf101_rescue/UCF-101/WalkingWithDog/v_WalkingWithDog_g02_c01.avi,data/backend_inputs/WalkingWithDog_v_WalkingWithDog_g02_c01/seed_42/rat_dp/rat_intermediate_merged.mp4,,,
E2,WalkingWithDog_v_WalkingWithDog_g02_c01,WalkingWithDog,Shifted-RAT-fusion,42,40,249.627336832,data/ucf101_rescue/UCF-101/WalkingWithDog/v_WalkingWithDog_g02_c01.avi,data/backend_inputs/WalkingWithDog_v_WalkingWithDog_g02_c01/seed_42/rat_dp/rat_intermediate_merged.mp4,,,
E2,WalkingWithDog_v_WalkingWithDog_g02_c01,WalkingWithDog,VideoMAE-only,42,40,249.627336832,data/ucf101_rescue/UCF-101/WalkingWithDog/v_WalkingWithDog_g02_c01.avi,data/backend_inputs/WalkingWithDog_v_WalkingWithDog_g02_c01/seed_42/rat_dp/rat_intermediate_merged.mp4,,,
E2,WalkingWithDog_v_WalkingWithDog_g03_c01,WalkingWithDog,RAT+traj,42,10,124.813668416,data/ucf101_rescue/UCF-101/WalkingWithDog/v_WalkingWithDog_g03_c01.avi,data/backend_inputs/WalkingWithDog_v_WalkingWithDog_g03_c01/seed_42/rat_dp/rat_intermediate_merged.mp4,,,
E2,WalkingWithDog_v_WalkingWithDog_g03_c01,WalkingWithDog,Motion-reference,42,10,124.813668416,data/ucf101_rescue/UCF-101/WalkingWithDog/v_WalkingWithDog_g03_c01.avi,data/backend_inputs/WalkingWithDog_v_WalkingWithDog_g03_c01/seed_42/rat_dp/rat_intermediate_merged.mp4,,,
E2,WalkingWithDog_v_WalkingWithDog_g03_c01,WalkingWithDog,Random,42,10,124.813668416,data/ucf101_rescue/UCF-101/WalkingWithDog/v_WalkingWithDog_g03_c01.avi,data/backend_inputs/WalkingWithDog_v_WalkingWithDog_g03_c01/seed_42/rat_dp/rat_intermediate_merged.mp4,,,
E2,WalkingWithDog_v_WalkingWithDog_g03_c01,WalkingWithDog,Shifted-RAT+traj,42,10,124.813668416,data/ucf101_rescue/UCF-101/WalkingWithDog/v_WalkingWithDog_g03_c01.avi,data/backend_inputs/WalkingWithDog_v_WalkingWithDog_g03_c01/seed_42/rat_dp/rat_intermediate_merged.mp4,,,
E2,WalkingWithDog_v_WalkingWithDog_g03_c01,WalkingWithDog,RAT-fusion,42,10,124.813668416,data/ucf101_rescue/UCF-101/WalkingWithDog/v_WalkingWithDog_g03_c01.avi,data/backend_inputs/WalkingWithDog_v_WalkingWithDog_g03_c01/seed_42/rat_dp/rat_intermediate_merged.mp4,,,
E2,WalkingWithDog_v_WalkingWithDog_g03_c01,WalkingWithDog,Shifted-RAT-fusion,42,10,124.813668416,data/ucf101_rescue/UCF-101/WalkingWithDog/v_WalkingWithDog_g03_c01.avi,data/backend_inputs/WalkingWithDog_v_WalkingWithDog_g03_c01/seed_42/rat_dp/rat_intermediate_merged.mp4,,,
E2,WalkingWithDog_v_WalkingWithDog_g03_c01,WalkingWithDog,VideoMAE-only,42,10,124.813668416,data/ucf101_rescue/UCF-101/WalkingWithDog/v_WalkingWithDog_g03_c01.avi,data/backend_inputs/WalkingWithDog_v_WalkingWithDog_g03_c01/seed_42/rat_dp/rat_intermediate_merged.mp4,,,
E2,WalkingWithDog_v_WalkingWithDog_g03_c01,WalkingWithDog,RAT+traj,42,20,176.513182643,data/ucf101_rescue/UCF-101/WalkingWithDog/v_WalkingWithDog_g03_c01.avi,data/backend_inputs/WalkingWithDog_v_WalkingWithDog_g03_c01/seed_42/rat_dp/rat_intermediate_merged.mp4,,,
E2,WalkingWithDog_v_WalkingWithDog_g03_c01,WalkingWithDog,Motion-reference,42,20,176.513182643,data/ucf101_rescue/UCF-101/WalkingWithDog/v_WalkingWithDog_g03_c01.avi,data/backend_inputs/WalkingWithDog_v_WalkingWithDog_g03_c01/seed_42/rat_dp/rat_intermediate_merged.mp4,,,
E2,WalkingWithDog_v_WalkingWithDog_g03_c01,WalkingWithDog,Random,42,20,176.513182643,data/ucf101_rescue/UCF-101/WalkingWithDog/v_WalkingWithDog_g03_c01.avi,data/backend_inputs/WalkingWithDog_v_WalkingWithDog_g03_c01/seed_42/rat_dp/rat_intermediate_merged.mp4,,,
E2,WalkingWithDog_v_WalkingWithDog_g03_c01,WalkingWithDog,Shifted-RAT+traj,42,20,176.513182643,data/ucf101_rescue/UCF-101/WalkingWithDog/v_WalkingWithDog_g03_c01.avi,data/backend_inputs/WalkingWithDog_v_WalkingWithDog_g03_c01/seed_42/rat_dp/rat_intermediate_merged.mp4,,,
E2,WalkingWithDog_v_WalkingWithDog_g03_c01,WalkingWithDog,RAT-fusion,42,20,176.513182643,data/ucf101_rescue/UCF-101/WalkingWithDog/v_WalkingWithDog_g03_c01.avi,data/backend_inputs/WalkingWithDog_v_WalkingWithDog_g03_c01/seed_42/rat_dp/rat_intermediate_merged.mp4,,,
E2,WalkingWithDog_v_WalkingWithDog_g03_c01,WalkingWithDog,Shifted-RAT-fusion,42,20,176.513182643,data/ucf101_rescue/UCF-101/WalkingWithDog/v_WalkingWithDog_g03_c01.avi,data/backend_inputs/WalkingWithDog_v_WalkingWithDog_g03_c01/seed_42/rat_dp/rat_intermediate_merged.mp4,,,
E2,WalkingWithDog_v_WalkingWithDog_g03_c01,WalkingWithDog,VideoMAE-only,42,20,176.513182643,data/ucf101_rescue/UCF-101/WalkingWithDog/v_WalkingWithDog_g03_c01.avi,data/backend_inputs/WalkingWithDog_v_WalkingWithDog_g03_c01/seed_42/rat_dp/rat_intermediate_merged.mp4,,,
E2,WalkingWithDog_v_WalkingWithDog_g03_c01,WalkingWithDog,RAT+traj,42,30,216.183615175,data/ucf101_rescue/UCF-101/WalkingWithDog/v_WalkingWithDog_g03_c01.avi,data/backend_inputs/WalkingWithDog_v_WalkingWithDog_g03_c01/seed_42/rat_dp/rat_intermediate_merged.mp4,,,
E2,WalkingWithDog_v_WalkingWithDog_g03_c01,WalkingWithDog,Motion-reference,42,30,216.183615175,data/ucf101_rescue/UCF-101/WalkingWithDog/v_WalkingWithDog_g03_c01.avi,data/backend_inputs/WalkingWithDog_v_WalkingWithDog_g03_c01/seed_42/rat_dp/rat_intermediate_merged.mp4,,,
E2,WalkingWithDog_v_WalkingWithDog_g03_c01,WalkingWithDog,Random,42,30,216.183615175,data/ucf101_rescue/UCF-101/WalkingWithDog/v_WalkingWithDog_g03_c01.avi,data/backend_inputs/WalkingWithDog_v_WalkingWithDog_g03_c01/seed_42/rat_dp/rat_intermediate_merged.mp4,,,
E2,WalkingWithDog_v_WalkingWithDog_g03_c01,WalkingWithDog,Shifted-RAT+traj,42,30,216.183615175,data/ucf101_rescue/UCF-101/WalkingWithDog/v_WalkingWithDog_g03_c01.avi,data/backend_inputs/WalkingWithDog_v_WalkingWithDog_g03_c01/seed_42/rat_dp/rat_intermediate_merged.mp4,,,
E2,WalkingWithDog_v_WalkingWithDog_g03_c01,WalkingWithDog,RAT-fusion,42,30,216.183615175,data/ucf101_rescue/UCF-101/WalkingWithDog/v_WalkingWithDog_g03_c01.avi,data/backend_inputs/WalkingWithDog_v_WalkingWithDog_g03_c01/seed_42/rat_dp/rat_intermediate_merged.mp4,,,
E2,WalkingWithDog_v_WalkingWithDog_g03_c01,WalkingWithDog,Shifted-RAT-fusion,42,30,216.183615175,data/ucf101_rescue/UCF-101/WalkingWithDog/v_WalkingWithDog_g03_c01.avi,data/backend_inputs/WalkingWithDog_v_WalkingWithDog_g03_c01/seed_42/rat_dp/rat_intermediate_merged.mp4,,,
E2,WalkingWithDog_v_WalkingWithDog_g03_c01,WalkingWithDog,VideoMAE-only,42,30,216.183615175,data/ucf101_rescue/UCF-101/WalkingWithDog/v_WalkingWithDog_g03_c01.avi,data/backend_inputs/WalkingWithDog_v_WalkingWithDog_g03_c01/seed_42/rat_dp/rat_intermediate_merged.mp4,,,
E2,WalkingWithDog_v_WalkingWithDog_g03_c01,WalkingWithDog,RAT+traj,42,40,249.627336832,data/ucf101_rescue/UCF-101/WalkingWithDog/v_WalkingWithDog_g03_c01.avi,data/backend_inputs/WalkingWithDog_v_WalkingWithDog_g03_c01/seed_42/rat_dp/rat_intermediate_merged.mp4,,,
E2,WalkingWithDog_v_WalkingWithDog_g03_c01,WalkingWithDog,Motion-reference,42,40,249.627336832,data/ucf101_rescue/UCF-101/WalkingWithDog/v_WalkingWithDog_g03_c01.avi,data/backend_inputs/WalkingWithDog_v_WalkingWithDog_g03_c01/seed_42/rat_dp/rat_intermediate_merged.mp4,,,
E2,WalkingWithDog_v_WalkingWithDog_g03_c01,WalkingWithDog,Random,42,40,249.627336832,data/ucf101_rescue/UCF-101/WalkingWithDog/v_WalkingWithDog_g03_c01.avi,data/backend_inputs/WalkingWithDog_v_WalkingWithDog_g03_c01/seed_42/rat_dp/rat_intermediate_merged.mp4,,,
E2,WalkingWithDog_v_WalkingWithDog_g03_c01,WalkingWithDog,Shifted-RAT+traj,42,40,249.627336832,data/ucf101_rescue/UCF-101/WalkingWithDog/v_WalkingWithDog_g03_c01.avi,data/backend_inputs/WalkingWithDog_v_WalkingWithDog_g03_c01/seed_42/rat_dp/rat_intermediate_merged.mp4,,,
E2,WalkingWithDog_v_WalkingWithDog_g03_c01,WalkingWithDog,RAT-fusion,42,40,249.627336832,data/ucf101_rescue/UCF-101/WalkingWithDog/v_WalkingWithDog_g03_c01.avi,data/backend_inputs/WalkingWithDog_v_WalkingWithDog_g03_c01/seed_42/rat_dp/rat_intermediate_merged.mp4,,,
E2,WalkingWithDog_v_WalkingWithDog_g03_c01,WalkingWithDog,Shifted-RAT-fusion,42,40,249.627336832,data/ucf101_rescue/UCF-101/WalkingWithDog/v_WalkingWithDog_g03_c01.avi,data/backend_inputs/WalkingWithDog_v_WalkingWithDog_g03_c01/seed_42/rat_dp/rat_intermediate_merged.mp4,,,
E2,WalkingWithDog_v_WalkingWithDog_g03_c01,WalkingWithDog,VideoMAE-only,42,40,249.627336832,data/ucf101_rescue/UCF-101/WalkingWithDog/v_WalkingWithDog_g03_c01.avi,data/backend_inputs/WalkingWithDog_v_WalkingWithDog_g03_c01/seed_42/rat_dp/rat_intermediate_merged.mp4,,,
E2,WalkingWithDog_v_WalkingWithDog_g04_c01,WalkingWithDog,RAT+traj,42,10,77.695882012,data/ucf101_rescue/UCF-101/WalkingWithDog/v_WalkingWithDog_g04_c01.avi,data/backend_inputs/WalkingWithDog_v_WalkingWithDog_g04_c01/seed_42/rat_dp/rat_intermediate_merged.mp4,,,
E2,WalkingWithDog_v_WalkingWithDog_g04_c01,WalkingWithDog,Motion-reference,42,10,77.695882012,data/ucf101_rescue/UCF-101/WalkingWithDog/v_WalkingWithDog_g04_c01.avi,data/backend_inputs/WalkingWithDog_v_WalkingWithDog_g04_c01/seed_42/rat_dp/rat_intermediate_merged.mp4,,,
E2,WalkingWithDog_v_WalkingWithDog_g04_c01,WalkingWithDog,Random,42,10,77.695882012,data/ucf101_rescue/UCF-101/WalkingWithDog/v_WalkingWithDog_g04_c01.avi,data/backend_inputs/WalkingWithDog_v_WalkingWithDog_g04_c01/seed_42/rat_dp/rat_intermediate_merged.mp4,,,
E2,WalkingWithDog_v_WalkingWithDog_g04_c01,WalkingWithDog,Shifted-RAT+traj,42,10,77.695882012,data/ucf101_rescue/UCF-101/WalkingWithDog/v_WalkingWithDog_g04_c01.avi,data/backend_inputs/WalkingWithDog_v_WalkingWithDog_g04_c01/seed_42/rat_dp/rat_intermediate_merged.mp4,,,
E2,WalkingWithDog_v_WalkingWithDog_g04_c01,WalkingWithDog,RAT-fusion,42,10,77.695882012,data/ucf101_rescue/UCF-101/WalkingWithDog/v_WalkingWithDog_g04_c01.avi,data/backend_inputs/WalkingWithDog_v_WalkingWithDog_g04_c01/seed_42/rat_dp/rat_intermediate_merged.mp4,,,
E2,WalkingWithDog_v_WalkingWithDog_g04_c01,WalkingWithDog,Shifted-RAT-fusion,42,10,77.695882012,data/ucf101_rescue/UCF-101/WalkingWithDog/v_WalkingWithDog_g04_c01.avi,data/backend_inputs/WalkingWithDog_v_WalkingWithDog_g04_c01/seed_42/rat_dp/rat_intermediate_merged.mp4,,,
E2,WalkingWithDog_v_WalkingWithDog_g04_c01,WalkingWithDog,VideoMAE-only,42,10,77.695882012,data/ucf101_rescue/UCF-101/WalkingWithDog/v_WalkingWithDog_g04_c01.avi,data/backend_inputs/WalkingWithDog_v_WalkingWithDog_g04_c01/seed_42/rat_dp/rat_intermediate_merged.mp4,,,
E2,WalkingWithDog_v_WalkingWithDog_g04_c01,WalkingWithDog,RAT+traj,42,20,109.878570081,data/ucf101_rescue/UCF-101/WalkingWithDog/v_WalkingWithDog_g04_c01.avi,data/backend_inputs/WalkingWithDog_v_WalkingWithDog_g04_c01/seed_42/rat_dp/rat_intermediate_merged.mp4,,,
E2,WalkingWithDog_v_WalkingWithDog_g04_c01,WalkingWithDog,Motion-reference,42,20,109.878570081,data/ucf101_rescue/UCF-101/WalkingWithDog/v_WalkingWithDog_g04_c01.avi,data/backend_inputs/WalkingWithDog_v_WalkingWithDog_g04_c01/seed_42/rat_dp/rat_intermediate_merged.mp4,,,
E2,WalkingWithDog_v_WalkingWithDog_g04_c01,WalkingWithDog,Random,42,20,109.878570081,data/ucf101_rescue/UCF-101/WalkingWithDog/v_WalkingWithDog_g04_c01.avi,data/backend_inputs/WalkingWithDog_v_WalkingWithDog_g04_c01/seed_42/rat_dp/rat_intermediate_merged.mp4,,,
E2,WalkingWithDog_v_WalkingWithDog_g04_c01,WalkingWithDog,Shifted-RAT+traj,42,20,109.878570081,data/ucf101_rescue/UCF-101/WalkingWithDog/v_WalkingWithDog_g04_c01.avi,data/backend_inputs/WalkingWithDog_v_WalkingWithDog_g04_c01/seed_42/rat_dp/rat_intermediate_merged.mp4,,,
E2,WalkingWithDog_v_WalkingWithDog_g04_c01,WalkingWithDog,RAT-fusion,42,20,109.878570081,data/ucf101_rescue/UCF-101/WalkingWithDog/v_WalkingWithDog_g04_c01.avi,data/backend_inputs/WalkingWithDog_v_WalkingWithDog_g04_c01/seed_42/rat_dp/rat_intermediate_merged.mp4,,,
E2,WalkingWithDog_v_WalkingWithDog_g04_c01,WalkingWithDog,Shifted-RAT-fusion,42,20,109.878570081,data/ucf101_rescue/UCF-101/WalkingWithDog/v_WalkingWithDog_g04_c01.avi,data/backend_inputs/WalkingWithDog_v_WalkingWithDog_g04_c01/seed_42/rat_dp/rat_intermediate_merged.mp4,,,
E2,WalkingWithDog_v_WalkingWithDog_g04_c01,WalkingWithDog,VideoMAE-only,42,20,109.878570081,data/ucf101_rescue/UCF-101/WalkingWithDog/v_WalkingWithDog_g04_c01.avi,data/backend_inputs/WalkingWithDog_v_WalkingWithDog_g04_c01/seed_42/rat_dp/rat_intermediate_merged.mp4,,,
E2,WalkingWithDog_v_WalkingWithDog_g04_c01,WalkingWithDog,RAT+traj,42,30,134.573215183,data/ucf101_rescue/UCF-101/WalkingWithDog/v_WalkingWithDog_g04_c01.avi,data/backend_inputs/WalkingWithDog_v_WalkingWithDog_g04_c01/seed_42/rat_dp/rat_intermediate_merged.mp4,,,
E2,WalkingWithDog_v_WalkingWithDog_g04_c01,WalkingWithDog,Motion-reference,42,30,134.573215183,data/ucf101_rescue/UCF-101/WalkingWithDog/v_WalkingWithDog_g04_c01.avi,data/backend_inputs/WalkingWithDog_v_WalkingWithDog_g04_c01/seed_42/rat_dp/rat_intermediate_merged.mp4,,,
E2,WalkingWithDog_v_WalkingWithDog_g04_c01,WalkingWithDog,Random,42,30,134.573215183,data/ucf101_rescue/UCF-101/WalkingWithDog/v_WalkingWithDog_g04_c01.avi,data/backend_inputs/WalkingWithDog_v_WalkingWithDog_g04_c01/seed_42/rat_dp/rat_intermediate_merged.mp4,,,
E2,WalkingWithDog_v_WalkingWithDog_g04_c01,WalkingWithDog,Shifted-RAT+traj,42,30,134.573215183,data/ucf101_rescue/UCF-101/WalkingWithDog/v_WalkingWithDog_g04_c01.avi,data/backend_inputs/WalkingWithDog_v_WalkingWithDog_g04_c01/seed_42/rat_dp/rat_intermediate_merged.mp4,,,
E2,WalkingWithDog_v_WalkingWithDog_g04_c01,WalkingWithDog,RAT-fusion,42,30,134.573215183,data/ucf101_rescue/UCF-101/WalkingWithDog/v_WalkingWithDog_g04_c01.avi,data/backend_inputs/WalkingWithDog_v_WalkingWithDog_g04_c01/seed_42/rat_dp/rat_intermediate_merged.mp4,,,
E2,WalkingWithDog_v_WalkingWithDog_g04_c01,WalkingWithDog,Shifted-RAT-fusion,42,30,134.573215183,data/ucf101_rescue/UCF-101/WalkingWithDog/v_WalkingWithDog_g04_c01.avi,data/backend_inputs/WalkingWithDog_v_WalkingWithDog_g04_c01/seed_42/rat_dp/rat_intermediate_merged.mp4,,,
E2,WalkingWithDog_v_WalkingWithDog_g04_c01,WalkingWithDog,VideoMAE-only,42,30,134.573215183,data/ucf101_rescue/UCF-101/WalkingWithDog/v_WalkingWithDog_g04_c01.avi,data/backend_inputs/WalkingWithDog_v_WalkingWithDog_g04_c01/seed_42/rat_dp/rat_intermediate_merged.mp4,,,
E2,WalkingWithDog_v_WalkingWithDog_g04_c01,WalkingWithDog,RAT+traj,42,40,155.391764023,data/ucf101_rescue/UCF-101/WalkingWithDog/v_WalkingWithDog_g04_c01.avi,data/backend_inputs/WalkingWithDog_v_WalkingWithDog_g04_c01/seed_42/rat_dp/rat_intermediate_merged.mp4,,,
E2,WalkingWithDog_v_WalkingWithDog_g04_c01,WalkingWithDog,Motion-reference,42,40,155.391764023,data/ucf101_rescue/UCF-101/WalkingWithDog/v_WalkingWithDog_g04_c01.avi,data/backend_inputs/WalkingWithDog_v_WalkingWithDog_g04_c01/seed_42/rat_dp/rat_intermediate_merged.mp4,,,
E2,WalkingWithDog_v_WalkingWithDog_g04_c01,WalkingWithDog,Random,42,40,155.391764023,data/ucf101_rescue/UCF-101/WalkingWithDog/v_WalkingWithDog_g04_c01.avi,data/backend_inputs/WalkingWithDog_v_WalkingWithDog_g04_c01/seed_42/rat_dp/rat_intermediate_merged.mp4,,,
E2,WalkingWithDog_v_WalkingWithDog_g04_c01,WalkingWithDog,Shifted-RAT+traj,42,40,155.391764023,data/ucf101_rescue/UCF-101/WalkingWithDog/v_WalkingWithDog_g04_c01.avi,data/backend_inputs/WalkingWithDog_v_WalkingWithDog_g04_c01/seed_42/rat_dp/rat_intermediate_merged.mp4,,,
E2,WalkingWithDog_v_WalkingWithDog_g04_c01,WalkingWithDog,RAT-fusion,42,40,155.391764023,data/ucf101_rescue/UCF-101/WalkingWithDog/v_WalkingWithDog_g04_c01.avi,data/backend_inputs/WalkingWithDog_v_WalkingWithDog_g04_c01/seed_42/rat_dp/rat_intermediate_merged.mp4,,,
E2,WalkingWithDog_v_WalkingWithDog_g04_c01,WalkingWithDog,Shifted-RAT-fusion,42,40,155.391764023,data/ucf101_rescue/UCF-101/WalkingWithDog/v_WalkingWithDog_g04_c01.avi,data/backend_inputs/WalkingWithDog_v_WalkingWithDog_g04_c01/seed_42/rat_dp/rat_intermediate_merged.mp4,,,
E2,WalkingWithDog_v_WalkingWithDog_g04_c01,WalkingWithDog,VideoMAE-only,42,40,155.391764023,data/ucf101_rescue/UCF-101/WalkingWithDog/v_WalkingWithDog_g04_c01.avi,data/backend_inputs/WalkingWithDog_v_WalkingWithDog_g04_c01/seed_42/rat_dp/rat_intermediate_merged.mp4,,,
