experiment,video_id,class,policy,policy_slug,seed,top_k,offset_row,offset_col,sigma,epsilon,delta,cover,raw_errshare,inc_errshare,raw_psnr,incremental_psnr
E1,BalanceBeam_v_BalanceBeam_g01_c01,BalanceBeam,RAT+traj,rat_traj,0,20,,,127.387416893,8.000000000,0.000100000,0.193986540,0.188099462,0.188085886,14.993978915,15.141298109
E1,BalanceBeam_v_BalanceBeam_g01_c01,BalanceBeam,Motion-reference,motion_reference,0,20,,,127.387416893,8.000000000,0.000100000,0.502508522,0.476129820,0.492210263,15.129029027,15.284777378
E1,BalanceBeam_v_BalanceBeam_g01_c01,BalanceBeam,Random,random,0,20,,,127.387416893,8.000000000,0.000100000,0.103207762,0.094350950,0.088806998,14.559964183,14.698660764
E1,BalanceBeam_v_BalanceBeam_g01_c01,BalanceBeam,Shifted-RAT+traj,shifted_rat_traj_r3_c4,0,20,3,4,127.387416893,8.000000000,0.000100000,0.068001049,0.071000045,0.064500835,14.700820606,14.821830633
E1,BalanceBeam_v_BalanceBeam_g01_c01,BalanceBeam,RAT-fusion,rat_fusion,0,20,,,127.387416893,8.000000000,0.000100000,0.210261341,0.207451573,0.208509061,15.006864318,15.165378086
E1,BalanceBeam_v_BalanceBeam_g01_c01,BalanceBeam,Shifted-RAT-fusion,shifted_rat_fusion_r3_c4,0,20,3,4,127.387416893,8.000000000,0.000100000,0.096739795,0.092738819,0.087423097,14.647505719,14.771991523
E1,BalanceBeam_v_BalanceBeam_g01_c01,BalanceBeam,VideoMAE-only,videomae_only,0,20,,,127.387416893,8.000000000,0.000100000,0.004020628,0.011516732,0.004493182,13.245746015,13.384809018
E1,BalanceBeam_v_BalanceBeam_g01_c01,BalanceBeam,RAT+traj,rat_traj,1,20,,,127.387416893,8.000000000,0.000100000,0.204649943,0.203284276,0.203521242,14.999944448,15.151029940
E1,BalanceBeam_v_BalanceBeam_g01_c01,BalanceBeam,Motion-reference,motion_reference,1,20,,,127.387416893,8.000000000,0.000100000,0.502508522,0.479184195,0.495030459,15.130456555,15.290490511
E1,BalanceBeam_v_BalanceBeam_g01_c01,BalanceBeam,Random,random,1,20,,,127.387416893,8.000000000,0.000100000,0.102543484,0.092255865,0.087241401,14.575420333,14.714202791
E1,BalanceBeam_v_BalanceBeam_g01_c01,BalanceBeam,Shifted-RAT+traj,shifted_rat_traj_r3_c4,1,20,3,4,127.387416893,8.000000000,0.000100000,0.061935146,0.065916242,0.059153904,14.757346739,14.879913939
E1,BalanceBeam_v_BalanceBeam_g01_c01,BalanceBeam,RAT-fusion,rat_fusion,1,20,,,127.387416893,8.000000000,0.000100000,0.210261341,0.207164327,0.207755405,15.014104986,15.174064659
E1,BalanceBeam_v_BalanceBeam_g01_c01,BalanceBeam,Shifted-RAT-fusion,shifted_rat_fusion_r3_c4,1,20,3,4,127.387416893,8.000000000,0.000100000,0.096739795,0.090503654,0.084837025,14.685191400,14.812225409
E1,BalanceBeam_v_BalanceBeam_g01_c01,BalanceBeam,VideoMAE-only,videomae_only,1,20,,,127.387416893,8.000000000,0.000100000,0.004020628,0.010816640,0.003686276,13.298010930,13.438066320
E1,BalanceBeam_v_BalanceBeam_g01_c01,BalanceBeam,RAT+traj,rat_traj,2,20,,,127.387416893,8.000000000,0.000100000,0.197605104,0.191575598,0.191428024,14.991131810,15.135024776
E1,BalanceBeam_v_BalanceBeam_g01_c01,BalanceBeam,Motion-reference,motion_reference,2,20,,,127.387416893,8.000000000,0.000100000,0.502508522,0.482136825,0.497146448,15.140433838,15.294844018
E1,BalanceBeam_v_BalanceBeam_g01_c01,BalanceBeam,Random,random,2,20,,,127.387416893,8.000000000,0.000100000,0.104046849,0.092092765,0.087359490,14.504587419,14.637314997
E1,BalanceBeam_v_BalanceBeam_g01_c01,BalanceBeam,Shifted-RAT+traj,shifted_rat_traj_r3_c4,2,20,3,4,127.387416893,8.000000000,0.000100000,0.075238178,0.075000631,0.068725173,14.730417479,14.847675828
E1,BalanceBeam_v_BalanceBeam_g01_c01,BalanceBeam,RAT-fusion,rat_fusion,2,20,,,127.387416893,8.000000000,0.000100000,0.210261341,0.205435711,0.205556209,14.973182720,15.126447141
E1,BalanceBeam_v_BalanceBeam_g01_c01,BalanceBeam,Shifted-RAT-fusion,shifted_rat_fusion_r3_c4,2,20,3,4,127.387416893,8.000000000,0.000100000,0.096739795,0.089975897,0.084527371,14.629419588,14.750125078
E1,BalanceBeam_v_BalanceBeam_g01_c01,BalanceBeam,VideoMAE-only,videomae_only,2,20,,,127.387416893,8.000000000,0.000100000,0.004020628,0.011176317,0.004125189,13.260118312,13.395420340
E1,BalanceBeam_v_BalanceBeam_g01_c01,BalanceBeam,RAT+traj,rat_traj,3,20,,,127.387416893,8.000000000,0.000100000,0.221361769,0.218339201,0.220251487,15.007506240,15.157894777
E1,BalanceBeam_v_BalanceBeam_g01_c01,BalanceBeam,Motion-reference,motion_reference,3,20,,,127.387416893,8.000000000,0.000100000,0.502508522,0.479500874,0.495521852,15.120307936,15.277132520
E1,BalanceBeam_v_BalanceBeam_g01_c01,BalanceBeam,Random,random,3,20,,,127.387416893,8.000000000,0.000100000,0.104798532,0.101305397,0.097170989,14.542974956,14.678216522
E1,BalanceBeam_v_BalanceBeam_g01_c01,BalanceBeam,Shifted-RAT+traj,shifted_rat_traj_r3_c4,3,20,3,4,127.387416893,8.000000000,0.000100000,0.065833406,0.067862448,0.061431829,14.753962968,14.875606602
E1,BalanceBeam_v_BalanceBeam_g01_c01,BalanceBeam,RAT-fusion,rat_fusion,3,20,,,127.387416893,8.000000000,0.000100000,0.210261341,0.204959246,0.205389347,15.021094144,15.179882604
E1,BalanceBeam_v_BalanceBeam_g01_c01,BalanceBeam,Shifted-RAT-fusion,shifted_rat_fusion_r3_c4,3,20,3,4,127.387416893,8.000000000,0.000100000,0.096739795,0.092377193,0.086679768,14.677729677,14.802886663
E1,BalanceBeam_v_BalanceBeam_g01_c01,BalanceBeam,VideoMAE-only,videomae_only,3,20,,,127.387416893,8.000000000,0.000100000,0.004020628,0.012215807,0.005157785,13.288548835,13.427879802
E1,BalanceBeam_v_BalanceBeam_g01_c01,BalanceBeam,RAT+traj,rat_traj,4,20,,,127.387416893,8.000000000,0.000100000,0.191836378,0.188699442,0.188577845,14.968355648,15.114843890
E1,BalanceBeam_v_BalanceBeam_g01_c01,BalanceBeam,Motion-reference,motion_reference,4,20,,,127.387416893,8.000000000,0.000100000,0.502508522,0.478826664,0.494580487,15.111257844,15.273222575
E1,BalanceBeam_v_BalanceBeam_g01_c01,BalanceBeam,Random,random,4,20,,,127.387416893,8.000000000,0.000100000,0.099956298,0.089619633,0.084015567,14.510970587,14.651978013
E1,BalanceBeam_v_BalanceBeam_g01_c01,BalanceBeam,Shifted-RAT+traj,shifted_rat_traj_r3_c4,4,20,3,4,127.387416893,8.000000000,0.000100000,0.067109518,0.068274200,0.061744801,14.727717242,14.850943600
E1,BalanceBeam_v_BalanceBeam_g01_c01,BalanceBeam,RAT-fusion,rat_fusion,4,20,,,127.387416893,8.000000000,0.000100000,0.210261341,0.207964288,0.208410328,15.008539127,15.168475701
E1,BalanceBeam_v_BalanceBeam_g01_c01,BalanceBeam,Shifted-RAT-fusion,shifted_rat_fusion_r3_c4,4,20,3,4,127.387416893,8.000000000,0.000100000,0.096739795,0.091855592,0.086489022,14.636273988,14.761436464
E1,BalanceBeam_v_BalanceBeam_g01_c01,BalanceBeam,VideoMAE-only,videomae_only,4,20,,,127.387416893,8.000000000,0.000100000,0.004020628,0.010675847,0.003623615,13.240251687,13.382189478
E1,BalanceBeam_v_BalanceBeam_g01_c01,BalanceBeam,RAT+traj,rat_traj,5,20,,,127.387416893,8.000000000,0.000100000,0.209369810,0.209312039,0.210122061,14.927970031,15.072084073
E1,BalanceBeam_v_BalanceBeam_g01_c01,BalanceBeam,Motion-reference,motion_reference,5,20,,,127.387416893,8.000000000,0.000100000,0.502508522,0.475650684,0.489904072,15.088356037,15.244436689
E1,BalanceBeam_v_BalanceBeam_g01_c01,BalanceBeam,Random,random,5,20,,,127.387416893,8.000000000,0.000100000,0.098540337,0.090735764,0.086254287,14.519797322,14.654587472
E1,BalanceBeam_v_BalanceBeam_g01_c01,BalanceBeam,Shifted-RAT+traj,shifted_rat_traj_r3_c4,5,20,3,4,127.387416893,8.000000000,0.000100000,0.063875535,0.067988660,0.061457361,14.701318394,14.819857445
E1,BalanceBeam_v_BalanceBeam_g01_c01,BalanceBeam,RAT-fusion,rat_fusion,5,20,,,127.387416893,8.000000000,0.000100000,0.210261341,0.210824528,0.211380992,15.012146825,15.168839454
E1,BalanceBeam_v_BalanceBeam_g01_c01,BalanceBeam,Shifted-RAT-fusion,shifted_rat_fusion_r3_c4,5,20,3,4,127.387416893,8.000000000,0.000100000,0.096739795,0.092038092,0.086902240,14.618609338,14.740580225
E1,BalanceBeam_v_BalanceBeam_g01_c01,BalanceBeam,VideoMAE-only,videomae_only,5,20,,,127.387416893,8.000000000,0.000100000,0.004020628,0.010798872,0.003750639,13.238640607,13.375434303
E1,BalanceBeam_v_BalanceBeam_g01_c01,BalanceBeam,RAT+traj,rat_traj,6,20,,,127.387416893,8.000000000,0.000100000,0.187466131,0.184741062,0.183997965,14.956595822,15.103054206
E1,BalanceBeam_v_BalanceBeam_g01_c01,BalanceBeam,Motion-reference,motion_reference,6,20,,,127.387416893,8.000000000,0.000100000,0.502508522,0.469667147,0.483907979,15.075584245,15.235616817
E1,BalanceBeam_v_BalanceBeam_g01_c01,BalanceBeam,Random,random,6,20,,,127.387416893,8.000000000,0.000100000,0.101232410,0.092570637,0.087102550,14.592492406,14.729131366
E1,BalanceBeam_v_BalanceBeam_g01_c01,BalanceBeam,Shifted-RAT+traj,shifted_rat_traj_r3_c4,6,20,3,4,127.387416893,8.000000000,0.000100000,0.077807884,0.080255906,0.074215513,14.787987321,14.911475148
E1,BalanceBeam_v_BalanceBeam_g01_c01,BalanceBeam,RAT-fusion,rat_fusion,6,20,,,127.387416893,8.000000000,0.000100000,0.210261341,0.207953777,0.208656650,15.041867173,15.201604047
E1,BalanceBeam_v_BalanceBeam_g01_c01,BalanceBeam,Shifted-RAT-fusion,shifted_rat_fusion_r3_c4,6,20,3,4,127.387416893,8.000000000,0.000100000,0.096739795,0.091837187,0.086446211,14.690471718,14.815703349
E1,BalanceBeam_v_BalanceBeam_g01_c01,BalanceBeam,VideoMAE-only,videomae_only,6,20,,,127.387416893,8.000000000,0.000100000,0.004020628,0.011551995,0.004448128,13.297946133,13.437128584
E1,BalanceBeam_v_BalanceBeam_g01_c01,BalanceBeam,RAT+traj,rat_traj,7,20,,,127.387416893,8.000000000,0.000100000,0.206712700,0.206117453,0.207041874,15.063584959,15.220639410
E1,BalanceBeam_v_BalanceBeam_g01_c01,BalanceBeam,Motion-reference,motion_reference,7,20,,,127.387416893,8.000000000,0.000100000,0.502508522,0.478543040,0.494632904,15.135345418,15.300981506
E1,BalanceBeam_v_BalanceBeam_g01_c01,BalanceBeam,Random,random,7,20,,,127.387416893,8.000000000,0.000100000,0.095149025,0.088432868,0.083381437,14.583884715,14.731584074
E1,BalanceBeam_v_BalanceBeam_g01_c01,BalanceBeam,Shifted-RAT+traj,shifted_rat_traj_r3_c4,7,20,3,4,127.387416893,8.000000000,0.000100000,0.069836553,0.072594220,0.065928389,14.796407976,14.929628674
E1,BalanceBeam_v_BalanceBeam_g01_c01,BalanceBeam,RAT-fusion,rat_fusion,7,20,,,127.387416893,8.000000000,0.000100000,0.210261341,0.212364198,0.213726524,15.046699527,15.212795269
E1,BalanceBeam_v_BalanceBeam_g01_c01,BalanceBeam,Shifted-RAT-fusion,shifted_rat_fusion_r3_c4,7,20,3,4,127.387416893,8.000000000,0.000100000,0.096739795,0.092299741,0.086819018,14.685420557,14.818598969
E1,BalanceBeam_v_BalanceBeam_g01_c01,BalanceBeam,VideoMAE-only,videomae_only,7,20,,,127.387416893,8.000000000,0.000100000,0.004020628,0.011352344,0.004177034,13.328896124,13.474317631
E1,BalanceBeam_v_BalanceBeam_g01_c01,BalanceBeam,RAT+traj,rat_traj,8,20,,,127.387416893,8.000000000,0.000100000,0.201835504,0.199568043,0.199867663,15.007933293,15.154954652
E1,BalanceBeam_v_BalanceBeam_g01_c01,BalanceBeam,Motion-reference,motion_reference,8,20,,,127.387416893,8.000000000,0.000100000,0.502508522,0.479145494,0.494234032,15.099236738,15.257120443
E1,BalanceBeam_v_BalanceBeam_g01_c01,BalanceBeam,Random,random,8,20,,,127.387416893,8.000000000,0.000100000,0.107508085,0.101879707,0.096805700,14.612724079,14.753013786
E1,BalanceBeam_v_BalanceBeam_g01_c01,BalanceBeam,Shifted-RAT+traj,shifted_rat_traj_r3_c4,8,20,3,4,127.387416893,8.000000000,0.000100000,0.080290184,0.078644022,0.072047649,14.809381176,14.932503419
E1,BalanceBeam_v_BalanceBeam_g01_c01,BalanceBeam,RAT-fusion,rat_fusion,8,20,,,127.387416893,8.000000000,0.000100000,0.210261341,0.208008746,0.209076958,15.039901290,15.199666850
E1,BalanceBeam_v_BalanceBeam_g01_c01,BalanceBeam,Shifted-RAT-fusion,shifted_rat_fusion_r3_c4,8,20,3,4,127.387416893,8.000000000,0.000100000,0.096739795,0.089245374,0.083580211,14.711590820,14.837031342
E1,BalanceBeam_v_BalanceBeam_g01_c01,BalanceBeam,VideoMAE-only,videomae_only,8,20,,,127.387416893,8.000000000,0.000100000,0.004020628,0.012478566,0.005313871,13.345347512,13.483931588
E1,BalanceBeam_v_BalanceBeam_g01_c01,BalanceBeam,RAT+traj,rat_traj,42,20,,,127.387416893,8.000000000,0.000100000,0.211397605,0.205786501,0.206268212,15.071714421,15.232714973
E1,BalanceBeam_v_BalanceBeam_g01_c01,BalanceBeam,Motion-reference,motion_reference,42,20,,,127.387416893,8.000000000,0.000100000,0.502508522,0.476343227,0.491517610,15.113349409,15.277378399
E1,BalanceBeam_v_BalanceBeam_g01_c01,BalanceBeam,Random,random,42,20,,,127.387416893,8.000000000,0.000100000,0.103679748,0.097258207,0.092129548,14.576311040,14.718357708
E1,BalanceBeam_v_BalanceBeam_g01_c01,BalanceBeam,Shifted-RAT+traj,shifted_rat_traj_r3_c4,42,20,3,4,127.387416893,8.000000000,0.000100000,0.061760336,0.065176914,0.058006452,14.805589567,14.930917555
E1,BalanceBeam_v_BalanceBeam_g01_c01,BalanceBeam,RAT-fusion,rat_fusion,42,20,,,127.387416893,8.000000000,0.000100000,0.210261341,0.208067055,0.208784598,15.105036048,15.269058381
E1,BalanceBeam_v_BalanceBeam_g01_c01,BalanceBeam,Shifted-RAT-fusion,shifted_rat_fusion_r3_c4,42,20,3,4,127.387416893,8.000000000,0.000100000,0.096739795,0.094945287,0.089630958,14.727883814,14.856918678
E1,BalanceBeam_v_BalanceBeam_g01_c01,BalanceBeam,VideoMAE-only,videomae_only,42,20,,,127.387416893,8.000000000,0.000100000,0.004020628,0.011668706,0.004499848,13.328347847,13.470649983
E1,BalanceBeam_v_BalanceBeam_g02_c01,BalanceBeam,RAT+traj,rat_traj,0,20,,,103.175943963,8.000000000,0.000100000,0.381905511,0.356216318,0.347926519,14.109930784,14.375864182
E1,BalanceBeam_v_BalanceBeam_g02_c01,BalanceBeam,Motion-reference,motion_reference,0,20,,,103.175943963,8.000000000,0.000100000,0.852662603,0.836371966,0.855339729,14.366826360,14.650555935
E1,BalanceBeam_v_BalanceBeam_g02_c01,BalanceBeam,Random,random,0,20,,,103.175943963,8.000000000,0.000100000,0.097670026,0.100523854,0.081202002,13.667660129,13.856847133
E1,BalanceBeam_v_BalanceBeam_g02_c01,BalanceBeam,Shifted-RAT+traj,shifted_rat_traj_r3_c4,0,20,3,4,103.175943963,8.000000000,0.000100000,0.088760751,0.100419877,0.079260711,14.130789885,14.331094786
E1,BalanceBeam_v_BalanceBeam_g02_c01,BalanceBeam,RAT-fusion,rat_fusion,0,20,,,103.175943963,8.000000000,0.000100000,0.429826732,0.403245732,0.397512237,14.152675682,14.432412603
E1,BalanceBeam_v_BalanceBeam_g02_c01,BalanceBeam,Shifted-RAT-fusion,shifted_rat_fusion_r3_c4,0,20,3,4,103.175943963,8.000000000,0.000100000,0.054497078,0.068915056,0.046993809,13.957332891,14.162495646
E1,BalanceBeam_v_BalanceBeam_g02_c01,BalanceBeam,VideoMAE-only,videomae_only,0,20,,,103.175943963,8.000000000,0.000100000,0.000000000,0.020690941,0.000465426,13.183447645,13.386458216
E1,BalanceBeam_v_BalanceBeam_g02_c01,BalanceBeam,RAT+traj,rat_traj,1,20,,,103.175943963,8.000000000,0.000100000,0.386165175,0.357942171,0.350996681,14.123979153,14.384149648
E1,BalanceBeam_v_BalanceBeam_g02_c01,BalanceBeam,Motion-reference,motion_reference,1,20,,,103.175943963,8.000000000,0.000100000,0.852662603,0.830729820,0.847908128,14.345432294,14.646507841
E1,BalanceBeam_v_BalanceBeam_g02_c01,BalanceBeam,Random,random,1,20,,,103.175943963,8.000000000,0.000100000,0.097447647,0.103601609,0.083385740,13.659577862,13.852770598
E1,BalanceBeam_v_BalanceBeam_g02_c01,BalanceBeam,Shifted-RAT+traj,shifted_rat_traj_r3_c4,1,20,3,4,103.175943963,8.000000000,0.000100000,0.074677236,0.092948445,0.071130655,14.141449152,14.348260718
E1,BalanceBeam_v_BalanceBeam_g02_c01,BalanceBeam,RAT-fusion,rat_fusion,1,20,,,103.175943963,8.000000000,0.000100000,0.429826732,0.402613913,0.395402433,14.141835740,14.430572141
E1,BalanceBeam_v_BalanceBeam_g02_c01,BalanceBeam,Shifted-RAT-fusion,shifted_rat_fusion_r3_c4,1,20,3,4,103.175943963,8.000000000,0.000100000,0.054497078,0.069773964,0.047831030,13.973800945,14.184553634
E1,BalanceBeam_v_BalanceBeam_g02_c01,BalanceBeam,VideoMAE-only,videomae_only,1,20,,,103.175943963,8.000000000,0.000100000,0.000000000,0.020711221,0.000465312,13.188706090,13.392485421
E1,BalanceBeam_v_BalanceBeam_g02_c01,BalanceBeam,RAT+traj,rat_traj,2,20,,,103.175943963,8.000000000,0.000100000,0.397266924,0.369760438,0.362590422,14.137108226,14.408233421
E1,BalanceBeam_v_BalanceBeam_g02_c01,BalanceBeam,Motion-reference,motion_reference,2,20,,,103.175943963,8.000000000,0.000100000,0.852662603,0.823779717,0.840001794,14.391700006,14.678716058
E1,BalanceBeam_v_BalanceBeam_g02_c01,BalanceBeam,Random,random,2,20,,,103.175943963,8.000000000,0.000100000,0.103680538,0.105277914,0.085768274,13.710118486,13.898592863
E1,BalanceBeam_v_BalanceBeam_g02_c01,BalanceBeam,Shifted-RAT+traj,shifted_rat_traj_r3_c4,2,20,3,4,103.175943963,8.000000000,0.000100000,0.074650614,0.086918978,0.064603905,14.189404184,14.390392532
E1,BalanceBeam_v_BalanceBeam_g02_c01,BalanceBeam,RAT-fusion,rat_fusion,2,20,,,103.175943963,8.000000000,0.000100000,0.429826732,0.402175909,0.394983499,14.169031286,14.457306446
E1,BalanceBeam_v_BalanceBeam_g02_c01,BalanceBeam,Shifted-RAT-fusion,shifted_rat_fusion_r3_c4,2,20,3,4,103.175943963,8.000000000,0.000100000,0.054497078,0.071872058,0.049557857,13.976762601,14.185756678
E1,BalanceBeam_v_BalanceBeam_g02_c01,BalanceBeam,VideoMAE-only,videomae_only,2,20,,,103.175943963,8.000000000,0.000100000,0.000000000,0.020912616,0.000470378,13.226578225,13.427558022
E1,BalanceBeam_v_BalanceBeam_g02_c01,BalanceBeam,RAT+traj,rat_traj,3,20,,,103.175943963,8.000000000,0.000100000,0.397400039,0.369547258,0.360736423,14.084766352,14.362211803
E1,BalanceBeam_v_BalanceBeam_g02_c01,BalanceBeam,Motion-reference,motion_reference,3,20,,,103.175943963,8.000000000,0.000100000,0.852662603,0.823954495,0.840876702,14.345350489,14.637896163
E1,BalanceBeam_v_BalanceBeam_g02_c01,BalanceBeam,Random,random,3,20,,,103.175943963,8.000000000,0.000100000,0.100678414,0.103755266,0.084458475,13.711972732,13.902943198
E1,BalanceBeam_v_BalanceBeam_g02_c01,BalanceBeam,Shifted-RAT+traj,shifted_rat_traj_r3_c4,3,20,3,4,103.175943963,8.000000000,0.000100000,0.075928513,0.093691343,0.071706802,14.139443500,14.348590083
E1,BalanceBeam_v_BalanceBeam_g02_c01,BalanceBeam,RAT-fusion,rat_fusion,3,20,,,103.175943963,8.000000000,0.000100000,0.429826732,0.406422909,0.399489383,14.184106832,14.473841522
E1,BalanceBeam_v_BalanceBeam_g02_c01,BalanceBeam,Shifted-RAT-fusion,shifted_rat_fusion_r3_c4,3,20,3,4,103.175943963,8.000000000,0.000100000,0.054497078,0.070874999,0.048657697,13.961775572,14.168720349
E1,BalanceBeam_v_BalanceBeam_g02_c01,BalanceBeam,VideoMAE-only,videomae_only,3,20,,,103.175943963,8.000000000,0.000100000,0.000000000,0.020889745,0.000468180,13.225829593,13.431792642
E1,BalanceBeam_v_BalanceBeam_g02_c01,BalanceBeam,RAT+traj,rat_traj,4,20,,,103.175943963,8.000000000,0.000100000,0.395829288,0.368281617,0.360392661,14.019558636,14.302842847
E1,BalanceBeam_v_BalanceBeam_g02_c01,BalanceBeam,Motion-reference,motion_reference,4,20,,,103.175943963,8.000000000,0.000100000,0.852662603,0.833722795,0.853785058,14.336339295,14.625054950
E1,BalanceBeam_v_BalanceBeam_g02_c01,BalanceBeam,Random,random,4,20,,,103.175943963,8.000000000,0.000100000,0.107727219,0.111834981,0.093006718,13.642861976,13.833330623
E1,BalanceBeam_v_BalanceBeam_g02_c01,BalanceBeam,Shifted-RAT+traj,shifted_rat_traj_r3_c4,4,20,3,4,103.175943963,8.000000000,0.000100000,0.088015310,0.095210865,0.073427946,14.077396488,14.280623225
E1,BalanceBeam_v_BalanceBeam_g02_c01,BalanceBeam,RAT-fusion,rat_fusion,4,20,,,103.175943963,8.000000000,0.000100000,0.429826732,0.405518409,0.400074298,14.095799158,14.377265887
E1,BalanceBeam_v_BalanceBeam_g02_c01,BalanceBeam,Shifted-RAT-fusion,shifted_rat_fusion_r3_c4,4,20,3,4,103.175943963,8.000000000,0.000100000,0.054497078,0.067931308,0.045496146,13.925790776,14.128054026
E1,BalanceBeam_v_BalanceBeam_g02_c01,BalanceBeam,VideoMAE-only,videomae_only,4,20,,,103.175943963,8.000000000,0.000100000,0.000000000,0.020523005,0.000459775,13.143176724,13.345868555
E1,BalanceBeam_v_BalanceBeam_g02_c01,BalanceBeam,RAT+traj,rat_traj,5,20,,,103.175943963,8.000000000,0.000100000,0.409699819,0.381238055,0.374427390,14.105633512,14.370954103
E1,BalanceBeam_v_BalanceBeam_g02_c01,BalanceBeam,Motion-reference,motion_reference,5,20,,,103.175943963,8.000000000,0.000100000,0.852662603,0.828431508,0.846199785,14.311396122,14.596436442
E1,BalanceBeam_v_BalanceBeam_g02_c01,BalanceBeam,Random,random,5,20,,,103.175943963,8.000000000,0.000100000,0.115385218,0.112335976,0.092642654,13.625287169,13.815765548
E1,BalanceBeam_v_BalanceBeam_g02_c01,BalanceBeam,Shifted-RAT+traj,shifted_rat_traj_r3_c4,5,20,3,4,103.175943963,8.000000000,0.000100000,0.080773881,0.099529902,0.078366123,14.078538209,14.278700208
E1,BalanceBeam_v_BalanceBeam_g02_c01,BalanceBeam,RAT-fusion,rat_fusion,5,20,,,103.175943963,8.000000000,0.000100000,0.429826732,0.398944930,0.393926563,14.119956848,14.392164829
E1,BalanceBeam_v_BalanceBeam_g02_c01,BalanceBeam,Shifted-RAT-fusion,shifted_rat_fusion_r3_c4,5,20,3,4,103.175943963,8.000000000,0.000100000,0.054497078,0.070111406,0.048641982,13.916478934,14.116612810
E1,BalanceBeam_v_BalanceBeam_g02_c01,BalanceBeam,VideoMAE-only,videomae_only,5,20,,,103.175943963,8.000000000,0.000100000,0.000000000,0.020555793,0.000461682,13.156645395,13.357092464
E1,BalanceBeam_v_BalanceBeam_g02_c01,BalanceBeam,RAT+traj,rat_traj,6,20,,,103.175943963,8.000000000,0.000100000,0.394178668,0.364663259,0.357410445,14.076565341,14.344369124
E1,BalanceBeam_v_BalanceBeam_g02_c01,BalanceBeam,Motion-reference,motion_reference,6,20,,,103.175943963,8.000000000,0.000100000,0.852662603,0.825775810,0.843161054,14.337520700,14.618188859
E1,BalanceBeam_v_BalanceBeam_g02_c01,BalanceBeam,Random,random,6,20,,,103.175943963,8.000000000,0.000100000,0.102313373,0.103310237,0.083922941,13.620979567,13.806431152
E1,BalanceBeam_v_BalanceBeam_g02_c01,BalanceBeam,Shifted-RAT+traj,shifted_rat_traj_r3_c4,6,20,3,4,103.175943963,8.000000000,0.000100000,0.086311444,0.097002592,0.074974672,14.093161605,14.297808933
E1,BalanceBeam_v_BalanceBeam_g02_c01,BalanceBeam,RAT-fusion,rat_fusion,6,20,,,103.175943963,8.000000000,0.000100000,0.429826732,0.410395879,0.405145377,14.109756068,14.398338409
E1,BalanceBeam_v_BalanceBeam_g02_c01,BalanceBeam,Shifted-RAT-fusion,shifted_rat_fusion_r3_c4,6,20,3,4,103.175943963,8.000000000,0.000100000,0.054497078,0.067527104,0.045195995,13.960400276,14.161403993
E1,BalanceBeam_v_BalanceBeam_g02_c01,BalanceBeam,VideoMAE-only,videomae_only,6,20,,,103.175943963,8.000000000,0.000100000,0.000000000,0.020590764,0.000462547,13.157321862,13.358606736
E1,BalanceBeam_v_BalanceBeam_g02_c01,BalanceBeam,RAT+traj,rat_traj,7,20,,,103.175943963,8.000000000,0.000100000,0.396228631,0.366405737,0.358614299,14.120727975,14.397270782
E1,BalanceBeam_v_BalanceBeam_g02_c01,BalanceBeam,Motion-reference,motion_reference,7,20,,,103.175943963,8.000000000,0.000100000,0.852662603,0.828271753,0.847304735,14.385518992,14.688728738
E1,BalanceBeam_v_BalanceBeam_g02_c01,BalanceBeam,Random,random,7,20,,,103.175943963,8.000000000,0.000100000,0.109235328,0.116605215,0.096534019,13.691214854,13.892439287
E1,BalanceBeam_v_BalanceBeam_g02_c01,BalanceBeam,Shifted-RAT+traj,shifted_rat_traj_r3_c4,7,20,3,4,103.175943963,8.000000000,0.000100000,0.082025157,0.097825129,0.075874588,14.183870686,14.394139112
E1,BalanceBeam_v_BalanceBeam_g02_c01,BalanceBeam,RAT-fusion,rat_fusion,7,20,,,103.175943963,8.000000000,0.000100000,0.429826732,0.404015320,0.398504591,14.158895487,14.441177849
E1,BalanceBeam_v_BalanceBeam_g02_c01,BalanceBeam,Shifted-RAT-fusion,shifted_rat_fusion_r3_c4,7,20,3,4,103.175943963,8.000000000,0.000100000,0.054497078,0.072588194,0.050707840,13.973349595,14.188986453
E1,BalanceBeam_v_BalanceBeam_g02_c01,BalanceBeam,VideoMAE-only,videomae_only,7,20,,,103.175943963,8.000000000,0.000100000,0.000000000,0.020928175,0.000471493,13.223622423,13.433126361
E1,BalanceBeam_v_BalanceBeam_g02_c01,BalanceBeam,RAT+traj,rat_traj,8,20,,,103.175943963,8.000000000,0.000100000,0.398651315,0.358327302,0.348144381,14.132873375,14.415705789
E1,BalanceBeam_v_BalanceBeam_g02_c01,BalanceBeam,Motion-reference,motion_reference,8,20,,,103.175943963,8.000000000,0.000100000,0.852662603,0.829455583,0.847612053,14.410232404,14.704529690
E1,BalanceBeam_v_BalanceBeam_g02_c01,BalanceBeam,Random,random,8,20,,,103.175943963,8.000000000,0.000100000,0.108187638,0.107621047,0.088853022,13.750809264,13.935608558
E1,BalanceBeam_v_BalanceBeam_g02_c01,BalanceBeam,Shifted-RAT+traj,shifted_rat_traj_r3_c4,8,20,3,4,103.175943963,8.000000000,0.000100000,0.071615603,0.088231150,0.065831108,14.228322496,14.435532137
E1,BalanceBeam_v_BalanceBeam_g02_c01,BalanceBeam,RAT-fusion,rat_fusion,8,20,,,103.175943963,8.000000000,0.000100000,0.429826732,0.400347550,0.393444851,14.186173247,14.466546945
E1,BalanceBeam_v_BalanceBeam_g02_c01,BalanceBeam,Shifted-RAT-fusion,shifted_rat_fusion_r3_c4,8,20,3,4,103.175943963,8.000000000,0.000100000,0.054497078,0.070187955,0.047742289,14.006445512,14.216310125
E1,BalanceBeam_v_BalanceBeam_g02_c01,BalanceBeam,VideoMAE-only,videomae_only,8,20,,,103.175943963,8.000000000,0.000100000,0.000000000,0.020998254,0.000473743,13.252745912,13.457094631
E1,BalanceBeam_v_BalanceBeam_g02_c01,BalanceBeam,RAT+traj,rat_traj,42,20,,,103.175943963,8.000000000,0.000100000,0.409673196,0.388553236,0.381899339,14.087097631,14.360113713
E1,BalanceBeam_v_BalanceBeam_g02_c01,BalanceBeam,Motion-reference,motion_reference,42,20,,,103.175943963,8.000000000,0.000100000,0.852662603,0.829280192,0.847067313,14.332956573,14.634580347
E1,BalanceBeam_v_BalanceBeam_g02_c01,BalanceBeam,Random,random,42,20,,,103.175943963,8.000000000,0.000100000,0.109172686,0.115067695,0.095966815,13.687192500,13.876899514
E1,BalanceBeam_v_BalanceBeam_g02_c01,BalanceBeam,Shifted-RAT+traj,shifted_rat_traj_r3_c4,42,20,3,4,103.175943963,8.000000000,0.000100000,0.073452583,0.089831358,0.067482497,14.144854566,14.347946947
E1,BalanceBeam_v_BalanceBeam_g02_c01,BalanceBeam,RAT-fusion,rat_fusion,42,20,,,103.175943963,8.000000000,0.000100000,0.429826732,0.404537877,0.399180124,14.151103484,14.432656607
E1,BalanceBeam_v_BalanceBeam_g02_c01,BalanceBeam,Shifted-RAT-fusion,shifted_rat_fusion_r3_c4,42,20,3,4,103.175943963,8.000000000,0.000100000,0.054497078,0.067390110,0.044989280,13.971394085,14.180357271
E1,BalanceBeam_v_BalanceBeam_g02_c01,BalanceBeam,VideoMAE-only,videomae_only,42,20,,,103.175943963,8.000000000,0.000100000,0.000000000,0.020765504,0.000464122,13.203488727,13.407709195
E1,BalanceBeam_v_BalanceBeam_g03_c01,BalanceBeam,RAT+traj,rat_traj,0,20,,,159.920683705,8.000000000,0.000100000,0.444871369,0.426421555,0.426782670,14.898719262,15.106986454
E1,BalanceBeam_v_BalanceBeam_g03_c01,BalanceBeam,Motion-reference,motion_reference,0,20,,,159.920683705,8.000000000,0.000100000,0.726793795,0.701213849,0.714950628,14.969052093,15.210388862
E1,BalanceBeam_v_BalanceBeam_g03_c01,BalanceBeam,Random,random,0,20,,,159.920683705,8.000000000,0.000100000,0.111128232,0.103743139,0.091709345,14.228915685,14.391731678
E1,BalanceBeam_v_BalanceBeam_g03_c01,BalanceBeam,Shifted-RAT+traj,shifted_rat_traj_r3_c4,0,20,3,4,159.920683705,8.000000000,0.000100000,0.063365950,0.067842341,0.053829465,14.427296100,14.623613370
E1,BalanceBeam_v_BalanceBeam_g03_c01,BalanceBeam,RAT-fusion,rat_fusion,0,20,,,159.920683705,8.000000000,0.000100000,0.441153101,0.422801793,0.422903925,14.931025207,15.146274882
E1,BalanceBeam_v_BalanceBeam_g03_c01,BalanceBeam,Shifted-RAT-fusion,shifted_rat_fusion_r3_c4,0,20,3,4,159.920683705,8.000000000,0.000100000,0.067039821,0.071133060,0.057288822,14.371104940,14.564254167
E1,BalanceBeam_v_BalanceBeam_g03_c01,BalanceBeam,VideoMAE-only,videomae_only,0,20,,,159.920683705,8.000000000,0.000100000,0.000000000,0.012653589,0.000455257,13.189222235,13.355671871
E1,BalanceBeam_v_BalanceBeam_g03_c01,BalanceBeam,RAT+traj,rat_traj,1,20,,,159.920683705,8.000000000,0.000100000,0.448667332,0.428485531,0.428638838,14.945975114,15.161567366
E1,BalanceBeam_v_BalanceBeam_g03_c01,BalanceBeam,Motion-reference,motion_reference,1,20,,,159.920683705,8.000000000,0.000100000,0.726793795,0.699198597,0.712474286,14.996955241,15.251598600
E1,BalanceBeam_v_BalanceBeam_g03_c01,BalanceBeam,Random,random,1,20,,,159.920683705,8.000000000,0.000100000,0.105448650,0.101559537,0.089271034,14.236304317,14.401401333
E1,BalanceBeam_v_BalanceBeam_g03_c01,BalanceBeam,Shifted-RAT+traj,shifted_rat_traj_r3_c4,1,20,3,4,159.920683705,8.000000000,0.000100000,0.062833183,0.066169640,0.051732414,14.412142382,14.611797745
E1,BalanceBeam_v_BalanceBeam_g03_c01,BalanceBeam,RAT-fusion,rat_fusion,1,20,,,159.920683705,8.000000000,0.000100000,0.441153101,0.423889556,0.423831428,14.945676468,15.162723094
E1,BalanceBeam_v_BalanceBeam_g03_c01,BalanceBeam,Shifted-RAT-fusion,shifted_rat_fusion_r3_c4,1,20,3,4,159.920683705,8.000000000,0.000100000,0.067039821,0.072714663,0.058645044,14.404736024,14.602590917
E1,BalanceBeam_v_BalanceBeam_g03_c01,BalanceBeam,VideoMAE-only,videomae_only,1,20,,,159.920683705,8.000000000,0.000100000,0.000000000,0.012804357,0.000460250,13.242035685,13.411109881
E1,BalanceBeam_v_BalanceBeam_g03_c01,BalanceBeam,RAT+traj,rat_traj,2,20,,,159.920683705,8.000000000,0.000100000,0.441874556,0.421538595,0.421579665,14.890335979,15.097227794
E1,BalanceBeam_v_BalanceBeam_g03_c01,BalanceBeam,Motion-reference,motion_reference,2,20,,,159.920683705,8.000000000,0.000100000,0.726793795,0.697471572,0.711554002,14.970211972,15.207263364
E1,BalanceBeam_v_BalanceBeam_g03_c01,BalanceBeam,Random,random,2,20,,,159.920683705,8.000000000,0.000100000,0.103979624,0.101659204,0.089311033,14.275313637,14.433825997
E1,BalanceBeam_v_BalanceBeam_g03_c01,BalanceBeam,Shifted-RAT+traj,shifted_rat_traj_r3_c4,2,20,3,4,159.920683705,8.000000000,0.000100000,0.057705303,0.063475076,0.049028385,14.353228196,14.545735621
E1,BalanceBeam_v_BalanceBeam_g03_c01,BalanceBeam,RAT-fusion,rat_fusion,2,20,,,159.920683705,8.000000000,0.000100000,0.441153101,0.422557483,0.422756053,14.905601094,15.113989519
E1,BalanceBeam_v_BalanceBeam_g03_c01,BalanceBeam,Shifted-RAT-fusion,shifted_rat_fusion_r3_c4,2,20,3,4,159.920683705,8.000000000,0.000100000,0.067039821,0.073227630,0.059043104,14.390943212,14.585760460
E1,BalanceBeam_v_BalanceBeam_g03_c01,BalanceBeam,VideoMAE-only,videomae_only,2,20,,,159.920683705,8.000000000,0.000100000,0.000000000,0.012605208,0.000452600,13.173066504,13.337018792
E1,BalanceBeam_v_BalanceBeam_g03_c01,BalanceBeam,RAT+traj,rat_traj,3,20,,,159.920683705,8.000000000,0.000100000,0.443850232,0.424154394,0.424900417,14.924639348,15.136821195
E1,BalanceBeam_v_BalanceBeam_g03_c01,BalanceBeam,Motion-reference,motion_reference,3,20,,,159.920683705,8.000000000,0.000100000,0.726793795,0.700335702,0.714005646,14.996390874,15.243669057
E1,BalanceBeam_v_BalanceBeam_g03_c01,BalanceBeam,Random,random,3,20,,,159.920683705,8.000000000,0.000100000,0.097167914,0.090898064,0.078415591,14.247996878,14.412591823
E1,BalanceBeam_v_BalanceBeam_g03_c01,BalanceBeam,Shifted-RAT+traj,shifted_rat_traj_r3_c4,3,20,3,4,159.920683705,8.000000000,0.000100000,0.058249169,0.065065428,0.050876813,14.366711524,14.562867639
E1,BalanceBeam_v_BalanceBeam_g03_c01,BalanceBeam,RAT-fusion,rat_fusion,3,20,,,159.920683705,8.000000000,0.000100000,0.441153101,0.417155290,0.416947674,14.934899758,15.148228688
E1,BalanceBeam_v_BalanceBeam_g03_c01,BalanceBeam,Shifted-RAT-fusion,shifted_rat_fusion_r3_c4,3,20,3,4,159.920683705,8.000000000,0.000100000,0.067039821,0.072692462,0.058345136,14.412196826,14.611235339
E1,BalanceBeam_v_BalanceBeam_g03_c01,BalanceBeam,VideoMAE-only,videomae_only,3,20,,,159.920683705,8.000000000,0.000100000,0.000000000,0.012736673,0.000458957,13.219038277,13.386899751
E1,BalanceBeam_v_BalanceBeam_g03_c01,BalanceBeam,RAT+traj,rat_traj,4,20,,,159.920683705,8.000000000,0.000100000,0.438145188,0.422342611,0.422029478,14.881014338,15.095681892
E1,BalanceBeam_v_BalanceBeam_g03_c01,BalanceBeam,Motion-reference,motion_reference,4,20,,,159.920683705,8.000000000,0.000100000,0.726793795,0.699796003,0.713723483,14.953795870,15.195708811
E1,BalanceBeam_v_BalanceBeam_g03_c01,BalanceBeam,Random,random,4,20,,,159.920683705,8.000000000,0.000100000,0.099380593,0.096589980,0.084191378,14.261093589,14.424871323
E1,BalanceBeam_v_BalanceBeam_g03_c01,BalanceBeam,Shifted-RAT+traj,shifted_rat_traj_r3_c4,4,20,3,4,159.920683705,8.000000000,0.000100000,0.059359100,0.065685245,0.051229177,14.370055979,14.570255311
E1,BalanceBeam_v_BalanceBeam_g03_c01,BalanceBeam,RAT-fusion,rat_fusion,4,20,,,159.920683705,8.000000000,0.000100000,0.441153101,0.424777628,0.425216751,14.922961697,15.136421033
E1,BalanceBeam_v_BalanceBeam_g03_c01,BalanceBeam,Shifted-RAT-fusion,shifted_rat_fusion_r3_c4,4,20,3,4,159.920683705,8.000000000,0.000100000,0.067039821,0.072100812,0.057856625,14.383737524,14.580106393
E1,BalanceBeam_v_BalanceBeam_g03_c01,BalanceBeam,VideoMAE-only,videomae_only,4,20,,,159.920683705,8.000000000,0.000100000,0.000000000,0.012655534,0.000454448,13.189510247,13.358543713
E1,BalanceBeam_v_BalanceBeam_g03_c01,BalanceBeam,RAT+traj,rat_traj,5,20,,,159.920683705,8.000000000,0.000100000,0.435958624,0.414784906,0.414973272,14.901493900,15.106928125
E1,BalanceBeam_v_BalanceBeam_g03_c01,BalanceBeam,Motion-reference,motion_reference,5,20,,,159.920683705,8.000000000,0.000100000,0.726793795,0.698987323,0.712350513,14.984478183,15.222803206
E1,BalanceBeam_v_BalanceBeam_g03_c01,BalanceBeam,Random,random,5,20,,,159.920683705,8.000000000,0.000100000,0.098429317,0.096022943,0.083361571,14.240490099,14.400745486
E1,BalanceBeam_v_BalanceBeam_g03_c01,BalanceBeam,Shifted-RAT+traj,shifted_rat_traj_r3_c4,5,20,3,4,159.920683705,8.000000000,0.000100000,0.060025058,0.065033450,0.050984140,14.360519129,14.556976836
E1,BalanceBeam_v_BalanceBeam_g03_c01,BalanceBeam,RAT-fusion,rat_fusion,5,20,,,159.920683705,8.000000000,0.000100000,0.441153101,0.426453213,0.427396906,14.894059777,15.101023726
E1,BalanceBeam_v_BalanceBeam_g03_c01,BalanceBeam,Shifted-RAT-fusion,shifted_rat_fusion_r3_c4,5,20,3,4,159.920683705,8.000000000,0.000100000,0.067039821,0.069340699,0.055102047,14.355253820,14.545632980
E1,BalanceBeam_v_BalanceBeam_g03_c01,BalanceBeam,VideoMAE-only,videomae_only,5,20,,,159.920683705,8.000000000,0.000100000,0.000000000,0.012609718,0.000452606,13.172872692,13.336839246
E1,BalanceBeam_v_BalanceBeam_g03_c01,BalanceBeam,RAT+traj,rat_traj,6,20,,,159.920683705,8.000000000,0.000100000,0.440875618,0.421930348,0.422416608,14.948062982,15.162572771
E1,BalanceBeam_v_BalanceBeam_g03_c01,BalanceBeam,Motion-reference,motion_reference,6,20,,,159.920683705,8.000000000,0.000100000,0.726793795,0.696924462,0.709421887,14.972373893,15.231988885
E1,BalanceBeam_v_BalanceBeam_g03_c01,BalanceBeam,Random,random,6,20,,,159.920683705,8.000000000,0.000100000,0.103025737,0.099708069,0.086927468,14.285045104,14.452441112
E1,BalanceBeam_v_BalanceBeam_g03_c01,BalanceBeam,Shifted-RAT+traj,shifted_rat_traj_r3_c4,6,20,3,4,159.920683705,8.000000000,0.000100000,0.070613798,0.074247290,0.060050444,14.472076837,14.675984093
E1,BalanceBeam_v_BalanceBeam_g03_c01,BalanceBeam,RAT-fusion,rat_fusion,6,20,,,159.920683705,8.000000000,0.000100000,0.441153101,0.424540274,0.424985565,14.973874258,15.191865362
E1,BalanceBeam_v_BalanceBeam_g03_c01,BalanceBeam,Shifted-RAT-fusion,shifted_rat_fusion_r3_c4,6,20,3,4,159.920683705,8.000000000,0.000100000,0.067039821,0.071199370,0.057152472,14.417677064,14.616823613
E1,BalanceBeam_v_BalanceBeam_g03_c01,BalanceBeam,VideoMAE-only,videomae_only,6,20,,,159.920683705,8.000000000,0.000100000,0.000000000,0.012842183,0.000461259,13.257720398,13.428103326
E1,BalanceBeam_v_BalanceBeam_g03_c01,BalanceBeam,RAT+traj,rat_traj,7,20,,,159.920683705,8.000000000,0.000100000,0.443850232,0.428088983,0.428558834,14.949497117,15.161910738
E1,BalanceBeam_v_BalanceBeam_g03_c01,BalanceBeam,Motion-reference,motion_reference,7,20,,,159.920683705,8.000000000,0.000100000,0.726793795,0.696123192,0.709825659,14.996210511,15.242710822
E1,BalanceBeam_v_BalanceBeam_g03_c01,BalanceBeam,Random,random,7,20,,,159.920683705,8.000000000,0.000100000,0.097097400,0.094721872,0.081680735,14.328797187,14.500010108
E1,BalanceBeam_v_BalanceBeam_g03_c01,BalanceBeam,Shifted-RAT+traj,shifted_rat_traj_r3_c4,7,20,3,4,159.920683705,8.000000000,0.000100000,0.064753364,0.070771946,0.056341752,14.488203777,14.694192192
E1,BalanceBeam_v_BalanceBeam_g03_c01,BalanceBeam,RAT-fusion,rat_fusion,7,20,,,159.920683705,8.000000000,0.000100000,0.441153101,0.427344546,0.427939469,14.967268262,15.188103614
E1,BalanceBeam_v_BalanceBeam_g03_c01,BalanceBeam,Shifted-RAT-fusion,shifted_rat_fusion_r3_c4,7,20,3,4,159.920683705,8.000000000,0.000100000,0.067039821,0.070391054,0.056475250,14.405765002,14.605421967
E1,BalanceBeam_v_BalanceBeam_g03_c01,BalanceBeam,VideoMAE-only,videomae_only,7,20,,,159.920683705,8.000000000,0.000100000,0.000000000,0.012863788,0.000462900,13.256708519,13.428932006
E1,BalanceBeam_v_BalanceBeam_g03_c01,BalanceBeam,RAT+traj,rat_traj,8,20,,,159.920683705,8.000000000,0.000100000,0.442240833,0.426270722,0.426162729,14.964970183,15.182940349
E1,BalanceBeam_v_BalanceBeam_g03_c01,BalanceBeam,Motion-reference,motion_reference,8,20,,,159.920683705,8.000000000,0.000100000,0.726793795,0.695627241,0.709310725,15.008199657,15.249543211
E1,BalanceBeam_v_BalanceBeam_g03_c01,BalanceBeam,Random,random,8,20,,,159.920683705,8.000000000,0.000100000,0.099443272,0.095556981,0.082702307,14.349734134,14.515381900
E1,BalanceBeam_v_BalanceBeam_g03_c01,BalanceBeam,Shifted-RAT+traj,shifted_rat_traj_r3_c4,8,20,3,4,159.920683705,8.000000000,0.000100000,0.063543539,0.069816975,0.054966009,14.489012066,14.693661409
E1,BalanceBeam_v_BalanceBeam_g03_c01,BalanceBeam,RAT-fusion,rat_fusion,8,20,,,159.920683705,8.000000000,0.000100000,0.441153101,0.425755112,0.425044746,14.947536397,15.171659430
E1,BalanceBeam_v_BalanceBeam_g03_c01,BalanceBeam,Shifted-RAT-fusion,shifted_rat_fusion_r3_c4,8,20,3,4,159.920683705,8.000000000,0.000100000,0.067039821,0.072396756,0.057912624,14.435397071,14.635962515
E1,BalanceBeam_v_BalanceBeam_g03_c01,BalanceBeam,VideoMAE-only,videomae_only,8,20,,,159.920683705,8.000000000,0.000100000,0.000000000,0.012944732,0.000465411,13.295520777,13.464840467
E1,BalanceBeam_v_BalanceBeam_g03_c01,BalanceBeam,RAT+traj,rat_traj,42,20,,,159.920683705,8.000000000,0.000100000,0.446613960,0.431023579,0.431485411,14.958492322,15.177519771
E1,BalanceBeam_v_BalanceBeam_g03_c01,BalanceBeam,Motion-reference,motion_reference,42,20,,,159.920683705,8.000000000,0.000100000,0.726793795,0.694081086,0.707597253,15.012320700,15.261035816
E1,BalanceBeam_v_BalanceBeam_g03_c01,BalanceBeam,Random,random,42,20,,,159.920683705,8.000000000,0.000100000,0.104831659,0.099373982,0.086585654,14.295149136,14.463458647
E1,BalanceBeam_v_BalanceBeam_g03_c01,BalanceBeam,Shifted-RAT+traj,shifted_rat_traj_r3_c4,42,20,3,4,159.920683705,8.000000000,0.000100000,0.060957400,0.064474062,0.050130542,14.371641557,14.577845529
E1,BalanceBeam_v_BalanceBeam_g03_c01,BalanceBeam,RAT-fusion,rat_fusion,42,20,,,159.920683705,8.000000000,0.000100000,0.441153101,0.419823059,0.420101763,14.961173367,15.179358601
E1,BalanceBeam_v_BalanceBeam_g03_c01,BalanceBeam,Shifted-RAT-fusion,shifted_rat_fusion_r3_c4,42,20,3,4,159.920683705,8.000000000,0.000100000,0.067039821,0.073090969,0.059010834,14.435380031,14.634290267
E1,BalanceBeam_v_BalanceBeam_g03_c01,BalanceBeam,VideoMAE-only,videomae_only,42,20,,,159.920683705,8.000000000,0.000100000,0.000000000,0.012955181,0.000465689,13.296224361,13.467947840
E1,BalanceBeam_v_BalanceBeam_g10_c03,BalanceBeam,RAT+traj,rat_traj,0,20,,,116.752496100,8.000000000,0.000100000,0.389342799,0.379852219,0.376499212,14.793491978,15.222511032
E1,BalanceBeam_v_BalanceBeam_g10_c03,BalanceBeam,Motion-reference,motion_reference,0,20,,,116.752496100,8.000000000,0.000100000,0.848157139,0.799530800,0.840098286,14.776878090,15.253574459
E1,BalanceBeam_v_BalanceBeam_g10_c03,BalanceBeam,Random,random,0,20,,,116.752496100,8.000000000,0.000100000,0.096200109,0.107113786,0.083909911,14.296976456,14.602631623
E1,BalanceBeam_v_BalanceBeam_g10_c03,BalanceBeam,Shifted-RAT+traj,shifted_rat_traj_r3_c4,0,20,3,4,116.752496100,8.000000000,0.000100000,0.102613938,0.109051169,0.087378852,14.207105747,14.527389559
E1,BalanceBeam_v_BalanceBeam_g10_c03,BalanceBeam,RAT-fusion,rat_fusion,0,20,,,116.752496100,8.000000000,0.000100000,0.412907847,0.399609066,0.399960385,14.816119928,15.254599984
E1,BalanceBeam_v_BalanceBeam_g10_c03,BalanceBeam,Shifted-RAT-fusion,shifted_rat_fusion_r3_c4,0,20,3,4,116.752496100,8.000000000,0.000100000,0.117077142,0.114524083,0.092807678,14.070631746,14.392657710
E1,BalanceBeam_v_BalanceBeam_g10_c03,BalanceBeam,VideoMAE-only,videomae_only,0,20,,,116.752496100,8.000000000,0.000100000,0.000000000,0.021917156,0.000482306,13.155583067,13.416119690
E1,BalanceBeam_v_BalanceBeam_g10_c03,BalanceBeam,RAT+traj,rat_traj,1,20,,,116.752496100,8.000000000,0.000100000,0.379721444,0.366391490,0.361875128,14.753399501,15.189691600
E1,BalanceBeam_v_BalanceBeam_g10_c03,BalanceBeam,Motion-reference,motion_reference,1,20,,,116.752496100,8.000000000,0.000100000,0.848157139,0.797572828,0.838078184,14.795003207,15.288207888
E1,BalanceBeam_v_BalanceBeam_g10_c03,BalanceBeam,Random,random,1,20,,,116.752496100,8.000000000,0.000100000,0.101021177,0.109914543,0.088697848,14.281331574,14.587188647
E1,BalanceBeam_v_BalanceBeam_g10_c03,BalanceBeam,Shifted-RAT+traj,shifted_rat_traj_r3_c4,1,20,3,4,116.752496100,8.000000000,0.000100000,0.110780661,0.116188808,0.094113813,14.185616182,14.510987412
E1,BalanceBeam_v_BalanceBeam_g10_c03,BalanceBeam,RAT-fusion,rat_fusion,1,20,,,116.752496100,8.000000000,0.000100000,0.412907847,0.401297905,0.398951414,14.746049742,15.200054859
E1,BalanceBeam_v_BalanceBeam_g10_c03,BalanceBeam,Shifted-RAT-fusion,shifted_rat_fusion_r3_c4,1,20,3,4,116.752496100,8.000000000,0.000100000,0.117077142,0.117133951,0.095527263,14.047155215,14.367102550
E1,BalanceBeam_v_BalanceBeam_g10_c03,BalanceBeam,VideoMAE-only,videomae_only,1,20,,,116.752496100,8.000000000,0.000100000,0.000000000,0.022043962,0.000486300,13.184579371,13.446634284
E1,BalanceBeam_v_BalanceBeam_g10_c03,BalanceBeam,RAT+traj,rat_traj,2,20,,,116.752496100,8.000000000,0.000100000,0.377788861,0.367883879,0.363820942,14.791174001,15.214507468
E1,BalanceBeam_v_BalanceBeam_g10_c03,BalanceBeam,Motion-reference,motion_reference,2,20,,,116.752496100,8.000000000,0.000100000,0.848157139,0.796720570,0.837094254,14.836716230,15.321916847
E1,BalanceBeam_v_BalanceBeam_g10_c03,BalanceBeam,Random,random,2,20,,,116.752496100,8.000000000,0.000100000,0.104775106,0.109691972,0.087091223,14.257215411,14.561225181
E1,BalanceBeam_v_BalanceBeam_g10_c03,BalanceBeam,Shifted-RAT+traj,shifted_rat_traj_r3_c4,2,20,3,4,116.752496100,8.000000000,0.000100000,0.113502902,0.113490396,0.091559272,14.183122859,14.502437510
E1,BalanceBeam_v_BalanceBeam_g10_c03,BalanceBeam,RAT-fusion,rat_fusion,2,20,,,116.752496100,8.000000000,0.000100000,0.412907847,0.396549661,0.394153047,14.774835136,15.215216449
E1,BalanceBeam_v_BalanceBeam_g10_c03,BalanceBeam,Shifted-RAT-fusion,shifted_rat_fusion_r3_c4,2,20,3,4,116.752496100,8.000000000,0.000100000,0.117077142,0.116765152,0.095032214,14.116000329,14.427284377
E1,BalanceBeam_v_BalanceBeam_g10_c03,BalanceBeam,VideoMAE-only,videomae_only,2,20,,,116.752496100,8.000000000,0.000100000,0.000000000,0.021952521,0.000484834,13.162453361,13.415660902
E1,BalanceBeam_v_BalanceBeam_g10_c03,BalanceBeam,RAT+traj,rat_traj,3,20,,,116.752496100,8.000000000,0.000100000,0.369580577,0.364429139,0.359447017,14.720775775,15.150073412
E1,BalanceBeam_v_BalanceBeam_g10_c03,BalanceBeam,Motion-reference,motion_reference,3,20,,,116.752496100,8.000000000,0.000100000,0.848157139,0.801375301,0.839886928,14.782908629,15.273638502
E1,BalanceBeam_v_BalanceBeam_g10_c03,BalanceBeam,Random,random,3,20,,,116.752496100,8.000000000,0.000100000,0.102738621,0.111445015,0.089122241,14.202016545,14.509729241
E1,BalanceBeam_v_BalanceBeam_g10_c03,BalanceBeam,Shifted-RAT+traj,shifted_rat_traj_r3_c4,3,20,3,4,116.752496100,8.000000000,0.000100000,0.120817626,0.121673229,0.100417161,14.182641821,14.503732116
E1,BalanceBeam_v_BalanceBeam_g10_c03,BalanceBeam,RAT-fusion,rat_fusion,3,20,,,116.752496100,8.000000000,0.000100000,0.412907847,0.399824076,0.398989712,14.717155856,15.160330483
E1,BalanceBeam_v_BalanceBeam_g10_c03,BalanceBeam,Shifted-RAT-fusion,shifted_rat_fusion_r3_c4,3,20,3,4,116.752496100,8.000000000,0.000100000,0.117077142,0.115886300,0.095176616,14.064398994,14.377768723
E1,BalanceBeam_v_BalanceBeam_g10_c03,BalanceBeam,VideoMAE-only,videomae_only,3,20,,,116.752496100,8.000000000,0.000100000,0.000000000,0.022027776,0.000485900,13.182979473,13.442577107
E1,BalanceBeam_v_BalanceBeam_g10_c03,BalanceBeam,RAT+traj,rat_traj,4,20,,,116.752496100,8.000000000,0.000100000,0.370287113,0.360858971,0.354757796,14.691231780,15.124590380
E1,BalanceBeam_v_BalanceBeam_g10_c03,BalanceBeam,Motion-reference,motion_reference,4,20,,,116.752496100,8.000000000,0.000100000,0.848157139,0.800275337,0.842609255,14.794090093,15.279373509
E1,BalanceBeam_v_BalanceBeam_g10_c03,BalanceBeam,Random,random,4,20,,,116.752496100,8.000000000,0.000100000,0.118116165,0.119614722,0.098004864,14.170649085,14.480195506
E1,BalanceBeam_v_BalanceBeam_g10_c03,BalanceBeam,Shifted-RAT+traj,shifted_rat_traj_r3_c4,4,20,3,4,116.752496100,8.000000000,0.000100000,0.120672162,0.121324350,0.098960845,14.126652740,14.449962017
E1,BalanceBeam_v_BalanceBeam_g10_c03,BalanceBeam,RAT-fusion,rat_fusion,4,20,,,116.752496100,8.000000000,0.000100000,0.412907847,0.403240982,0.403783394,14.737415284,15.175652588
E1,BalanceBeam_v_BalanceBeam_g10_c03,BalanceBeam,Shifted-RAT-fusion,shifted_rat_fusion_r3_c4,4,20,3,4,116.752496100,8.000000000,0.000100000,0.117077142,0.114656113,0.092464408,14.039003199,14.356210848
E1,BalanceBeam_v_BalanceBeam_g10_c03,BalanceBeam,VideoMAE-only,videomae_only,4,20,,,116.752496100,8.000000000,0.000100000,0.000000000,0.021767509,0.000479323,13.120428942,13.383603155
E1,BalanceBeam_v_BalanceBeam_g10_c03,BalanceBeam,RAT+traj,rat_traj,5,20,,,116.752496100,8.000000000,0.000100000,0.372656086,0.357653208,0.352613588,14.711606705,15.139746474
E1,BalanceBeam_v_BalanceBeam_g10_c03,BalanceBeam,Motion-reference,motion_reference,5,20,,,116.752496100,8.000000000,0.000100000,0.848157139,0.797676846,0.838785493,14.798484462,15.296620625
E1,BalanceBeam_v_BalanceBeam_g10_c03,BalanceBeam,Random,random,5,20,,,116.752496100,8.000000000,0.000100000,0.105128374,0.110691496,0.088253752,14.277966764,14.582490131
E1,BalanceBeam_v_BalanceBeam_g10_c03,BalanceBeam,Shifted-RAT+traj,shifted_rat_traj_r3_c4,5,20,3,4,116.752496100,8.000000000,0.000100000,0.110302710,0.117788634,0.096093193,14.171368872,14.488420465
E1,BalanceBeam_v_BalanceBeam_g10_c03,BalanceBeam,RAT-fusion,rat_fusion,5,20,,,116.752496100,8.000000000,0.000100000,0.412907847,0.403255257,0.402520298,14.762212192,15.200582028
E1,BalanceBeam_v_BalanceBeam_g10_c03,BalanceBeam,Shifted-RAT-fusion,shifted_rat_fusion_r3_c4,5,20,3,4,116.752496100,8.000000000,0.000100000,0.117077142,0.116621267,0.094617401,14.045089509,14.359084563
E1,BalanceBeam_v_BalanceBeam_g10_c03,BalanceBeam,VideoMAE-only,videomae_only,5,20,,,116.752496100,8.000000000,0.000100000,0.000000000,0.021798191,0.000479773,13.133562722,13.390046881
E1,BalanceBeam_v_BalanceBeam_g10_c03,BalanceBeam,RAT+traj,rat_traj,6,20,,,116.752496100,8.000000000,0.000100000,0.382838514,0.374880378,0.371632136,14.755485943,15.186095387
E1,BalanceBeam_v_BalanceBeam_g10_c03,BalanceBeam,Motion-reference,motion_reference,6,20,,,116.752496100,8.000000000,0.000100000,0.848157139,0.794925160,0.834827935,14.791560915,15.279397116
E1,BalanceBeam_v_BalanceBeam_g10_c03,BalanceBeam,Random,random,6,20,,,116.752496100,8.000000000,0.000100000,0.101990524,0.107412367,0.083921664,14.231917513,14.540594335
E1,BalanceBeam_v_BalanceBeam_g10_c03,BalanceBeam,Shifted-RAT+traj,shifted_rat_traj_r3_c4,6,20,3,4,116.752496100,8.000000000,0.000100000,0.113149634,0.123212805,0.101653538,14.193306071,14.516904746
E1,BalanceBeam_v_BalanceBeam_g10_c03,BalanceBeam,RAT-fusion,rat_fusion,6,20,,,116.752496100,8.000000000,0.000100000,0.412907847,0.409854284,0.409858716,14.776136502,15.217561576
E1,BalanceBeam_v_BalanceBeam_g10_c03,BalanceBeam,Shifted-RAT-fusion,shifted_rat_fusion_r3_c4,6,20,3,4,116.752496100,8.000000000,0.000100000,0.117077142,0.116505682,0.094661958,14.036203679,14.352850880
E1,BalanceBeam_v_BalanceBeam_g10_c03,BalanceBeam,VideoMAE-only,videomae_only,6,20,,,116.752496100,8.000000000,0.000100000,0.000000000,0.022000059,0.000484169,13.172737062,13.432207637
E1,BalanceBeam_v_BalanceBeam_g10_c03,BalanceBeam,RAT+traj,rat_traj,7,20,,,116.752496100,8.000000000,0.000100000,0.377456373,0.375773454,0.372961762,14.855163543,15.287026254
E1,BalanceBeam_v_BalanceBeam_g10_c03,BalanceBeam,Motion-reference,motion_reference,7,20,,,116.752496100,8.000000000,0.000100000,0.848157139,0.801752288,0.844566412,14.759569047,15.260708556
E1,BalanceBeam_v_BalanceBeam_g10_c03,BalanceBeam,Random,random,7,20,,,116.752496100,8.000000000,0.000100000,0.100065275,0.111672769,0.089099786,14.348876238,14.675842633
E1,BalanceBeam_v_BalanceBeam_g10_c03,BalanceBeam,Shifted-RAT+traj,shifted_rat_traj_r3_c4,7,20,3,4,116.752496100,8.000000000,0.000100000,0.116329045,0.122132660,0.100696561,14.212206472,14.541808449
E1,BalanceBeam_v_BalanceBeam_g10_c03,BalanceBeam,RAT-fusion,rat_fusion,7,20,,,116.752496100,8.000000000,0.000100000,0.412907847,0.397121216,0.395979854,14.757795053,15.202793724
E1,BalanceBeam_v_BalanceBeam_g10_c03,BalanceBeam,Shifted-RAT-fusion,shifted_rat_fusion_r3_c4,7,20,3,4,116.752496100,8.000000000,0.000100000,0.117077142,0.119299167,0.097959798,14.093212634,14.415788286
E1,BalanceBeam_v_BalanceBeam_g10_c03,BalanceBeam,VideoMAE-only,videomae_only,7,20,,,116.752496100,8.000000000,0.000100000,0.000000000,0.022309115,0.000491627,13.230032590,13.501558931
E1,BalanceBeam_v_BalanceBeam_g10_c03,BalanceBeam,RAT+traj,rat_traj,8,20,,,116.752496100,8.000000000,0.000100000,0.359231905,0.363132707,0.359211296,14.800258974,15.220115495
E1,BalanceBeam_v_BalanceBeam_g10_c03,BalanceBeam,Motion-reference,motion_reference,8,20,,,116.752496100,8.000000000,0.000100000,0.848157139,0.798900460,0.840453467,14.803074648,15.289967850
E1,BalanceBeam_v_BalanceBeam_g10_c03,BalanceBeam,Random,random,8,20,,,116.752496100,8.000000000,0.000100000,0.089522245,0.098884478,0.075922705,14.264903924,14.571219985
E1,BalanceBeam_v_BalanceBeam_g10_c03,BalanceBeam,Shifted-RAT+traj,shifted_rat_traj_r3_c4,8,20,3,4,116.752496100,8.000000000,0.000100000,0.123913915,0.127162343,0.105569274,14.260697447,14.587235119
E1,BalanceBeam_v_BalanceBeam_g10_c03,BalanceBeam,RAT-fusion,rat_fusion,8,20,,,116.752496100,8.000000000,0.000100000,0.412907847,0.396806977,0.396899938,14.742881687,15.173168615
E1,BalanceBeam_v_BalanceBeam_g10_c03,BalanceBeam,Shifted-RAT-fusion,shifted_rat_fusion_r3_c4,8,20,3,4,116.752496100,8.000000000,0.000100000,0.117077142,0.116371707,0.094949341,14.126530173,14.438985809
E1,BalanceBeam_v_BalanceBeam_g10_c03,BalanceBeam,VideoMAE-only,videomae_only,8,20,,,116.752496100,8.000000000,0.000100000,0.000000000,0.022359726,0.000491548,13.252585106,13.511064967
E1,BalanceBeam_v_BalanceBeam_g10_c03,BalanceBeam,RAT+traj,rat_traj,42,20,,,116.752496100,8.000000000,0.000100000,0.384397049,0.370254935,0.366234564,14.722884660,15.157265299
E1,BalanceBeam_v_BalanceBeam_g10_c03,BalanceBeam,Motion-reference,motion_reference,42,20,,,116.752496100,8.000000000,0.000100000,0.848157139,0.798213747,0.838725531,14.791453953,15.284685306
E1,BalanceBeam_v_BalanceBeam_g10_c03,BalanceBeam,Random,random,42,20,,,116.752496100,8.000000000,0.000100000,0.091448716,0.101852839,0.078367535,14.246646877,14.558277509
E1,BalanceBeam_v_BalanceBeam_g10_c03,BalanceBeam,Shifted-RAT+traj,shifted_rat_traj_r3_c4,42,20,3,4,116.752496100,8.000000000,0.000100000,0.104130912,0.109235824,0.086641076,14.200018151,14.522629851
E1,BalanceBeam_v_BalanceBeam_g10_c03,BalanceBeam,RAT-fusion,rat_fusion,42,20,,,116.752496100,8.000000000,0.000100000,0.412907847,0.395098301,0.394143371,14.781250668,15.219593153
E1,BalanceBeam_v_BalanceBeam_g10_c03,BalanceBeam,Shifted-RAT-fusion,shifted_rat_fusion_r3_c4,42,20,3,4,116.752496100,8.000000000,0.000100000,0.117077142,0.117101272,0.095375410,14.099828789,14.418314289
E1,BalanceBeam_v_BalanceBeam_g10_c03,BalanceBeam,VideoMAE-only,videomae_only,42,20,,,116.752496100,8.000000000,0.000100000,0.000000000,0.022125125,0.000487113,13.199159984,13.461295897
E1,Basketball_v_Basketball_g01_c01,Basketball,RAT+traj,rat_traj,0,20,,,135.294792555,8.000000000,0.000100000,0.121127648,0.108965746,0.112378836,14.110621309,14.273341043
E1,Basketball_v_Basketball_g01_c01,Basketball,Motion-reference,motion_reference,0,20,,,135.294792555,8.000000000,0.000100000,0.464073152,0.406442424,0.430428001,14.508929784,14.712329098
E1,Basketball_v_Basketball_g01_c01,Basketball,Random,random,0,20,,,135.294792555,8.000000000,0.000100000,0.098573244,0.102104382,0.096070304,14.566674439,14.757870392
E1,Basketball_v_Basketball_g01_c01,Basketball,Shifted-RAT+traj,shifted_rat_traj_r3_c4,0,20,3,4,135.294792555,8.000000000,0.000100000,0.049836001,0.050261558,0.049251296,14.787084681,14.940729241
E1,Basketball_v_Basketball_g01_c01,Basketball,RAT-fusion,rat_fusion,0,20,,,135.294792555,8.000000000,0.000100000,0.157412905,0.140687621,0.146066573,14.346956323,14.511643639
E1,Basketball_v_Basketball_g01_c01,Basketball,Shifted-RAT-fusion,shifted_rat_fusion_r3_c4,0,20,3,4,135.294792555,8.000000000,0.000100000,0.067176283,0.065806228,0.066478601,14.788602824,14.961947566
E1,Basketball_v_Basketball_g01_c01,Basketball,VideoMAE-only,videomae_only,0,20,,,135.294792555,8.000000000,0.000100000,0.021956151,0.028285568,0.025457923,15.544159095,15.818037600
E1,Basketball_v_Basketball_g01_c01,Basketball,RAT+traj,rat_traj,1,20,,,135.294792555,8.000000000,0.000100000,0.111852466,0.100515614,0.103484392,14.183481578,14.349904918
E1,Basketball_v_Basketball_g01_c01,Basketball,Motion-reference,motion_reference,1,20,,,135.294792555,8.000000000,0.000100000,0.464073152,0.412763979,0.437523498,14.500359080,14.705715163
E1,Basketball_v_Basketball_g01_c01,Basketball,Random,random,1,20,,,135.294792555,8.000000000,0.000100000,0.102027905,0.102679662,0.095889634,14.699503539,14.894078733
E1,Basketball_v_Basketball_g01_c01,Basketball,Shifted-RAT+traj,shifted_rat_traj_r3_c4,1,20,3,4,135.294792555,8.000000000,0.000100000,0.056205900,0.053930599,0.053603436,14.831109602,14.994641581
E1,Basketball_v_Basketball_g01_c01,Basketball,RAT-fusion,rat_fusion,1,20,,,135.294792555,8.000000000,0.000100000,0.157412905,0.144558849,0.150757918,14.406111906,14.572235847
E1,Basketball_v_Basketball_g01_c01,Basketball,Shifted-RAT-fusion,shifted_rat_fusion_r3_c4,1,20,3,4,135.294792555,8.000000000,0.000100000,0.067176283,0.064319196,0.064692130,14.838613861,15.014978420
E1,Basketball_v_Basketball_g01_c01,Basketball,VideoMAE-only,videomae_only,1,20,,,135.294792555,8.000000000,0.000100000,0.021956151,0.028690056,0.026252823,15.514076437,15.789270374
E1,Basketball_v_Basketball_g01_c01,Basketball,RAT+traj,rat_traj,2,20,,,135.294792555,8.000000000,0.000100000,0.115923482,0.100892308,0.106517876,14.124775357,14.280017525
E1,Basketball_v_Basketball_g01_c01,Basketball,Motion-reference,motion_reference,2,20,,,135.294792555,8.000000000,0.000100000,0.464073152,0.410651643,0.437246969,14.466508566,14.662886329
E1,Basketball_v_Basketball_g01_c01,Basketball,Random,random,2,20,,,135.294792555,8.000000000,0.000100000,0.098608542,0.100830659,0.094754429,14.676702326,14.862981041
E1,Basketball_v_Basketball_g01_c01,Basketball,Shifted-RAT+traj,shifted_rat_traj_r3_c4,2,20,3,4,135.294792555,8.000000000,0.000100000,0.042050568,0.042255558,0.044628396,14.763660788,14.914051299
E1,Basketball_v_Basketball_g01_c01,Basketball,RAT-fusion,rat_fusion,2,20,,,135.294792555,8.000000000,0.000100000,0.157412905,0.140629432,0.149058341,14.323331844,14.481973188
E1,Basketball_v_Basketball_g01_c01,Basketball,Shifted-RAT-fusion,shifted_rat_fusion_r3_c4,2,20,3,4,135.294792555,8.000000000,0.000100000,0.067176283,0.062512605,0.066335249,14.798600331,14.966601359
E1,Basketball_v_Basketball_g01_c01,Basketball,VideoMAE-only,videomae_only,2,20,,,135.294792555,8.000000000,0.000100000,0.021956151,0.027916393,0.029527142,15.552718860,15.821853830
E1,Basketball_v_Basketball_g01_c01,Basketball,RAT+traj,rat_traj,3,20,,,135.294792555,8.000000000,0.000100000,0.121334004,0.108152314,0.112071841,14.163065102,14.323783825
E1,Basketball_v_Basketball_g01_c01,Basketball,Motion-reference,motion_reference,3,20,,,135.294792555,8.000000000,0.000100000,0.464073152,0.407824278,0.432445870,14.483787162,14.687520311
E1,Basketball_v_Basketball_g01_c01,Basketball,Random,random,3,20,,,135.294792555,8.000000000,0.000100000,0.101004268,0.102932072,0.098579450,14.673779898,14.863177775
E1,Basketball_v_Basketball_g01_c01,Basketball,Shifted-RAT+traj,shifted_rat_traj_r3_c4,3,20,3,4,135.294792555,8.000000000,0.000100000,0.051251534,0.054549638,0.054857191,14.763990134,14.920716525
E1,Basketball_v_Basketball_g01_c01,Basketball,RAT-fusion,rat_fusion,3,20,,,135.294792555,8.000000000,0.000100000,0.157412905,0.139311623,0.145169650,14.378594329,14.543440979
E1,Basketball_v_Basketball_g01_c01,Basketball,Shifted-RAT-fusion,shifted_rat_fusion_r3_c4,3,20,3,4,135.294792555,8.000000000,0.000100000,0.067176283,0.063556482,0.064468067,14.772588082,14.944956117
E1,Basketball_v_Basketball_g01_c01,Basketball,VideoMAE-only,videomae_only,3,20,,,135.294792555,8.000000000,0.000100000,0.021956151,0.029241485,0.027350937,15.540607253,15.813934006
E1,Basketball_v_Basketball_g01_c01,Basketball,RAT+traj,rat_traj,4,20,,,135.294792555,8.000000000,0.000100000,0.125097295,0.113245337,0.115519769,14.172607116,14.337781508
E1,Basketball_v_Basketball_g01_c01,Basketball,Motion-reference,motion_reference,4,20,,,135.294792555,8.000000000,0.000100000,0.464073152,0.409311401,0.432874916,14.507864511,14.715765608
E1,Basketball_v_Basketball_g01_c01,Basketball,Random,random,4,20,,,135.294792555,8.000000000,0.000100000,0.106014749,0.106935397,0.102404620,14.697487928,14.890041679
E1,Basketball_v_Basketball_g01_c01,Basketball,Shifted-RAT+traj,shifted_rat_traj_r3_c4,4,20,3,4,135.294792555,8.000000000,0.000100000,0.050189884,0.052286862,0.050219031,14.794512252,14.954631115
E1,Basketball_v_Basketball_g01_c01,Basketball,RAT-fusion,rat_fusion,4,20,,,135.294792555,8.000000000,0.000100000,0.157412905,0.139401401,0.143715199,14.358907356,14.525929051
E1,Basketball_v_Basketball_g01_c01,Basketball,Shifted-RAT-fusion,shifted_rat_fusion_r3_c4,4,20,3,4,135.294792555,8.000000000,0.000100000,0.067176283,0.065487788,0.064390775,14.786962828,14.962371432
E1,Basketball_v_Basketball_g01_c01,Basketball,VideoMAE-only,videomae_only,4,20,,,135.294792555,8.000000000,0.000100000,0.021956151,0.029445456,0.024914712,15.538462345,15.815016480
E1,Basketball_v_Basketball_g01_c01,Basketball,RAT+traj,rat_traj,5,20,,,135.294792555,8.000000000,0.000100000,0.115875513,0.100016718,0.104837329,14.123721736,14.280993558
E1,Basketball_v_Basketball_g01_c01,Basketball,Motion-reference,motion_reference,5,20,,,135.294792555,8.000000000,0.000100000,0.464073152,0.405524998,0.431724041,14.491574700,14.695037428
E1,Basketball_v_Basketball_g01_c01,Basketball,Random,random,5,20,,,135.294792555,8.000000000,0.000100000,0.098755163,0.104289598,0.097636577,14.658147766,14.847327775
E1,Basketball_v_Basketball_g01_c01,Basketball,Shifted-RAT+traj,shifted_rat_traj_r3_c4,5,20,3,4,135.294792555,8.000000000,0.000100000,0.060452500,0.060420429,0.063173005,14.762980946,14.913288011
E1,Basketball_v_Basketball_g01_c01,Basketball,RAT-fusion,rat_fusion,5,20,,,135.294792555,8.000000000,0.000100000,0.157412905,0.139974538,0.147970795,14.352338991,14.514393383
E1,Basketball_v_Basketball_g01_c01,Basketball,Shifted-RAT-fusion,shifted_rat_fusion_r3_c4,5,20,3,4,135.294792555,8.000000000,0.000100000,0.067176283,0.064188566,0.067371252,14.774667783,14.945044138
E1,Basketball_v_Basketball_g01_c01,Basketball,VideoMAE-only,videomae_only,5,20,,,135.294792555,8.000000000,0.000100000,0.021956151,0.028268442,0.028986349,15.536253590,15.807680656
E1,Basketball_v_Basketball_g01_c01,Basketball,RAT+traj,rat_traj,6,20,,,135.294792555,8.000000000,0.000100000,0.115109821,0.101553830,0.105262252,14.209933284,14.371319193
E1,Basketball_v_Basketball_g01_c01,Basketball,Motion-reference,motion_reference,6,20,,,135.294792555,8.000000000,0.000100000,0.464073152,0.403159014,0.427844548,14.496947889,14.703035975
E1,Basketball_v_Basketball_g01_c01,Basketball,Random,random,6,20,,,135.294792555,8.000000000,0.000100000,0.106713465,0.111634210,0.105607907,14.680632786,14.871665980
E1,Basketball_v_Basketball_g01_c01,Basketball,Shifted-RAT+traj,shifted_rat_traj_r3_c4,6,20,3,4,135.294792555,8.000000000,0.000100000,0.057267550,0.055136829,0.056055712,14.801421828,14.959894833
E1,Basketball_v_Basketball_g01_c01,Basketball,RAT-fusion,rat_fusion,6,20,,,135.294792555,8.000000000,0.000100000,0.157412905,0.141842913,0.148768206,14.382436667,14.546941232
E1,Basketball_v_Basketball_g01_c01,Basketball,Shifted-RAT-fusion,shifted_rat_fusion_r3_c4,6,20,3,4,135.294792555,8.000000000,0.000100000,0.067176283,0.065632197,0.067730028,14.823235801,14.996851594
E1,Basketball_v_Basketball_g01_c01,Basketball,VideoMAE-only,videomae_only,6,20,,,135.294792555,8.000000000,0.000100000,0.021956151,0.028162265,0.027029304,15.531291951,15.805991227
E1,Basketball_v_Basketball_g01_c01,Basketball,RAT+traj,rat_traj,7,20,,,135.294792555,8.000000000,0.000100000,0.111665116,0.099242510,0.101638265,14.199052431,14.368157690
E1,Basketball_v_Basketball_g01_c01,Basketball,Motion-reference,motion_reference,7,20,,,135.294792555,8.000000000,0.000100000,0.464073152,0.406127459,0.431098764,14.561115371,14.775443260
E1,Basketball_v_Basketball_g01_c01,Basketball,Random,random,7,20,,,135.294792555,8.000000000,0.000100000,0.098432958,0.098342324,0.092182329,14.653113460,14.850539439
E1,Basketball_v_Basketball_g01_c01,Basketball,Shifted-RAT+traj,shifted_rat_traj_r3_c4,7,20,3,4,135.294792555,8.000000000,0.000100000,0.058329200,0.059116151,0.058989307,14.857429912,15.020913375
E1,Basketball_v_Basketball_g01_c01,Basketball,RAT-fusion,rat_fusion,7,20,,,135.294792555,8.000000000,0.000100000,0.157412905,0.139635489,0.145026896,14.372671001,14.545616589
E1,Basketball_v_Basketball_g01_c01,Basketball,Shifted-RAT-fusion,shifted_rat_fusion_r3_c4,7,20,3,4,135.294792555,8.000000000,0.000100000,0.067176283,0.068618160,0.069108743,14.817153429,14.999109569
E1,Basketball_v_Basketball_g01_c01,Basketball,VideoMAE-only,videomae_only,7,20,,,135.294792555,8.000000000,0.000100000,0.021956151,0.028703477,0.025693704,15.503701498,15.784960479
E1,Basketball_v_Basketball_g01_c01,Basketball,RAT+traj,rat_traj,8,20,,,135.294792555,8.000000000,0.000100000,0.123989487,0.113980756,0.120017476,14.261839568,14.422719598
E1,Basketball_v_Basketball_g01_c01,Basketball,Motion-reference,motion_reference,8,20,,,135.294792555,8.000000000,0.000100000,0.464073152,0.405008810,0.431232141,14.570275702,14.776512947
E1,Basketball_v_Basketball_g01_c01,Basketball,Random,random,8,20,,,135.294792555,8.000000000,0.000100000,0.100774380,0.103619155,0.098198957,14.745426969,14.937466080
E1,Basketball_v_Basketball_g01_c01,Basketball,Shifted-RAT+traj,shifted_rat_traj_r3_c4,8,20,3,4,135.294792555,8.000000000,0.000100000,0.056559784,0.052190875,0.054064737,14.826918728,14.987542359
E1,Basketball_v_Basketball_g01_c01,Basketball,RAT-fusion,rat_fusion,8,20,,,135.294792555,8.000000000,0.000100000,0.157412905,0.144799464,0.152812151,14.407200253,14.570135570
E1,Basketball_v_Basketball_g01_c01,Basketball,Shifted-RAT-fusion,shifted_rat_fusion_r3_c4,8,20,3,4,135.294792555,8.000000000,0.000100000,0.067176283,0.061693639,0.064428847,14.805500043,14.978807858
E1,Basketball_v_Basketball_g01_c01,Basketball,VideoMAE-only,videomae_only,8,20,,,135.294792555,8.000000000,0.000100000,0.021956151,0.028124437,0.028581500,15.506161847,15.778364227
E1,Basketball_v_Basketball_g01_c01,Basketball,RAT+traj,rat_traj,42,20,,,135.294792555,8.000000000,0.000100000,0.102394460,0.088390329,0.090129263,14.154015854,14.325628220
E1,Basketball_v_Basketball_g01_c01,Basketball,Motion-reference,motion_reference,42,20,,,135.294792555,8.000000000,0.000100000,0.464073152,0.409146375,0.433677296,14.552629503,14.764556943
E1,Basketball_v_Basketball_g01_c01,Basketball,Random,random,42,20,,,135.294792555,8.000000000,0.000100000,0.094351081,0.101457993,0.094743196,14.721186309,14.919872773
E1,Basketball_v_Basketball_g01_c01,Basketball,Shifted-RAT+traj,shifted_rat_traj_r3_c4,42,20,3,4,135.294792555,8.000000000,0.000100000,0.050897651,0.050154167,0.049163114,14.792276334,14.942662747
E1,Basketball_v_Basketball_g01_c01,Basketball,RAT-fusion,rat_fusion,42,20,,,135.294792555,8.000000000,0.000100000,0.157412905,0.141384491,0.147034748,14.386615015,14.557626731
E1,Basketball_v_Basketball_g01_c01,Basketball,Shifted-RAT-fusion,shifted_rat_fusion_r3_c4,42,20,3,4,135.294792555,8.000000000,0.000100000,0.067176283,0.065843981,0.066263099,14.830670722,15.009339991
E1,Basketball_v_Basketball_g01_c01,Basketball,VideoMAE-only,videomae_only,42,20,,,135.294792555,8.000000000,0.000100000,0.021956151,0.028517126,0.025672091,15.508981582,15.786709335
E1,Basketball_v_Basketball_g02_c01,Basketball,RAT+traj,rat_traj,0,20,,,82.948676232,8.000000000,0.000100000,0.273957181,0.260608005,0.284106136,15.435343248,15.755063381
E1,Basketball_v_Basketball_g02_c01,Basketball,Motion-reference,motion_reference,0,20,,,82.948676232,8.000000000,0.000100000,0.696390637,0.618090189,0.692923671,15.438577484,15.766629722
E1,Basketball_v_Basketball_g02_c01,Basketball,Random,random,0,20,,,82.948676232,8.000000000,0.000100000,0.112238255,0.113664823,0.110665566,15.457717894,15.722170638
E1,Basketball_v_Basketball_g02_c01,Basketball,Shifted-RAT+traj,shifted_rat_traj_r3_c4,0,20,3,4,82.948676232,8.000000000,0.000100000,0.057248583,0.061454848,0.061197244,15.363901031,15.612288912
E1,Basketball_v_Basketball_g02_c01,Basketball,RAT-fusion,rat_fusion,0,20,,,82.948676232,8.000000000,0.000100000,0.312542217,0.287736262,0.316890908,15.480093486,15.792747934
E1,Basketball_v_Basketball_g02_c01,Basketball,Shifted-RAT-fusion,shifted_rat_fusion_r3_c4,0,20,3,4,82.948676232,8.000000000,0.000100000,0.061076250,0.063829339,0.062902240,15.315418036,15.562070855
E1,Basketball_v_Basketball_g02_c01,Basketball,VideoMAE-only,videomae_only,0,20,,,82.948676232,8.000000000,0.000100000,0.171204883,0.159711296,0.174477894,15.690278894,15.998751097
E1,Basketball_v_Basketball_g02_c01,Basketball,RAT+traj,rat_traj,1,20,,,82.948676232,8.000000000,0.000100000,0.298878621,0.276928097,0.301092696,15.399163559,15.721347943
E1,Basketball_v_Basketball_g02_c01,Basketball,Motion-reference,motion_reference,1,20,,,82.948676232,8.000000000,0.000100000,0.696390637,0.621602162,0.696401648,15.500725148,15.830869384
E1,Basketball_v_Basketball_g02_c01,Basketball,Random,random,1,20,,,82.948676232,8.000000000,0.000100000,0.093435209,0.100251609,0.093255143,15.462931498,15.732076534
E1,Basketball_v_Basketball_g02_c01,Basketball,Shifted-RAT+traj,shifted_rat_traj_r3_c4,1,20,3,4,82.948676232,8.000000000,0.000100000,0.056291666,0.061775390,0.059392636,15.361324546,15.611448633
E1,Basketball_v_Basketball_g02_c01,Basketball,RAT-fusion,rat_fusion,1,20,,,82.948676232,8.000000000,0.000100000,0.312542217,0.283904163,0.309706147,15.471373784,15.785818197
E1,Basketball_v_Basketball_g02_c01,Basketball,Shifted-RAT-fusion,shifted_rat_fusion_r3_c4,1,20,3,4,82.948676232,8.000000000,0.000100000,0.061076250,0.067860221,0.066750514,15.323036145,15.571070320
E1,Basketball_v_Basketball_g02_c01,Basketball,VideoMAE-only,videomae_only,1,20,,,82.948676232,8.000000000,0.000100000,0.171204883,0.158919786,0.171875948,15.710374225,16.017887434
E1,Basketball_v_Basketball_g02_c01,Basketball,RAT+traj,rat_traj,2,20,,,82.948676232,8.000000000,0.000100000,0.302123817,0.277504866,0.306388388,15.502953275,15.814267946
E1,Basketball_v_Basketball_g02_c01,Basketball,Motion-reference,motion_reference,2,20,,,82.948676232,8.000000000,0.000100000,0.696390637,0.622280837,0.697000712,15.463352422,15.780506727
E1,Basketball_v_Basketball_g02_c01,Basketball,Random,random,2,20,,,82.948676232,8.000000000,0.000100000,0.097052403,0.102304277,0.104576805,15.478032902,15.737861013
E1,Basketball_v_Basketball_g02_c01,Basketball,Shifted-RAT+traj,shifted_rat_traj_r3_c4,2,20,3,4,82.948676232,8.000000000,0.000100000,0.052520289,0.060989047,0.063214588,15.394563777,15.635588579
E1,Basketball_v_Basketball_g02_c01,Basketball,RAT-fusion,rat_fusion,2,20,,,82.948676232,8.000000000,0.000100000,0.312542217,0.286247232,0.314555260,15.472589426,15.773641303
E1,Basketball_v_Basketball_g02_c01,Basketball,Shifted-RAT-fusion,shifted_rat_fusion_r3_c4,2,20,3,4,82.948676232,8.000000000,0.000100000,0.061076250,0.065921391,0.068754428,15.419007067,15.656418874
E1,Basketball_v_Basketball_g02_c01,Basketball,VideoMAE-only,videomae_only,2,20,,,82.948676232,8.000000000,0.000100000,0.171204883,0.157874043,0.173776755,15.704144276,16.001664872
E1,Basketball_v_Basketball_g02_c01,Basketball,RAT+traj,rat_traj,3,20,,,82.948676232,8.000000000,0.000100000,0.297838494,0.272983337,0.296714314,15.486917180,15.806588334
E1,Basketball_v_Basketball_g02_c01,Basketball,Motion-reference,motion_reference,3,20,,,82.948676232,8.000000000,0.000100000,0.696390637,0.625102093,0.698281837,15.477471013,15.801063570
E1,Basketball_v_Basketball_g02_c01,Basketball,Random,random,3,20,,,82.948676232,8.000000000,0.000100000,0.101964249,0.102227746,0.098615385,15.473568480,15.737074242
E1,Basketball_v_Basketball_g02_c01,Basketball,Shifted-RAT+traj,shifted_rat_traj_r3_c4,3,20,3,4,82.948676232,8.000000000,0.000100000,0.063947000,0.071282604,0.070044606,15.358960352,15.603468326
E1,Basketball_v_Basketball_g02_c01,Basketball,RAT-fusion,rat_fusion,3,20,,,82.948676232,8.000000000,0.000100000,0.312542217,0.284508971,0.309097139,15.411986866,15.718982957
E1,Basketball_v_Basketball_g02_c01,Basketball,Shifted-RAT-fusion,shifted_rat_fusion_r3_c4,3,20,3,4,82.948676232,8.000000000,0.000100000,0.061076250,0.065936837,0.063878110,15.319138077,15.562291606
E1,Basketball_v_Basketball_g02_c01,Basketball,VideoMAE-only,videomae_only,3,20,,,82.948676232,8.000000000,0.000100000,0.171204883,0.161876530,0.174331699,15.713743836,16.019260507
E1,Basketball_v_Basketball_g02_c01,Basketball,RAT+traj,rat_traj,4,20,,,82.948676232,8.000000000,0.000100000,0.285981048,0.263350677,0.287411102,15.383625451,15.702798095
E1,Basketball_v_Basketball_g02_c01,Basketball,Motion-reference,motion_reference,4,20,,,82.948676232,8.000000000,0.000100000,0.696390637,0.613043458,0.689345069,15.542584993,15.872115170
E1,Basketball_v_Basketball_g02_c01,Basketball,Random,random,4,20,,,82.948676232,8.000000000,0.000100000,0.101115016,0.106541126,0.102402238,15.410411087,15.684875694
E1,Basketball_v_Basketball_g02_c01,Basketball,Shifted-RAT+traj,shifted_rat_traj_r3_c4,4,20,3,4,82.948676232,8.000000000,0.000100000,0.055334750,0.062882118,0.061405589,15.319430570,15.570782667
E1,Basketball_v_Basketball_g02_c01,Basketball,RAT-fusion,rat_fusion,4,20,,,82.948676232,8.000000000,0.000100000,0.312542217,0.288226453,0.316270010,15.424878535,15.738831973
E1,Basketball_v_Basketball_g02_c01,Basketball,Shifted-RAT-fusion,shifted_rat_fusion_r3_c4,4,20,3,4,82.948676232,8.000000000,0.000100000,0.061076250,0.063652876,0.061929664,15.307196750,15.556009473
E1,Basketball_v_Basketball_g02_c01,Basketball,VideoMAE-only,videomae_only,4,20,,,82.948676232,8.000000000,0.000100000,0.171204883,0.160195982,0.174785024,15.705320546,16.016675496
E1,Basketball_v_Basketball_g02_c01,Basketball,RAT+traj,rat_traj,5,20,,,82.948676232,8.000000000,0.000100000,0.284940921,0.266655650,0.292200434,15.394348349,15.704176871
E1,Basketball_v_Basketball_g02_c01,Basketball,Motion-reference,motion_reference,5,20,,,82.948676232,8.000000000,0.000100000,0.696390637,0.622081615,0.698117576,15.463987876,15.782827264
E1,Basketball_v_Basketball_g02_c01,Basketball,Random,random,5,20,,,82.948676232,8.000000000,0.000100000,0.102529589,0.106096389,0.099710229,15.442720020,15.701184752
E1,Basketball_v_Basketball_g02_c01,Basketball,Shifted-RAT+traj,shifted_rat_traj_r3_c4,5,20,3,4,82.948676232,8.000000000,0.000100000,0.060119333,0.065852897,0.067487234,15.342702616,15.581018490
E1,Basketball_v_Basketball_g02_c01,Basketball,RAT-fusion,rat_fusion,5,20,,,82.948676232,8.000000000,0.000100000,0.312542217,0.289528243,0.318820465,15.427089263,15.726885466
E1,Basketball_v_Basketball_g02_c01,Basketball,Shifted-RAT-fusion,shifted_rat_fusion_r3_c4,5,20,3,4,82.948676232,8.000000000,0.000100000,0.061076250,0.066811393,0.069106457,15.293634857,15.529625834
E1,Basketball_v_Basketball_g02_c01,Basketball,VideoMAE-only,videomae_only,5,20,,,82.948676232,8.000000000,0.000100000,0.171204883,0.160193941,0.175781473,15.677353134,15.974292351
E1,Basketball_v_Basketball_g02_c01,Basketball,RAT+traj,rat_traj,6,20,,,82.948676232,8.000000000,0.000100000,0.290807236,0.273393191,0.299135949,15.400651195,15.709296885
E1,Basketball_v_Basketball_g02_c01,Basketball,Motion-reference,motion_reference,6,20,,,82.948676232,8.000000000,0.000100000,0.696390637,0.620365627,0.696031429,15.453850708,15.774395268
E1,Basketball_v_Basketball_g02_c01,Basketball,Random,random,6,20,,,82.948676232,8.000000000,0.000100000,0.096110170,0.101864750,0.095581830,15.450848382,15.715472233
E1,Basketball_v_Basketball_g02_c01,Basketball,Shifted-RAT+traj,shifted_rat_traj_r3_c4,6,20,3,4,82.948676232,8.000000000,0.000100000,0.050550166,0.053644547,0.052422819,15.334598879,15.577747281
E1,Basketball_v_Basketball_g02_c01,Basketball,RAT-fusion,rat_fusion,6,20,,,82.948676232,8.000000000,0.000100000,0.312542217,0.287759687,0.315291572,15.461434447,15.766503538
E1,Basketball_v_Basketball_g02_c01,Basketball,Shifted-RAT-fusion,shifted_rat_fusion_r3_c4,6,20,3,4,82.948676232,8.000000000,0.000100000,0.061076250,0.063775910,0.064055346,15.330168270,15.571462818
E1,Basketball_v_Basketball_g02_c01,Basketball,VideoMAE-only,videomae_only,6,20,,,82.948676232,8.000000000,0.000100000,0.171204883,0.157257772,0.171226911,15.734854908,16.036502335
E1,Basketball_v_Basketball_g02_c01,Basketball,RAT+traj,rat_traj,7,20,,,82.948676232,8.000000000,0.000100000,0.319764368,0.296455936,0.324476577,15.456123463,15.791127823
E1,Basketball_v_Basketball_g02_c01,Basketball,Motion-reference,motion_reference,7,20,,,82.948676232,8.000000000,0.000100000,0.696390637,0.618865337,0.694161558,15.489690901,15.834804770
E1,Basketball_v_Basketball_g02_c01,Basketball,Random,random,7,20,,,82.948676232,8.000000000,0.000100000,0.124834803,0.122601850,0.120510757,15.444078245,15.731907164
E1,Basketball_v_Basketball_g02_c01,Basketball,Shifted-RAT+traj,shifted_rat_traj_r3_c4,7,20,3,4,82.948676232,8.000000000,0.000100000,0.054377833,0.060219786,0.056679014,15.321295251,15.582422522
E1,Basketball_v_Basketball_g02_c01,Basketball,RAT-fusion,rat_fusion,7,20,,,82.948676232,8.000000000,0.000100000,0.312542217,0.284882050,0.309195164,15.431123941,15.757064020
E1,Basketball_v_Basketball_g02_c01,Basketball,Shifted-RAT-fusion,shifted_rat_fusion_r3_c4,7,20,3,4,82.948676232,8.000000000,0.000100000,0.061076250,0.068235383,0.065907737,15.323116100,15.586334097
E1,Basketball_v_Basketball_g02_c01,Basketball,VideoMAE-only,videomae_only,7,20,,,82.948676232,8.000000000,0.000100000,0.171204883,0.159970432,0.171547094,15.706830346,16.033337745
E1,Basketball_v_Basketball_g02_c01,Basketball,RAT+traj,rat_traj,8,20,,,82.948676232,8.000000000,0.000100000,0.283984004,0.263981299,0.289939195,15.455779220,15.757888321
E1,Basketball_v_Basketball_g02_c01,Basketball,Motion-reference,motion_reference,8,20,,,82.948676232,8.000000000,0.000100000,0.696390637,0.617354106,0.691627408,15.405396437,15.722627587
E1,Basketball_v_Basketball_g02_c01,Basketball,Random,random,8,20,,,82.948676232,8.000000000,0.000100000,0.112365518,0.115167914,0.114198356,15.460592485,15.716649972
E1,Basketball_v_Basketball_g02_c01,Basketball,Shifted-RAT+traj,shifted_rat_traj_r3_c4,8,20,3,4,82.948676232,8.000000000,0.000100000,0.044808666,0.049353082,0.049045487,15.371799864,15.611767773
E1,Basketball_v_Basketball_g02_c01,Basketball,RAT-fusion,rat_fusion,8,20,,,82.948676232,8.000000000,0.000100000,0.312542217,0.291682903,0.321250929,15.430858091,15.736444862
E1,Basketball_v_Basketball_g02_c01,Basketball,Shifted-RAT-fusion,shifted_rat_fusion_r3_c4,8,20,3,4,82.948676232,8.000000000,0.000100000,0.061076250,0.066451144,0.068064463,15.331645396,15.570997603
E1,Basketball_v_Basketball_g02_c01,Basketball,VideoMAE-only,videomae_only,8,20,,,82.948676232,8.000000000,0.000100000,0.171204883,0.159579273,0.176242173,15.706307013,16.006472720
E1,Basketball_v_Basketball_g02_c01,Basketball,RAT+traj,rat_traj,42,20,,,82.948676232,8.000000000,0.000100000,0.295675030,0.270882431,0.294125319,15.431029906,15.761283272
E1,Basketball_v_Basketball_g02_c01,Basketball,Motion-reference,motion_reference,42,20,,,82.948676232,8.000000000,0.000100000,0.696390637,0.622607714,0.697611258,15.476961521,15.812693132
E1,Basketball_v_Basketball_g02_c01,Basketball,Random,random,42,20,,,82.948676232,8.000000000,0.000100000,0.090757800,0.096434771,0.088202583,15.516092690,15.792919738
E1,Basketball_v_Basketball_g02_c01,Basketball,Shifted-RAT+traj,shifted_rat_traj_r3_c4,42,20,3,4,82.948676232,8.000000000,0.000100000,0.050550166,0.058297906,0.056056305,15.425000092,15.687007131
E1,Basketball_v_Basketball_g02_c01,Basketball,RAT-fusion,rat_fusion,42,20,,,82.948676232,8.000000000,0.000100000,0.312542217,0.285585160,0.309073044,15.418240800,15.739565053
E1,Basketball_v_Basketball_g02_c01,Basketball,Shifted-RAT-fusion,shifted_rat_fusion_r3_c4,42,20,3,4,82.948676232,8.000000000,0.000100000,0.061076250,0.067231148,0.066525919,15.374330850,15.630360729
E1,Basketball_v_Basketball_g02_c01,Basketball,VideoMAE-only,videomae_only,42,20,,,82.948676232,8.000000000,0.000100000,0.171204883,0.159247381,0.172105206,15.697321456,16.016892976
E1,Basketball_v_Basketball_g03_c01,Basketball,RAT+traj,rat_traj,0,20,,,133.847747822,8.000000000,0.000100000,0.366451200,0.348676164,0.374626131,14.266184150,14.626684258
E1,Basketball_v_Basketball_g03_c01,Basketball,Motion-reference,motion_reference,0,20,,,133.847747822,8.000000000,0.000100000,0.698082752,0.639177288,0.699716759,14.431628453,14.800495318
E1,Basketball_v_Basketball_g03_c01,Basketball,Random,random,0,20,,,133.847747822,8.000000000,0.000100000,0.100473363,0.105985840,0.103748485,14.627604679,14.994211908
E1,Basketball_v_Basketball_g03_c01,Basketball,Shifted-RAT+traj,shifted_rat_traj_r3_c4,0,20,3,4,133.847747822,8.000000000,0.000100000,0.106030671,0.126129323,0.126985345,15.300203664,15.687205194
E1,Basketball_v_Basketball_g03_c01,Basketball,RAT-fusion,rat_fusion,0,20,,,133.847747822,8.000000000,0.000100000,0.337166723,0.319740416,0.342304083,14.269270557,14.634652993
E1,Basketball_v_Basketball_g03_c01,Basketball,Shifted-RAT-fusion,shifted_rat_fusion_r3_c4,0,20,3,4,133.847747822,8.000000000,0.000100000,0.124063098,0.134807480,0.136867281,15.159155792,15.539672376
E1,Basketball_v_Basketball_g03_c01,Basketball,VideoMAE-only,videomae_only,0,20,,,133.847747822,8.000000000,0.000100000,0.028600997,0.039921050,0.027462372,15.498180210,15.872443894
E1,Basketball_v_Basketball_g03_c01,Basketball,RAT+traj,rat_traj,1,20,,,133.847747822,8.000000000,0.000100000,0.374043267,0.353978568,0.380264825,14.255403083,14.614722745
E1,Basketball_v_Basketball_g03_c01,Basketball,Motion-reference,motion_reference,1,20,,,133.847747822,8.000000000,0.000100000,0.698082752,0.638167798,0.699042402,14.436125443,14.808165992
E1,Basketball_v_Basketball_g03_c01,Basketball,Random,random,1,20,,,133.847747822,8.000000000,0.000100000,0.108300635,0.112096766,0.110238223,14.672505583,15.042528083
E1,Basketball_v_Basketball_g03_c01,Basketball,Shifted-RAT+traj,shifted_rat_traj_r3_c4,1,20,3,4,133.847747822,8.000000000,0.000100000,0.110280051,0.128226044,0.129352354,15.274596612,15.662406040
E1,Basketball_v_Basketball_g03_c01,Basketball,RAT-fusion,rat_fusion,1,20,,,133.847747822,8.000000000,0.000100000,0.337166723,0.326899874,0.350513641,14.246625110,14.613811173
E1,Basketball_v_Basketball_g03_c01,Basketball,Shifted-RAT-fusion,shifted_rat_fusion_r3_c4,1,20,3,4,133.847747822,8.000000000,0.000100000,0.124063098,0.135644188,0.138164858,15.157684998,15.541025627
E1,Basketball_v_Basketball_g03_c01,Basketball,VideoMAE-only,videomae_only,1,20,,,133.847747822,8.000000000,0.000100000,0.028600997,0.041146157,0.029640568,15.516999243,15.895487894
E1,Basketball_v_Basketball_g03_c01,Basketball,RAT+traj,rat_traj,2,20,,,133.847747822,8.000000000,0.000100000,0.365978944,0.349593603,0.374665589,14.250184592,14.596523564
E1,Basketball_v_Basketball_g03_c01,Basketball,Motion-reference,motion_reference,2,20,,,133.847747822,8.000000000,0.000100000,0.698082752,0.646562475,0.707091804,14.394274372,14.758889161
E1,Basketball_v_Basketball_g03_c01,Basketball,Random,random,2,20,,,133.847747822,8.000000000,0.000100000,0.107647594,0.110883664,0.110705886,14.638401566,14.994762095
E1,Basketball_v_Basketball_g03_c01,Basketball,Shifted-RAT+traj,shifted_rat_traj_r3_c4,2,20,3,4,133.847747822,8.000000000,0.000100000,0.104948725,0.121438197,0.121449721,15.266158570,15.642832799
E1,Basketball_v_Basketball_g03_c01,Basketball,RAT-fusion,rat_fusion,2,20,,,133.847747822,8.000000000,0.000100000,0.337166723,0.316769949,0.338686333,14.252025870,14.610911537
E1,Basketball_v_Basketball_g03_c01,Basketball,Shifted-RAT-fusion,shifted_rat_fusion_r3_c4,2,20,3,4,133.847747822,8.000000000,0.000100000,0.124063098,0.135254459,0.137218019,15.158583849,15.535758275
E1,Basketball_v_Basketball_g03_c01,Basketball,VideoMAE-only,videomae_only,2,20,,,133.847747822,8.000000000,0.000100000,0.028600997,0.040770109,0.029195692,15.489825444,15.857682220
E1,Basketball_v_Basketball_g03_c01,Basketball,RAT+traj,rat_traj,3,20,,,133.847747822,8.000000000,0.000100000,0.341549848,0.328756916,0.352359213,14.287750685,14.642199135
E1,Basketball_v_Basketball_g03_c01,Basketball,Motion-reference,motion_reference,3,20,,,133.847747822,8.000000000,0.000100000,0.698082752,0.639222396,0.700142963,14.443362641,14.813184668
E1,Basketball_v_Basketball_g03_c01,Basketball,Random,random,3,20,,,133.847747822,8.000000000,0.000100000,0.104174853,0.111306571,0.109894573,14.560385455,14.920657308
E1,Basketball_v_Basketball_g03_c01,Basketball,Shifted-RAT+traj,shifted_rat_traj_r3_c4,3,20,3,4,133.847747822,8.000000000,0.000100000,0.112522345,0.122543875,0.123353505,15.282908806,15.662974314
E1,Basketball_v_Basketball_g03_c01,Basketball,RAT-fusion,rat_fusion,3,20,,,133.847747822,8.000000000,0.000100000,0.337166723,0.319541054,0.342635424,14.316648487,14.684255997
E1,Basketball_v_Basketball_g03_c01,Basketball,Shifted-RAT-fusion,shifted_rat_fusion_r3_c4,3,20,3,4,133.847747822,8.000000000,0.000100000,0.124063098,0.136971509,0.139544826,15.204472423,15.589579580
E1,Basketball_v_Basketball_g03_c01,Basketball,VideoMAE-only,videomae_only,3,20,,,133.847747822,8.000000000,0.000100000,0.028600997,0.040946205,0.029499427,15.510376343,15.884914606
E1,Basketball_v_Basketball_g03_c01,Basketball,RAT+traj,rat_traj,4,20,,,133.847747822,8.000000000,0.000100000,0.364241190,0.350479062,0.377625053,14.307080414,14.665741574
E1,Basketball_v_Basketball_g03_c01,Basketball,Motion-reference,motion_reference,4,20,,,133.847747822,8.000000000,0.000100000,0.698082752,0.639827071,0.701065809,14.409267684,14.780812742
E1,Basketball_v_Basketball_g03_c01,Basketball,Random,random,4,20,,,133.847747822,8.000000000,0.000100000,0.099705025,0.105595234,0.103491518,14.634065041,14.998146805
E1,Basketball_v_Basketball_g03_c01,Basketball,Shifted-RAT+traj,shifted_rat_traj_r3_c4,4,20,3,4,133.847747822,8.000000000,0.000100000,0.104572396,0.122063917,0.122615583,15.263949019,15.648082046
E1,Basketball_v_Basketball_g03_c01,Basketball,RAT-fusion,rat_fusion,4,20,,,133.847747822,8.000000000,0.000100000,0.337166723,0.317981121,0.341133644,14.322196557,14.691994808
E1,Basketball_v_Basketball_g03_c01,Basketball,Shifted-RAT-fusion,shifted_rat_fusion_r3_c4,4,20,3,4,133.847747822,8.000000000,0.000100000,0.124063098,0.138465732,0.141709261,15.195502035,15.580545200
E1,Basketball_v_Basketball_g03_c01,Basketball,VideoMAE-only,videomae_only,4,20,,,133.847747822,8.000000000,0.000100000,0.028600997,0.039681647,0.027725798,15.493810295,15.870076792
E1,Basketball_v_Basketball_g03_c01,Basketball,RAT+traj,rat_traj,5,20,,,133.847747822,8.000000000,0.000100000,0.362062541,0.355186432,0.381797266,14.288401808,14.644003847
E1,Basketball_v_Basketball_g03_c01,Basketball,Motion-reference,motion_reference,5,20,,,133.847747822,8.000000000,0.000100000,0.698082752,0.640564335,0.701065543,14.382048917,14.743384433
E1,Basketball_v_Basketball_g03_c01,Basketball,Random,random,5,20,,,133.847747822,8.000000000,0.000100000,0.101633710,0.106893307,0.104485584,14.624755669,14.985256911
E1,Basketball_v_Basketball_g03_c01,Basketball,Shifted-RAT+traj,shifted_rat_traj_r3_c4,5,20,3,4,133.847747822,8.000000000,0.000100000,0.109966444,0.126791301,0.128315902,15.284313504,15.664856148
E1,Basketball_v_Basketball_g03_c01,Basketball,RAT-fusion,rat_fusion,5,20,,,133.847747822,8.000000000,0.000100000,0.337166723,0.316545056,0.339008750,14.282350454,14.645895101
E1,Basketball_v_Basketball_g03_c01,Basketball,Shifted-RAT-fusion,shifted_rat_fusion_r3_c4,5,20,3,4,133.847747822,8.000000000,0.000100000,0.124063098,0.133060827,0.134941085,15.178145114,15.559835034
E1,Basketball_v_Basketball_g03_c01,Basketball,VideoMAE-only,videomae_only,5,20,,,133.847747822,8.000000000,0.000100000,0.028600997,0.041198793,0.029795362,15.496411271,15.868299153
E1,Basketball_v_Basketball_g03_c01,Basketball,RAT+traj,rat_traj,6,20,,,133.847747822,8.000000000,0.000100000,0.351448774,0.339993349,0.365014047,14.318517455,14.671706837
E1,Basketball_v_Basketball_g03_c01,Basketball,Motion-reference,motion_reference,6,20,,,133.847747822,8.000000000,0.000100000,0.698082752,0.642282027,0.703239918,14.453416950,14.828995882
E1,Basketball_v_Basketball_g03_c01,Basketball,Random,random,6,20,,,133.847747822,8.000000000,0.000100000,0.100802651,0.101202804,0.099087879,14.685477275,15.054932464
E1,Basketball_v_Basketball_g03_c01,Basketball,Shifted-RAT+traj,shifted_rat_traj_r3_c4,6,20,3,4,133.847747822,8.000000000,0.000100000,0.120048923,0.133304599,0.135239651,15.225120229,15.605048921
E1,Basketball_v_Basketball_g03_c01,Basketball,RAT-fusion,rat_fusion,6,20,,,133.847747822,8.000000000,0.000100000,0.337166723,0.317308374,0.338942005,14.222035336,14.587296181
E1,Basketball_v_Basketball_g03_c01,Basketball,Shifted-RAT-fusion,shifted_rat_fusion_r3_c4,6,20,3,4,133.847747822,8.000000000,0.000100000,0.124063098,0.135568924,0.137954930,15.142201743,15.524408807
E1,Basketball_v_Basketball_g03_c01,Basketball,VideoMAE-only,videomae_only,6,20,,,133.847747822,8.000000000,0.000100000,0.028600997,0.041189318,0.029347431,15.529333136,15.906602487
E1,Basketball_v_Basketball_g03_c01,Basketball,RAT+traj,rat_traj,7,20,,,133.847747822,8.000000000,0.000100000,0.342639173,0.329424533,0.353044269,14.335293233,14.706263569
E1,Basketball_v_Basketball_g03_c01,Basketball,Motion-reference,motion_reference,7,20,,,133.847747822,8.000000000,0.000100000,0.698082752,0.635147403,0.696985113,14.451775392,14.834463293
E1,Basketball_v_Basketball_g03_c01,Basketball,Random,random,7,20,,,133.847747822,8.000000000,0.000100000,0.105325054,0.108421088,0.106636693,14.648635325,15.021765642
E1,Basketball_v_Basketball_g03_c01,Basketball,Shifted-RAT+traj,shifted_rat_traj_r3_c4,7,20,3,4,133.847747822,8.000000000,0.000100000,0.128688807,0.144351938,0.147987595,15.210469644,15.599758644
E1,Basketball_v_Basketball_g03_c01,Basketball,RAT-fusion,rat_fusion,7,20,,,133.847747822,8.000000000,0.000100000,0.337166723,0.319548530,0.342461753,14.260247557,14.635475338
E1,Basketball_v_Basketball_g03_c01,Basketball,Shifted-RAT-fusion,shifted_rat_fusion_r3_c4,7,20,3,4,133.847747822,8.000000000,0.000100000,0.124063098,0.136392621,0.139389175,15.145409005,15.533051536
E1,Basketball_v_Basketball_g03_c01,Basketball,VideoMAE-only,videomae_only,7,20,,,133.847747822,8.000000000,0.000100000,0.028600997,0.040822998,0.029295802,15.536806141,15.922131554
E1,Basketball_v_Basketball_g03_c01,Basketball,RAT+traj,rat_traj,8,20,,,133.847747822,8.000000000,0.000100000,0.358972585,0.337003694,0.361730372,14.366195729,14.733494571
E1,Basketball_v_Basketball_g03_c01,Basketball,Motion-reference,motion_reference,8,20,,,133.847747822,8.000000000,0.000100000,0.698082752,0.636783936,0.698682570,14.506351944,14.876905222
E1,Basketball_v_Basketball_g03_c01,Basketball,Random,random,8,20,,,133.847747822,8.000000000,0.000100000,0.098489335,0.103853990,0.101652964,14.646808739,15.013236478
E1,Basketball_v_Basketball_g03_c01,Basketball,Shifted-RAT+traj,shifted_rat_traj_r3_c4,8,20,3,4,133.847747822,8.000000000,0.000100000,0.119954841,0.130563712,0.132862213,15.274260377,15.659174200
E1,Basketball_v_Basketball_g03_c01,Basketball,RAT-fusion,rat_fusion,8,20,,,133.847747822,8.000000000,0.000100000,0.337166723,0.312742071,0.335351084,14.301831074,14.668364022
E1,Basketball_v_Basketball_g03_c01,Basketball,Shifted-RAT-fusion,shifted_rat_fusion_r3_c4,8,20,3,4,133.847747822,8.000000000,0.000100000,0.124063098,0.134760687,0.137910999,15.196206322,15.579058715
E1,Basketball_v_Basketball_g03_c01,Basketball,VideoMAE-only,videomae_only,8,20,,,133.847747822,8.000000000,0.000100000,0.028600997,0.042155007,0.031344081,15.551138745,15.930374362
E1,Basketball_v_Basketball_g03_c01,Basketball,RAT+traj,rat_traj,42,20,,,133.847747822,8.000000000,0.000100000,0.367629995,0.347808784,0.375092295,14.302453501,14.676324245
E1,Basketball_v_Basketball_g03_c01,Basketball,Motion-reference,motion_reference,42,20,,,133.847747822,8.000000000,0.000100000,0.698082752,0.633856783,0.695698244,14.449646904,14.823258356
E1,Basketball_v_Basketball_g03_c01,Basketball,Random,random,42,20,,,133.847747822,8.000000000,0.000100000,0.111321413,0.112721832,0.111443035,14.700304134,15.073761411
E1,Basketball_v_Basketball_g03_c01,Basketball,Shifted-RAT+traj,shifted_rat_traj_r3_c4,42,20,3,4,133.847747822,8.000000000,0.000100000,0.102753473,0.121385315,0.122302208,15.191802042,15.584508289
E1,Basketball_v_Basketball_g03_c01,Basketball,RAT-fusion,rat_fusion,42,20,,,133.847747822,8.000000000,0.000100000,0.337166723,0.311919956,0.333961796,14.301048097,14.676397981
E1,Basketball_v_Basketball_g03_c01,Basketball,Shifted-RAT-fusion,shifted_rat_fusion_r3_c4,42,20,3,4,133.847747822,8.000000000,0.000100000,0.124063098,0.131682700,0.134003899,15.220996598,15.610109069
E1,Basketball_v_Basketball_g03_c01,Basketball,VideoMAE-only,videomae_only,42,20,,,133.847747822,8.000000000,0.000100000,0.028600997,0.041097896,0.030063650,15.521531879,15.903626483
E1,Basketball_v_Basketball_g04_c01,Basketball,RAT+traj,rat_traj,0,20,,,118.955567642,8.000000000,0.000100000,0.205614842,0.193931369,0.193385588,14.099544100,14.543282922
E1,Basketball_v_Basketball_g04_c01,Basketball,Motion-reference,motion_reference,0,20,,,118.955567642,8.000000000,0.000100000,0.740211786,0.667585128,0.722549628,14.477669239,14.954170360
E1,Basketball_v_Basketball_g04_c01,Basketball,Random,random,0,20,,,118.955567642,8.000000000,0.000100000,0.101348776,0.107973218,0.095542859,14.551450270,14.921555264
E1,Basketball_v_Basketball_g04_c01,Basketball,Shifted-RAT+traj,shifted_rat_traj_r3_c4,0,20,3,4,118.955567642,8.000000000,0.000100000,0.132923736,0.152906593,0.144558753,15.176683079,15.587466579
E1,Basketball_v_Basketball_g04_c01,Basketball,RAT-fusion,rat_fusion,0,20,,,118.955567642,8.000000000,0.000100000,0.177698258,0.167856145,0.164705479,14.043529204,14.487814083
E1,Basketball_v_Basketball_g04_c01,Basketball,Shifted-RAT-fusion,shifted_rat_fusion_r3_c4,0,20,3,4,118.955567642,8.000000000,0.000100000,0.154081148,0.168532854,0.162711015,15.003211428,15.410578410
E1,Basketball_v_Basketball_g04_c01,Basketball,VideoMAE-only,videomae_only,0,20,,,118.955567642,8.000000000,0.000100000,0.005519325,0.026602069,0.006970794,14.267515530,14.600260290
E1,Basketball_v_Basketball_g04_c01,Basketball,RAT+traj,rat_traj,1,20,,,118.955567642,8.000000000,0.000100000,0.193976266,0.185002974,0.182984036,14.077752161,14.523113468
E1,Basketball_v_Basketball_g04_c01,Basketball,Motion-reference,motion_reference,1,20,,,118.955567642,8.000000000,0.000100000,0.740211786,0.674828079,0.732246564,14.499372987,14.970096806
E1,Basketball_v_Basketball_g04_c01,Basketball,Random,random,1,20,,,118.955567642,8.000000000,0.000100000,0.107862097,0.116716330,0.104469745,14.514447315,14.886197941
E1,Basketball_v_Basketball_g04_c01,Basketball,Shifted-RAT+traj,shifted_rat_traj_r3_c4,1,20,3,4,118.955567642,8.000000000,0.000100000,0.133843624,0.150740393,0.141980995,15.213688438,15.630438278
E1,Basketball_v_Basketball_g04_c01,Basketball,RAT-fusion,rat_fusion,1,20,,,118.955567642,8.000000000,0.000100000,0.177698258,0.174498147,0.171307543,14.066353430,14.508492652
E1,Basketball_v_Basketball_g04_c01,Basketball,Shifted-RAT-fusion,shifted_rat_fusion_r3_c4,1,20,3,4,118.955567642,8.000000000,0.000100000,0.154081148,0.165714895,0.159445202,15.028521606,15.439721676
E1,Basketball_v_Basketball_g04_c01,Basketball,VideoMAE-only,videomae_only,1,20,,,118.955567642,8.000000000,0.000100000,0.005519325,0.025527491,0.005750734,14.281599617,14.615863299
E1,Basketball_v_Basketball_g04_c01,Basketball,RAT+traj,rat_traj,2,20,,,118.955567642,8.000000000,0.000100000,0.217873343,0.197505804,0.196811606,14.086725411,14.523636418
E1,Basketball_v_Basketball_g04_c01,Basketball,Motion-reference,motion_reference,2,20,,,118.955567642,8.000000000,0.000100000,0.740211786,0.666974588,0.722096928,14.491486691,14.962849309
E1,Basketball_v_Basketball_g04_c01,Basketball,Random,random,2,20,,,118.955567642,8.000000000,0.000100000,0.093062731,0.100611238,0.088436055,14.566856656,14.926926368
E1,Basketball_v_Basketball_g04_c01,Basketball,Shifted-RAT+traj,shifted_rat_traj_r3_c4,2,20,3,4,118.955567642,8.000000000,0.000100000,0.132463793,0.146851783,0.137549855,15.184246260,15.593777641
E1,Basketball_v_Basketball_g04_c01,Basketball,RAT-fusion,rat_fusion,2,20,,,118.955567642,8.000000000,0.000100000,0.177698258,0.171000503,0.167725407,14.067251770,14.502026609
E1,Basketball_v_Basketball_g04_c01,Basketball,Shifted-RAT-fusion,shifted_rat_fusion_r3_c4,2,20,3,4,118.955567642,8.000000000,0.000100000,0.154081148,0.166973127,0.160120217,15.014846607,15.421728250
E1,Basketball_v_Basketball_g04_c01,Basketball,VideoMAE-only,videomae_only,2,20,,,118.955567642,8.000000000,0.000100000,0.005519325,0.025903371,0.006147729,14.280615327,14.606868697
E1,Basketball_v_Basketball_g04_c01,Basketball,RAT+traj,rat_traj,3,20,,,118.955567642,8.000000000,0.000100000,0.194396215,0.182305193,0.179740068,14.111205716,14.560534629
E1,Basketball_v_Basketball_g04_c01,Basketball,Motion-reference,motion_reference,3,20,,,118.955567642,8.000000000,0.000100000,0.740211786,0.668445917,0.724630568,14.548446580,15.022065807
E1,Basketball_v_Basketball_g04_c01,Basketball,Random,random,3,20,,,118.955567642,8.000000000,0.000100000,0.106428155,0.113557655,0.101677759,14.537815018,14.902623206
E1,Basketball_v_Basketball_g04_c01,Basketball,Shifted-RAT+traj,shifted_rat_traj_r3_c4,3,20,3,4,118.955567642,8.000000000,0.000100000,0.139822892,0.157882202,0.150431037,15.124238754,15.542663810
E1,Basketball_v_Basketball_g04_c01,Basketball,RAT-fusion,rat_fusion,3,20,,,118.955567642,8.000000000,0.000100000,0.177698258,0.166314430,0.161799406,14.094701451,14.537485269
E1,Basketball_v_Basketball_g04_c01,Basketball,Shifted-RAT-fusion,shifted_rat_fusion_r3_c4,3,20,3,4,118.955567642,8.000000000,0.000100000,0.154081148,0.168310825,0.162324683,15.069473757,15.480364267
E1,Basketball_v_Basketball_g04_c01,Basketball,VideoMAE-only,videomae_only,3,20,,,118.955567642,8.000000000,0.000100000,0.005519325,0.026048701,0.006255968,14.321018214,14.653524836
E1,Basketball_v_Basketball_g04_c01,Basketball,RAT+traj,rat_traj,4,20,,,118.955567642,8.000000000,0.000100000,0.190836651,0.176713043,0.173926397,14.065293622,14.515519237
E1,Basketball_v_Basketball_g04_c01,Basketball,Motion-reference,motion_reference,4,20,,,118.955567642,8.000000000,0.000100000,0.740211786,0.671633728,0.729413675,14.564104114,15.044842014
E1,Basketball_v_Basketball_g04_c01,Basketball,Random,random,4,20,,,118.955567642,8.000000000,0.000100000,0.100350075,0.107273916,0.096916375,14.440791785,14.807896010
E1,Basketball_v_Basketball_g04_c01,Basketball,Shifted-RAT+traj,shifted_rat_traj_r3_c4,4,20,3,4,118.955567642,8.000000000,0.000100000,0.137063230,0.156501087,0.147827986,15.099210718,15.521768242
E1,Basketball_v_Basketball_g04_c01,Basketball,RAT-fusion,rat_fusion,4,20,,,118.955567642,8.000000000,0.000100000,0.177698258,0.169208080,0.166266487,14.074295764,14.519780778
E1,Basketball_v_Basketball_g04_c01,Basketball,Shifted-RAT-fusion,shifted_rat_fusion_r3_c4,4,20,3,4,118.955567642,8.000000000,0.000100000,0.154081148,0.166033727,0.159596295,14.951125135,15.361176112
E1,Basketball_v_Basketball_g04_c01,Basketball,VideoMAE-only,videomae_only,4,20,,,118.955567642,8.000000000,0.000100000,0.005519325,0.026451263,0.006625808,14.309653791,14.646022350
E1,Basketball_v_Basketball_g04_c01,Basketball,RAT+traj,rat_traj,5,20,,,118.955567642,8.000000000,0.000100000,0.189976756,0.177630078,0.174980362,14.149352778,14.595305204
E1,Basketball_v_Basketball_g04_c01,Basketball,Motion-reference,motion_reference,5,20,,,118.955567642,8.000000000,0.000100000,0.740211786,0.671200681,0.728537353,14.517932927,14.987474124
E1,Basketball_v_Basketball_g04_c01,Basketball,Random,random,5,20,,,118.955567642,8.000000000,0.000100000,0.099794849,0.110259515,0.097459530,14.584992028,14.950267288
E1,Basketball_v_Basketball_g04_c01,Basketball,Shifted-RAT+traj,shifted_rat_traj_r3_c4,5,20,3,4,118.955567642,8.000000000,0.000100000,0.143042498,0.162119232,0.154860533,15.123826730,15.540899382
E1,Basketball_v_Basketball_g04_c01,Basketball,RAT-fusion,rat_fusion,5,20,,,118.955567642,8.000000000,0.000100000,0.177698258,0.166905142,0.162826881,14.083400454,14.521942211
E1,Basketball_v_Basketball_g04_c01,Basketball,Shifted-RAT-fusion,shifted_rat_fusion_r3_c4,5,20,3,4,118.955567642,8.000000000,0.000100000,0.154081148,0.164410964,0.157296336,14.982601412,15.387104476
E1,Basketball_v_Basketball_g04_c01,Basketball,VideoMAE-only,videomae_only,5,20,,,118.955567642,8.000000000,0.000100000,0.005519325,0.026201716,0.006478472,14.273576475,14.603649532
E1,Basketball_v_Basketball_g04_c01,Basketball,RAT+traj,rat_traj,6,20,,,118.955567642,8.000000000,0.000100000,0.181237825,0.171724022,0.168027372,14.139892189,14.587914897
E1,Basketball_v_Basketball_g04_c01,Basketball,Motion-reference,motion_reference,6,20,,,118.955567642,8.000000000,0.000100000,0.740211786,0.672850068,0.730818248,14.522323803,14.994206128
E1,Basketball_v_Basketball_g04_c01,Basketball,Random,random,6,20,,,118.955567642,8.000000000,0.000100000,0.109741867,0.115340920,0.102231443,14.565552512,14.935758176
E1,Basketball_v_Basketball_g04_c01,Basketball,Shifted-RAT+traj,shifted_rat_traj_r3_c4,6,20,3,4,118.955567642,8.000000000,0.000100000,0.145342217,0.163049345,0.155831044,15.058937561,15.474940835
E1,Basketball_v_Basketball_g04_c01,Basketball,RAT-fusion,rat_fusion,6,20,,,118.955567642,8.000000000,0.000100000,0.177698258,0.167742380,0.163616447,14.081014827,14.525052635
E1,Basketball_v_Basketball_g04_c01,Basketball,Shifted-RAT-fusion,shifted_rat_fusion_r3_c4,6,20,3,4,118.955567642,8.000000000,0.000100000,0.154081148,0.170901112,0.165267353,15.013530606,15.421212763
E1,Basketball_v_Basketball_g04_c01,Basketball,VideoMAE-only,videomae_only,6,20,,,118.955567642,8.000000000,0.000100000,0.005519325,0.025374768,0.005415259,14.339866596,14.675218877
E1,Basketball_v_Basketball_g04_c01,Basketball,RAT+traj,rat_traj,7,20,,,118.955567642,8.000000000,0.000100000,0.189556807,0.181393659,0.178929080,14.040589799,14.495650076
E1,Basketball_v_Basketball_g04_c01,Basketball,Motion-reference,motion_reference,7,20,,,118.955567642,8.000000000,0.000100000,0.740211786,0.676090198,0.734187195,14.512438929,14.994966408
E1,Basketball_v_Basketball_g04_c01,Basketball,Random,random,7,20,,,118.955567642,8.000000000,0.000100000,0.103128558,0.110428113,0.098252421,14.557981822,14.933719055
E1,Basketball_v_Basketball_g04_c01,Basketball,Shifted-RAT+traj,shifted_rat_traj_r3_c4,7,20,3,4,118.955567642,8.000000000,0.000100000,0.143042498,0.158166583,0.150581372,15.030417751,15.453440240
E1,Basketball_v_Basketball_g04_c01,Basketball,RAT-fusion,rat_fusion,7,20,,,118.955567642,8.000000000,0.000100000,0.177698258,0.170460915,0.166246031,14.083249347,14.536678854
E1,Basketball_v_Basketball_g04_c01,Basketball,Shifted-RAT-fusion,shifted_rat_fusion_r3_c4,7,20,3,4,118.955567642,8.000000000,0.000100000,0.154081148,0.164202605,0.157249157,15.007372697,15.428533220
E1,Basketball_v_Basketball_g04_c01,Basketball,VideoMAE-only,videomae_only,7,20,,,118.955567642,8.000000000,0.000100000,0.005519325,0.026245948,0.006568504,14.299246859,14.642411925
E1,Basketball_v_Basketball_g04_c01,Basketball,RAT+traj,rat_traj,8,20,,,118.955567642,8.000000000,0.000100000,0.177258312,0.167806333,0.164341249,14.051956971,14.495300928
E1,Basketball_v_Basketball_g04_c01,Basketball,Motion-reference,motion_reference,8,20,,,118.955567642,8.000000000,0.000100000,0.740211786,0.669661841,0.724528711,14.461977758,14.936323582
E1,Basketball_v_Basketball_g04_c01,Basketball,Random,random,8,20,,,118.955567642,8.000000000,0.000100000,0.104588380,0.115705430,0.103233466,14.626747216,14.995194800
E1,Basketball_v_Basketball_g04_c01,Basketball,Shifted-RAT+traj,shifted_rat_traj_r3_c4,8,20,3,4,118.955567642,8.000000000,0.000100000,0.160980304,0.176552420,0.171939606,15.085630906,15.505183011
E1,Basketball_v_Basketball_g04_c01,Basketball,RAT-fusion,rat_fusion,8,20,,,118.955567642,8.000000000,0.000100000,0.177698258,0.170325582,0.167124708,14.138583402,14.581425176
E1,Basketball_v_Basketball_g04_c01,Basketball,Shifted-RAT-fusion,shifted_rat_fusion_r3_c4,8,20,3,4,118.955567642,8.000000000,0.000100000,0.154081148,0.166477541,0.159908363,15.042113317,15.451996822
E1,Basketball_v_Basketball_g04_c01,Basketball,VideoMAE-only,videomae_only,8,20,,,118.955567642,8.000000000,0.000100000,0.005519325,0.025414177,0.005464175,14.321120271,14.654287051
E1,Basketball_v_Basketball_g04_c01,Basketball,RAT+traj,rat_traj,42,20,,,118.955567642,8.000000000,0.000100000,0.207574603,0.196461197,0.195692641,14.176238889,14.624414725
E1,Basketball_v_Basketball_g04_c01,Basketball,Motion-reference,motion_reference,42,20,,,118.955567642,8.000000000,0.000100000,0.740211786,0.667333868,0.723620952,14.532023767,15.010929025
E1,Basketball_v_Basketball_g04_c01,Basketball,Random,random,42,20,,,118.955567642,8.000000000,0.000100000,0.103709664,0.110482849,0.100201801,14.547982712,14.919773363
E1,Basketball_v_Basketball_g04_c01,Basketball,Shifted-RAT+traj,shifted_rat_traj_r3_c4,42,20,3,4,118.955567642,8.000000000,0.000100000,0.135683399,0.152163198,0.143368291,15.110146184,15.530824622
E1,Basketball_v_Basketball_g04_c01,Basketball,RAT-fusion,rat_fusion,42,20,,,118.955567642,8.000000000,0.000100000,0.177698258,0.167105289,0.163004934,14.058947667,14.500108433
E1,Basketball_v_Basketball_g04_c01,Basketball,Shifted-RAT-fusion,shifted_rat_fusion_r3_c4,42,20,3,4,118.955567642,8.000000000,0.000100000,0.154081148,0.163287929,0.156042564,15.006133838,15.423835493
E1,Basketball_v_Basketball_g04_c01,Basketball,VideoMAE-only,videomae_only,42,20,,,118.955567642,8.000000000,0.000100000,0.005519325,0.026201227,0.006251003,14.317353446,14.656183664
E1,Biking_v_Biking_g01_c01,Biking,RAT+traj,rat_traj,0,20,,,140.010303946,8.000000000,0.000100000,0.195555126,0.193068577,0.184049062,14.719704131,15.157736534
E1,Biking_v_Biking_g01_c01,Biking,Motion-reference,motion_reference,0,20,,,140.010303946,8.000000000,0.000100000,0.819646998,0.740259367,0.806696543,14.820023342,15.362872072
E1,Biking_v_Biking_g01_c01,Biking,Random,random,0,20,,,140.010303946,8.000000000,0.000100000,0.099267449,0.124497651,0.107140188,15.239592502,15.682648625
E1,Biking_v_Biking_g01_c01,Biking,Shifted-RAT+traj,shifted_rat_traj_r3_c4,0,20,3,4,140.010303946,8.000000000,0.000100000,0.082706072,0.110824738,0.089216652,15.465063524,15.910397731
E1,Biking_v_Biking_g01_c01,Biking,RAT-fusion,rat_fusion,0,20,,,140.010303946,8.000000000,0.000100000,0.295175409,0.284648116,0.286466797,14.923635351,15.397889775
E1,Biking_v_Biking_g01_c01,Biking,Shifted-RAT-fusion,shifted_rat_fusion_r3_c4,0,20,3,4,140.010303946,8.000000000,0.000100000,0.091034645,0.119082563,0.098961240,15.407006337,15.852533595
E1,Biking_v_Biking_g01_c01,Biking,VideoMAE-only,videomae_only,0,20,,,140.010303946,8.000000000,0.000100000,0.119478141,0.145918101,0.128946491,15.330838662,15.770949477
E1,Biking_v_Biking_g01_c01,Biking,RAT+traj,rat_traj,1,20,,,140.010303946,8.000000000,0.000100000,0.186835915,0.190247126,0.180286781,14.698830318,15.145305363
E1,Biking_v_Biking_g01_c01,Biking,Motion-reference,motion_reference,1,20,,,140.010303946,8.000000000,0.000100000,0.819646998,0.737247679,0.803601931,14.821235461,15.349702347
E1,Biking_v_Biking_g01_c01,Biking,Random,random,1,20,,,140.010303946,8.000000000,0.000100000,0.106600524,0.129972503,0.113507911,15.223065518,15.663048365
E1,Biking_v_Biking_g01_c01,Biking,Shifted-RAT+traj,shifted_rat_traj_r3_c4,1,20,3,4,140.010303946,8.000000000,0.000100000,0.076089586,0.106610887,0.083729778,15.446066708,15.892972136
E1,Biking_v_Biking_g01_c01,Biking,RAT-fusion,rat_fusion,1,20,,,140.010303946,8.000000000,0.000100000,0.295175409,0.290072955,0.291151937,14.897958978,15.369187371
E1,Biking_v_Biking_g01_c01,Biking,Shifted-RAT-fusion,shifted_rat_fusion_r3_c4,1,20,3,4,140.010303946,8.000000000,0.000100000,0.091034645,0.116612095,0.096584434,15.405065388,15.849456727
E1,Biking_v_Biking_g01_c01,Biking,VideoMAE-only,videomae_only,1,20,,,140.010303946,8.000000000,0.000100000,0.119478141,0.146489951,0.129708707,15.318460546,15.760145028
E1,Biking_v_Biking_g01_c01,Biking,RAT+traj,rat_traj,2,20,,,140.010303946,8.000000000,0.000100000,0.194759569,0.193042109,0.184439412,14.751512265,15.193333283
E1,Biking_v_Biking_g01_c01,Biking,Motion-reference,motion_reference,2,20,,,140.010303946,8.000000000,0.000100000,0.819646998,0.737931186,0.801113661,14.791646902,15.321792217
E1,Biking_v_Biking_g01_c01,Biking,Random,random,2,20,,,140.010303946,8.000000000,0.000100000,0.108799019,0.131109741,0.114045255,15.212064187,15.648875392
E1,Biking_v_Biking_g01_c01,Biking,Shifted-RAT+traj,shifted_rat_traj_r3_c4,2,20,3,4,140.010303946,8.000000000,0.000100000,0.074467388,0.103783614,0.080714377,15.456959832,15.898599985
E1,Biking_v_Biking_g01_c01,Biking,RAT-fusion,rat_fusion,2,20,,,140.010303946,8.000000000,0.000100000,0.295175409,0.287870502,0.290572262,14.932579354,15.390011584
E1,Biking_v_Biking_g01_c01,Biking,Shifted-RAT-fusion,shifted_rat_fusion_r3_c4,2,20,3,4,140.010303946,8.000000000,0.000100000,0.091034645,0.117494192,0.096355839,15.428157322,15.875279523
E1,Biking_v_Biking_g01_c01,Biking,VideoMAE-only,videomae_only,2,20,,,140.010303946,8.000000000,0.000100000,0.119478141,0.145344863,0.128090213,15.312574645,15.749012381
E1,Biking_v_Biking_g01_c01,Biking,RAT+traj,rat_traj,3,20,,,140.010303946,8.000000000,0.000100000,0.215940556,0.214489972,0.209488648,14.765525703,15.216862382
E1,Biking_v_Biking_g01_c01,Biking,Motion-reference,motion_reference,3,20,,,140.010303946,8.000000000,0.000100000,0.819646998,0.737638822,0.803259258,14.812602269,15.336010237
E1,Biking_v_Biking_g01_c01,Biking,Random,random,3,20,,,140.010303946,8.000000000,0.000100000,0.099826103,0.122546957,0.103960044,15.273831309,15.711740824
E1,Biking_v_Biking_g01_c01,Biking,Shifted-RAT+traj,shifted_rat_traj_r3_c4,3,20,3,4,140.010303946,8.000000000,0.000100000,0.080405088,0.107722059,0.085490933,15.397373016,15.836338178
E1,Biking_v_Biking_g01_c01,Biking,RAT-fusion,rat_fusion,3,20,,,140.010303946,8.000000000,0.000100000,0.295175409,0.288002245,0.289275103,14.917930954,15.392590276
E1,Biking_v_Biking_g01_c01,Biking,Shifted-RAT-fusion,shifted_rat_fusion_r3_c4,3,20,3,4,140.010303946,8.000000000,0.000100000,0.091034645,0.117736423,0.097861858,15.379696518,15.822300308
E1,Biking_v_Biking_g01_c01,Biking,VideoMAE-only,videomae_only,3,20,,,140.010303946,8.000000000,0.000100000,0.119478141,0.144776162,0.127520540,15.325478107,15.765427013
E1,Biking_v_Biking_g01_c01,Biking,RAT+traj,rat_traj,4,20,,,140.010303946,8.000000000,0.000100000,0.199437145,0.195661068,0.188906088,14.724994979,15.171481793
E1,Biking_v_Biking_g01_c01,Biking,Motion-reference,motion_reference,4,20,,,140.010303946,8.000000000,0.000100000,0.819646998,0.738405982,0.806008772,14.866850823,15.408085739
E1,Biking_v_Biking_g01_c01,Biking,Random,random,4,20,,,140.010303946,8.000000000,0.000100000,0.106265331,0.128973756,0.112011244,15.208963759,15.651304710
E1,Biking_v_Biking_g01_c01,Biking,Shifted-RAT+traj,shifted_rat_traj_r3_c4,4,20,3,4,140.010303946,8.000000000,0.000100000,0.089971941,0.116819288,0.095505466,15.387172831,15.826288463
E1,Biking_v_Biking_g01_c01,Biking,RAT-fusion,rat_fusion,4,20,,,140.010303946,8.000000000,0.000100000,0.295175409,0.285448727,0.287279853,14.935737063,15.406767304
E1,Biking_v_Biking_g01_c01,Biking,Shifted-RAT-fusion,shifted_rat_fusion_r3_c4,4,20,3,4,140.010303946,8.000000000,0.000100000,0.091034645,0.119452323,0.099959144,15.424553123,15.873794147
E1,Biking_v_Biking_g01_c01,Biking,VideoMAE-only,videomae_only,4,20,,,140.010303946,8.000000000,0.000100000,0.119478141,0.145633217,0.129348526,15.336452779,15.777017283
E1,Biking_v_Biking_g01_c01,Biking,RAT+traj,rat_traj,5,20,,,140.010303946,8.000000000,0.000100000,0.206357741,0.204498059,0.197655986,14.785205332,15.231237460
E1,Biking_v_Biking_g01_c01,Biking,Motion-reference,motion_reference,5,20,,,140.010303946,8.000000000,0.000100000,0.819646998,0.735759683,0.800235591,14.816440308,15.341593610
E1,Biking_v_Biking_g01_c01,Biking,Random,random,5,20,,,140.010303946,8.000000000,0.000100000,0.099301892,0.120981607,0.103810646,15.210886565,15.652071394
E1,Biking_v_Biking_g01_c01,Biking,Shifted-RAT+traj,shifted_rat_traj_r3_c4,5,20,3,4,140.010303946,8.000000000,0.000100000,0.089061292,0.116917274,0.096897235,15.378230339,15.811193438
E1,Biking_v_Biking_g01_c01,Biking,RAT-fusion,rat_fusion,5,20,,,140.010303946,8.000000000,0.000100000,0.295175409,0.290602048,0.290956562,14.904922133,15.377334554
E1,Biking_v_Biking_g01_c01,Biking,Shifted-RAT-fusion,shifted_rat_fusion_r3_c4,5,20,3,4,140.010303946,8.000000000,0.000100000,0.091034645,0.116020576,0.095205454,15.407159885,15.850989739
E1,Biking_v_Biking_g01_c01,Biking,VideoMAE-only,videomae_only,5,20,,,140.010303946,8.000000000,0.000100000,0.119478141,0.147256179,0.130691845,15.340681797,15.771976138
E1,Biking_v_Biking_g01_c01,Biking,RAT+traj,rat_traj,6,20,,,140.010303946,8.000000000,0.000100000,0.204563325,0.202515138,0.195188523,14.793912582,15.246288520
E1,Biking_v_Biking_g01_c01,Biking,Motion-reference,motion_reference,6,20,,,140.010303946,8.000000000,0.000100000,0.819646998,0.739183949,0.803925857,14.783491422,15.311178783
E1,Biking_v_Biking_g01_c01,Biking,Random,random,6,20,,,140.010303946,8.000000000,0.000100000,0.102250580,0.125556325,0.106784952,15.234443384,15.675442200
E1,Biking_v_Biking_g01_c01,Biking,Shifted-RAT+traj,shifted_rat_traj_r3_c4,6,20,3,4,140.010303946,8.000000000,0.000100000,0.091749555,0.122012830,0.100918338,15.416908257,15.859333705
E1,Biking_v_Biking_g01_c01,Biking,RAT-fusion,rat_fusion,6,20,,,140.010303946,8.000000000,0.000100000,0.295175409,0.288649453,0.290371048,14.906439183,15.378494849
E1,Biking_v_Biking_g01_c01,Biking,Shifted-RAT-fusion,shifted_rat_fusion_r3_c4,6,20,3,4,140.010303946,8.000000000,0.000100000,0.091034645,0.118279902,0.097692615,15.394771865,15.844122875
E1,Biking_v_Biking_g01_c01,Biking,VideoMAE-only,videomae_only,6,20,,,140.010303946,8.000000000,0.000100000,0.119478141,0.148314134,0.130719862,15.332819504,15.782794162
E1,Biking_v_Biking_g01_c01,Biking,RAT+traj,rat_traj,7,20,,,140.010303946,8.000000000,0.000100000,0.225810679,0.221686628,0.216596344,14.700562961,15.156835524
E1,Biking_v_Biking_g01_c01,Biking,Motion-reference,motion_reference,7,20,,,140.010303946,8.000000000,0.000100000,0.819646998,0.735467206,0.802001473,14.828307191,15.371602349
E1,Biking_v_Biking_g01_c01,Biking,Random,random,7,20,,,140.010303946,8.000000000,0.000100000,0.103595551,0.126180421,0.106698683,15.219832828,15.668233334
E1,Biking_v_Biking_g01_c01,Biking,Shifted-RAT+traj,shifted_rat_traj_r3_c4,7,20,3,4,140.010303946,8.000000000,0.000100000,0.102587453,0.127321027,0.108209097,15.408080172,15.856085200
E1,Biking_v_Biking_g01_c01,Biking,RAT-fusion,rat_fusion,7,20,,,140.010303946,8.000000000,0.000100000,0.295175409,0.284648719,0.286241794,14.938512452,15.416710505
E1,Biking_v_Biking_g01_c01,Biking,Shifted-RAT-fusion,shifted_rat_fusion_r3_c4,7,20,3,4,140.010303946,8.000000000,0.000100000,0.091034645,0.114555465,0.093978420,15.394081161,15.847748842
E1,Biking_v_Biking_g01_c01,Biking,VideoMAE-only,videomae_only,7,20,,,140.010303946,8.000000000,0.000100000,0.119478141,0.145348419,0.128623497,15.375955311,15.822959289
E1,Biking_v_Biking_g01_c01,Biking,RAT+traj,rat_traj,8,20,,,140.010303946,8.000000000,0.000100000,0.218980813,0.215588885,0.209965830,14.714484578,15.160905350
E1,Biking_v_Biking_g01_c01,Biking,Motion-reference,motion_reference,8,20,,,140.010303946,8.000000000,0.000100000,0.819646998,0.741776969,0.806108641,14.810715519,15.352423966
E1,Biking_v_Biking_g01_c01,Biking,Random,random,8,20,,,140.010303946,8.000000000,0.000100000,0.099213683,0.122484201,0.104462918,15.248150029,15.689103530
E1,Biking_v_Biking_g01_c01,Biking,Shifted-RAT+traj,shifted_rat_traj_r3_c4,8,20,3,4,140.010303946,8.000000000,0.000100000,0.090801942,0.119159009,0.098408472,15.409668734,15.857095361
E1,Biking_v_Biking_g01_c01,Biking,RAT-fusion,rat_fusion,8,20,,,140.010303946,8.000000000,0.000100000,0.295175409,0.285871792,0.285951986,14.892169025,15.364108966
E1,Biking_v_Biking_g01_c01,Biking,Shifted-RAT-fusion,shifted_rat_fusion_r3_c4,8,20,3,4,140.010303946,8.000000000,0.000100000,0.091034645,0.117575106,0.097328613,15.422888323,15.866614611
E1,Biking_v_Biking_g01_c01,Biking,VideoMAE-only,videomae_only,8,20,,,140.010303946,8.000000000,0.000100000,0.119478141,0.144358899,0.127317057,15.343464738,15.778185467
E1,Biking_v_Biking_g01_c01,Biking,RAT+traj,rat_traj,42,20,,,140.010303946,8.000000000,0.000100000,0.200835882,0.198739525,0.191275225,14.742647837,15.196168656
E1,Biking_v_Biking_g01_c01,Biking,Motion-reference,motion_reference,42,20,,,140.010303946,8.000000000,0.000100000,0.819646998,0.734819834,0.800309069,14.807919650,15.344982907
E1,Biking_v_Biking_g01_c01,Biking,Random,random,42,20,,,140.010303946,8.000000000,0.000100000,0.104924561,0.130135043,0.113065190,15.247354672,15.695150443
E1,Biking_v_Biking_g01_c01,Biking,Shifted-RAT+traj,shifted_rat_traj_r3_c4,42,20,3,4,140.010303946,8.000000000,0.000100000,0.104483518,0.133211329,0.114296070,15.423860747,15.877282479
E1,Biking_v_Biking_g01_c01,Biking,RAT-fusion,rat_fusion,42,20,,,140.010303946,8.000000000,0.000100000,0.295175409,0.287315333,0.288746934,14.899973339,15.374297007
E1,Biking_v_Biking_g01_c01,Biking,Shifted-RAT-fusion,shifted_rat_fusion_r3_c4,42,20,3,4,140.010303946,8.000000000,0.000100000,0.091034645,0.120992660,0.101243563,15.410370889,15.865075341
E1,Biking_v_Biking_g01_c01,Biking,VideoMAE-only,videomae_only,42,20,,,140.010303946,8.000000000,0.000100000,0.119478141,0.148082069,0.130899952,15.314767197,15.764930251
E1,Biking_v_Biking_g02_c01,Biking,RAT+traj,rat_traj,0,20,,,176.513182643,8.000000000,0.000100000,0.235563947,0.227197310,0.233496845,14.682320284,15.307663894
E1,Biking_v_Biking_g02_c01,Biking,Motion-reference,motion_reference,0,20,,,176.513182643,8.000000000,0.000100000,0.634582722,0.571249295,0.632768481,14.446284845,15.138010001
E1,Biking_v_Biking_g02_c01,Biking,Random,random,0,20,,,176.513182643,8.000000000,0.000100000,0.102427149,0.110710823,0.099511087,14.458977389,15.015927919
E1,Biking_v_Biking_g02_c01,Biking,Shifted-RAT+traj,shifted_rat_traj_r3_c4,0,20,3,4,176.513182643,8.000000000,0.000100000,0.146547297,0.147223885,0.138592315,14.206844517,14.776407448
E1,Biking_v_Biking_g02_c01,Biking,RAT-fusion,rat_fusion,0,20,,,176.513182643,8.000000000,0.000100000,0.214874281,0.210108903,0.213023380,14.683555324,15.304526971
E1,Biking_v_Biking_g02_c01,Biking,Shifted-RAT-fusion,shifted_rat_fusion_r3_c4,0,20,3,4,176.513182643,8.000000000,0.000100000,0.134394331,0.138932569,0.130004700,14.321591473,14.896278747
E1,Biking_v_Biking_g02_c01,Biking,VideoMAE-only,videomae_only,0,20,,,176.513182643,8.000000000,0.000100000,0.043449783,0.059666870,0.042061331,13.837717579,14.351420562
E1,Biking_v_Biking_g02_c01,Biking,RAT+traj,rat_traj,1,20,,,176.513182643,8.000000000,0.000100000,0.227906407,0.218067460,0.223297382,14.675483672,15.297491750
E1,Biking_v_Biking_g02_c01,Biking,Motion-reference,motion_reference,1,20,,,176.513182643,8.000000000,0.000100000,0.634582722,0.567159392,0.629024204,14.457108349,15.153256964
E1,Biking_v_Biking_g02_c01,Biking,Random,random,1,20,,,176.513182643,8.000000000,0.000100000,0.097307990,0.108883048,0.095523565,14.427227859,14.979430777
E1,Biking_v_Biking_g02_c01,Biking,Shifted-RAT+traj,shifted_rat_traj_r3_c4,1,20,3,4,176.513182643,8.000000000,0.000100000,0.151096777,0.149456011,0.141196456,14.228066774,14.796350890
E1,Biking_v_Biking_g02_c01,Biking,RAT-fusion,rat_fusion,1,20,,,176.513182643,8.000000000,0.000100000,0.214874281,0.214026279,0.216595794,14.714697713,15.342907726
E1,Biking_v_Biking_g02_c01,Biking,Shifted-RAT-fusion,shifted_rat_fusion_r3_c4,1,20,3,4,176.513182643,8.000000000,0.000100000,0.134394331,0.138211389,0.128833594,14.308585616,14.881396158
E1,Biking_v_Biking_g02_c01,Biking,VideoMAE-only,videomae_only,1,20,,,176.513182643,8.000000000,0.000100000,0.043449783,0.058344235,0.040633577,13.815557672,14.329224656
E1,Biking_v_Biking_g02_c01,Biking,RAT+traj,rat_traj,2,20,,,176.513182643,8.000000000,0.000100000,0.226473997,0.216831563,0.221377553,14.662456065,15.275339206
E1,Biking_v_Biking_g02_c01,Biking,Motion-reference,motion_reference,2,20,,,176.513182643,8.000000000,0.000100000,0.634582722,0.566668522,0.626344122,14.442817378,15.130482477
E1,Biking_v_Biking_g02_c01,Biking,Random,random,2,20,,,176.513182643,8.000000000,0.000100000,0.101232149,0.107823002,0.094752691,14.438652575,14.985818900
E1,Biking_v_Biking_g02_c01,Biking,Shifted-RAT+traj,shifted_rat_traj_r3_c4,2,20,3,4,176.513182643,8.000000000,0.000100000,0.148213938,0.147091476,0.139253211,14.202417831,14.769999056
E1,Biking_v_Biking_g02_c01,Biking,RAT-fusion,rat_fusion,2,20,,,176.513182643,8.000000000,0.000100000,0.214874281,0.211103338,0.213317465,14.700156841,15.322804177
E1,Biking_v_Biking_g02_c01,Biking,Shifted-RAT-fusion,shifted_rat_fusion_r3_c4,2,20,3,4,176.513182643,8.000000000,0.000100000,0.134394331,0.135024014,0.124995498,14.331542217,14.897019070
E1,Biking_v_Biking_g02_c01,Biking,VideoMAE-only,videomae_only,2,20,,,176.513182643,8.000000000,0.000100000,0.043449783,0.057515132,0.039323954,13.839984580,14.355077251
E1,Biking_v_Biking_g02_c01,Biking,RAT+traj,rat_traj,3,20,,,176.513182643,8.000000000,0.000100000,0.234762158,0.229714784,0.235753235,14.692748602,15.319854478
E1,Biking_v_Biking_g02_c01,Biking,Motion-reference,motion_reference,3,20,,,176.513182643,8.000000000,0.000100000,0.634582722,0.569128732,0.629413597,14.452117601,15.148406843
E1,Biking_v_Biking_g02_c01,Biking,Random,random,3,20,,,176.513182643,8.000000000,0.000100000,0.108509196,0.115981067,0.104155463,14.449515396,14.999552135
E1,Biking_v_Biking_g02_c01,Biking,Shifted-RAT+traj,shifted_rat_traj_r3_c4,3,20,3,4,176.513182643,8.000000000,0.000100000,0.146718466,0.144747704,0.135976419,14.235716499,14.803036664
E1,Biking_v_Biking_g02_c01,Biking,RAT-fusion,rat_fusion,3,20,,,176.513182643,8.000000000,0.000100000,0.214874281,0.209826169,0.211959932,14.673872248,15.297381867
E1,Biking_v_Biking_g02_c01,Biking,Shifted-RAT-fusion,shifted_rat_fusion_r3_c4,3,20,3,4,176.513182643,8.000000000,0.000100000,0.134394331,0.139028632,0.129840076,14.335985836,14.905951300
E1,Biking_v_Biking_g02_c01,Biking,VideoMAE-only,videomae_only,3,20,,,176.513182643,8.000000000,0.000100000,0.043449783,0.057243372,0.039397386,13.833062581,14.343332079
E1,Biking_v_Biking_g02_c01,Biking,RAT+traj,rat_traj,4,20,,,176.513182643,8.000000000,0.000100000,0.224401957,0.217835363,0.222320399,14.677712796,15.303386211
E1,Biking_v_Biking_g02_c01,Biking,Motion-reference,motion_reference,4,20,,,176.513182643,8.000000000,0.000100000,0.634582722,0.567535647,0.629983703,14.470853307,15.161708442
E1,Biking_v_Biking_g02_c01,Biking,Random,random,4,20,,,176.513182643,8.000000000,0.000100000,0.097655097,0.105314442,0.092270508,14.477607504,15.034414151
E1,Biking_v_Biking_g02_c01,Biking,Shifted-RAT+traj,shifted_rat_traj_r3_c4,4,20,3,4,176.513182643,8.000000000,0.000100000,0.145114887,0.144373632,0.136532622,14.208598409,14.775636953
E1,Biking_v_Biking_g02_c01,Biking,RAT-fusion,rat_fusion,4,20,,,176.513182643,8.000000000,0.000100000,0.214874281,0.211780281,0.215004185,14.720418082,15.350333848
E1,Biking_v_Biking_g02_c01,Biking,Shifted-RAT-fusion,shifted_rat_fusion_r3_c4,4,20,3,4,176.513182643,8.000000000,0.000100000,0.134394331,0.137221851,0.128973187,14.327951329,14.897324661
E1,Biking_v_Biking_g02_c01,Biking,VideoMAE-only,videomae_only,4,20,,,176.513182643,8.000000000,0.000100000,0.043449783,0.057338701,0.039382450,13.856492492,14.373111361
E1,Biking_v_Biking_g02_c01,Biking,RAT+traj,rat_traj,5,20,,,176.513182643,8.000000000,0.000100000,0.231056862,0.227967424,0.232553021,14.692287676,15.321727512
E1,Biking_v_Biking_g02_c01,Biking,Motion-reference,motion_reference,5,20,,,176.513182643,8.000000000,0.000100000,0.634582722,0.567495090,0.629211793,14.471143012,15.168377654
E1,Biking_v_Biking_g02_c01,Biking,Random,random,5,20,,,176.513182643,8.000000000,0.000100000,0.098882423,0.108735694,0.096527726,14.439543083,14.994315408
E1,Biking_v_Biking_g02_c01,Biking,Shifted-RAT+traj,shifted_rat_traj_r3_c4,5,20,3,4,176.513182643,8.000000000,0.000100000,0.146132889,0.141316914,0.132394474,14.231775207,14.798040718
E1,Biking_v_Biking_g02_c01,Biking,RAT-fusion,rat_fusion,5,20,,,176.513182643,8.000000000,0.000100000,0.214874281,0.213857994,0.217117908,14.697853738,15.324351925
E1,Biking_v_Biking_g02_c01,Biking,Shifted-RAT-fusion,shifted_rat_fusion_r3_c4,5,20,3,4,176.513182643,8.000000000,0.000100000,0.134394331,0.138349978,0.129911247,14.340304002,14.905935787
E1,Biking_v_Biking_g02_c01,Biking,VideoMAE-only,videomae_only,5,20,,,176.513182643,8.000000000,0.000100000,0.043449783,0.059154432,0.041578635,13.868234324,14.380719537
E1,Biking_v_Biking_g02_c01,Biking,RAT+traj,rat_traj,6,20,,,176.513182643,8.000000000,0.000100000,0.233787080,0.227391674,0.233409930,14.689951455,15.312919713
E1,Biking_v_Biking_g02_c01,Biking,Motion-reference,motion_reference,6,20,,,176.513182643,8.000000000,0.000100000,0.634582722,0.565908363,0.625790219,14.452046409,15.138806418
E1,Biking_v_Biking_g02_c01,Biking,Random,random,6,20,,,176.513182643,8.000000000,0.000100000,0.101220490,0.108622620,0.096105467,14.450145154,15.003321299
E1,Biking_v_Biking_g02_c01,Biking,Shifted-RAT+traj,shifted_rat_traj_r3_c4,6,20,3,4,176.513182643,8.000000000,0.000100000,0.147394131,0.141949622,0.133309238,14.255151844,14.826333163
E1,Biking_v_Biking_g02_c01,Biking,RAT-fusion,rat_fusion,6,20,,,176.513182643,8.000000000,0.000100000,0.214874281,0.212303071,0.214993287,14.671059161,15.296386202
E1,Biking_v_Biking_g02_c01,Biking,Shifted-RAT-fusion,shifted_rat_fusion_r3_c4,6,20,3,4,176.513182643,8.000000000,0.000100000,0.134394331,0.137015221,0.128045062,14.298494536,14.865855139
E1,Biking_v_Biking_g02_c01,Biking,VideoMAE-only,videomae_only,6,20,,,176.513182643,8.000000000,0.000100000,0.043449783,0.057394816,0.039636086,13.800943455,14.309313267
E1,Biking_v_Biking_g02_c01,Biking,RAT+traj,rat_traj,7,20,,,176.513182643,8.000000000,0.000100000,0.236419790,0.228045949,0.233289402,14.660046219,15.295148708
E1,Biking_v_Biking_g02_c01,Biking,Motion-reference,motion_reference,7,20,,,176.513182643,8.000000000,0.000100000,0.634582722,0.567519157,0.630323238,14.508875274,15.204245951
E1,Biking_v_Biking_g02_c01,Biking,Random,random,7,20,,,176.513182643,8.000000000,0.000100000,0.103525701,0.113449317,0.100676951,14.418879354,14.983956439
E1,Biking_v_Biking_g02_c01,Biking,Shifted-RAT+traj,shifted_rat_traj_r3_c4,7,20,3,4,176.513182643,8.000000000,0.000100000,0.141574401,0.140896711,0.132411597,14.211357475,14.781491254
E1,Biking_v_Biking_g02_c01,Biking,RAT-fusion,rat_fusion,7,20,,,176.513182643,8.000000000,0.000100000,0.214874281,0.209108723,0.211997675,14.677124104,15.313204656
E1,Biking_v_Biking_g02_c01,Biking,Shifted-RAT-fusion,shifted_rat_fusion_r3_c4,7,20,3,4,176.513182643,8.000000000,0.000100000,0.134394331,0.137896425,0.128880006,14.331129825,14.903404881
E1,Biking_v_Biking_g02_c01,Biking,VideoMAE-only,videomae_only,7,20,,,176.513182643,8.000000000,0.000100000,0.043449783,0.057579843,0.039742443,13.773217555,14.286653442
E1,Biking_v_Biking_g02_c01,Biking,RAT+traj,rat_traj,8,20,,,176.513182643,8.000000000,0.000100000,0.229996465,0.222464836,0.227753870,14.677367502,15.304717283
E1,Biking_v_Biking_g02_c01,Biking,Motion-reference,motion_reference,8,20,,,176.513182643,8.000000000,0.000100000,0.634582722,0.572924747,0.633786602,14.471988074,15.164368789
E1,Biking_v_Biking_g02_c01,Biking,Random,random,8,20,,,176.513182643,8.000000000,0.000100000,0.103245896,0.111491313,0.099289901,14.444324451,15.000596686
E1,Biking_v_Biking_g02_c01,Biking,Shifted-RAT+traj,shifted_rat_traj_r3_c4,8,20,3,4,176.513182643,8.000000000,0.000100000,0.147349087,0.143719730,0.136140920,14.191365222,14.756515911
E1,Biking_v_Biking_g02_c01,Biking,RAT-fusion,rat_fusion,8,20,,,176.513182643,8.000000000,0.000100000,0.214874281,0.211318218,0.214971247,14.710327621,15.330692724
E1,Biking_v_Biking_g02_c01,Biking,Shifted-RAT-fusion,shifted_rat_fusion_r3_c4,8,20,3,4,176.513182643,8.000000000,0.000100000,0.134394331,0.139675429,0.130523237,14.290449233,14.852634887
E1,Biking_v_Biking_g02_c01,Biking,VideoMAE-only,videomae_only,8,20,,,176.513182643,8.000000000,0.000100000,0.043449783,0.057668489,0.040040109,13.779440761,14.290126609
E1,Biking_v_Biking_g02_c01,Biking,RAT+traj,rat_traj,42,20,,,176.513182643,8.000000000,0.000100000,0.221501100,0.216120524,0.219908230,14.637243535,15.264405646
E1,Biking_v_Biking_g02_c01,Biking,Motion-reference,motion_reference,42,20,,,176.513182643,8.000000000,0.000100000,0.634582722,0.567195131,0.629353275,14.460805589,15.156525103
E1,Biking_v_Biking_g02_c01,Biking,Random,random,42,20,,,176.513182643,8.000000000,0.000100000,0.102847386,0.111079914,0.099091305,14.427936597,14.985090664
E1,Biking_v_Biking_g02_c01,Biking,Shifted-RAT+traj,shifted_rat_traj_r3_c4,42,20,3,4,176.513182643,8.000000000,0.000100000,0.143691485,0.139077794,0.131018871,14.181868867,14.751341189
E1,Biking_v_Biking_g02_c01,Biking,RAT-fusion,rat_fusion,42,20,,,176.513182643,8.000000000,0.000100000,0.214874281,0.214500933,0.217280497,14.654368991,15.287139530
E1,Biking_v_Biking_g02_c01,Biking,Shifted-RAT-fusion,shifted_rat_fusion_r3_c4,42,20,3,4,176.513182643,8.000000000,0.000100000,0.134394331,0.135669113,0.126856841,14.341792485,14.916776415
E1,Biking_v_Biking_g02_c01,Biking,VideoMAE-only,videomae_only,42,20,,,176.513182643,8.000000000,0.000100000,0.043449783,0.056112913,0.038321891,13.790385702,14.305826589
E1,Biking_v_Biking_g03_c01,Biking,RAT+traj,rat_traj,0,20,,,221.815111468,8.000000000,0.000100000,0.347955600,0.325551391,0.327390480,14.760187830,14.860128398
E1,Biking_v_Biking_g03_c01,Biking,Motion-reference,motion_reference,0,20,,,221.815111468,8.000000000,0.000100000,0.877058654,0.846573828,0.870901238,14.970413458,15.110667191
E1,Biking_v_Biking_g03_c01,Biking,Random,random,0,20,,,221.815111468,8.000000000,0.000100000,0.106482956,0.115271287,0.111521340,15.153984874,15.284546905
E1,Biking_v_Biking_g03_c01,Biking,Shifted-RAT+traj,shifted_rat_traj_r3_c4,0,20,3,4,221.815111468,8.000000000,0.000100000,0.091474534,0.093940091,0.088131267,15.259242539,15.369982772
E1,Biking_v_Biking_g03_c01,Biking,RAT-fusion,rat_fusion,0,20,,,221.815111468,8.000000000,0.000100000,0.295618052,0.282964072,0.283508884,14.941676584,15.045198548
E1,Biking_v_Biking_g03_c01,Biking,Shifted-RAT-fusion,shifted_rat_fusion_r3_c4,0,20,3,4,221.815111468,8.000000000,0.000100000,0.078010073,0.083936985,0.077902313,15.296180764,15.421950717
E1,Biking_v_Biking_g03_c01,Biking,VideoMAE-only,videomae_only,0,20,,,221.815111468,8.000000000,0.000100000,0.000122912,0.010274718,0.000935147,15.537595991,15.723617621
E1,Biking_v_Biking_g03_c01,Biking,RAT+traj,rat_traj,1,20,,,221.815111468,8.000000000,0.000100000,0.365912269,0.346421612,0.349174115,14.796158616,14.900892846
E1,Biking_v_Biking_g03_c01,Biking,Motion-reference,motion_reference,1,20,,,221.815111468,8.000000000,0.000100000,0.877058654,0.843720062,0.867888041,15.002949381,15.145519756
E1,Biking_v_Biking_g03_c01,Biking,Random,random,1,20,,,221.815111468,8.000000000,0.000100000,0.101930279,0.111390416,0.107535267,15.154930643,15.289026559
E1,Biking_v_Biking_g03_c01,Biking,Shifted-RAT+traj,shifted_rat_traj_r3_c4,1,20,3,4,221.815111468,8.000000000,0.000100000,0.095675893,0.098519900,0.092636203,15.268004115,15.381303551
E1,Biking_v_Biking_g03_c01,Biking,RAT-fusion,rat_fusion,1,20,,,221.815111468,8.000000000,0.000100000,0.295618052,0.285834721,0.286355404,14.949578155,15.054684148
E1,Biking_v_Biking_g03_c01,Biking,Shifted-RAT-fusion,shifted_rat_fusion_r3_c4,1,20,3,4,221.815111468,8.000000000,0.000100000,0.078010073,0.082283018,0.076243815,15.277194744,15.404357002
E1,Biking_v_Biking_g03_c01,Biking,VideoMAE-only,videomae_only,1,20,,,221.815111468,8.000000000,0.000100000,0.000122912,0.010184112,0.000897982,15.511071058,15.698347634
E1,Biking_v_Biking_g03_c01,Biking,RAT+traj,rat_traj,2,20,,,221.815111468,8.000000000,0.000100000,0.365927058,0.341815875,0.343850524,14.781648997,14.880625342
E1,Biking_v_Biking_g03_c01,Biking,Motion-reference,motion_reference,2,20,,,221.815111468,8.000000000,0.000100000,0.877058654,0.844092675,0.867806458,14.994032451,15.132743648
E1,Biking_v_Biking_g03_c01,Biking,Random,random,2,20,,,221.815111468,8.000000000,0.000100000,0.103550484,0.112805947,0.108987162,15.137119775,15.266891686
E1,Biking_v_Biking_g03_c01,Biking,Shifted-RAT+traj,shifted_rat_traj_r3_c4,2,20,3,4,221.815111468,8.000000000,0.000100000,0.093675778,0.097435195,0.091257780,15.251873437,15.360870359
E1,Biking_v_Biking_g03_c01,Biking,RAT-fusion,rat_fusion,2,20,,,221.815111468,8.000000000,0.000100000,0.295618052,0.280661651,0.280854001,14.926149465,15.026513727
E1,Biking_v_Biking_g03_c01,Biking,Shifted-RAT-fusion,shifted_rat_fusion_r3_c4,2,20,3,4,221.815111468,8.000000000,0.000100000,0.078010073,0.083073014,0.077012972,15.276545427,15.400560848
E1,Biking_v_Biking_g03_c01,Biking,VideoMAE-only,videomae_only,2,20,,,221.815111468,8.000000000,0.000100000,0.000122912,0.010211083,0.000892985,15.526314591,15.710895260
E1,Biking_v_Biking_g03_c01,Biking,RAT+traj,rat_traj,3,20,,,221.815111468,8.000000000,0.000100000,0.347611512,0.323838650,0.325457842,14.764631310,14.863482404
E1,Biking_v_Biking_g03_c01,Biking,Motion-reference,motion_reference,3,20,,,221.815111468,8.000000000,0.000100000,0.877058654,0.844293959,0.868389717,14.986699684,15.127860313
E1,Biking_v_Biking_g03_c01,Biking,Random,random,3,20,,,221.815111468,8.000000000,0.000100000,0.103334237,0.111114989,0.107474141,15.178525166,15.310988255
E1,Biking_v_Biking_g03_c01,Biking,Shifted-RAT+traj,shifted_rat_traj_r3_c4,3,20,3,4,221.815111468,8.000000000,0.000100000,0.091329275,0.094378837,0.088657660,15.235169787,15.342862747
E1,Biking_v_Biking_g03_c01,Biking,RAT-fusion,rat_fusion,3,20,,,221.815111468,8.000000000,0.000100000,0.295618052,0.279731349,0.279972996,14.915058238,15.017243130
E1,Biking_v_Biking_g03_c01,Biking,Shifted-RAT-fusion,shifted_rat_fusion_r3_c4,3,20,3,4,221.815111468,8.000000000,0.000100000,0.078010073,0.082546659,0.076306037,15.274526417,15.399067147
E1,Biking_v_Biking_g03_c01,Biking,VideoMAE-only,videomae_only,3,20,,,221.815111468,8.000000000,0.000100000,0.000122912,0.010242266,0.000910350,15.532022836,15.717978423
E1,Biking_v_Biking_g03_c01,Biking,RAT+traj,rat_traj,4,20,,,221.815111468,8.000000000,0.000100000,0.350413842,0.322765696,0.324738636,14.737225102,14.838315956
E1,Biking_v_Biking_g03_c01,Biking,Motion-reference,motion_reference,4,20,,,221.815111468,8.000000000,0.000100000,0.877058654,0.846533607,0.871072952,14.986853056,15.127556337
E1,Biking_v_Biking_g03_c01,Biking,Random,random,4,20,,,221.815111468,8.000000000,0.000100000,0.097441687,0.105407573,0.100964105,15.161529638,15.293738709
E1,Biking_v_Biking_g03_c01,Biking,Shifted-RAT+traj,shifted_rat_traj_r3_c4,4,20,3,4,221.815111468,8.000000000,0.000100000,0.094256817,0.098124035,0.092702388,15.203494998,15.313073119
E1,Biking_v_Biking_g03_c01,Biking,RAT-fusion,rat_fusion,4,20,,,221.815111468,8.000000000,0.000100000,0.295618052,0.283359630,0.284103787,14.924439782,15.027971273
E1,Biking_v_Biking_g03_c01,Biking,Shifted-RAT-fusion,shifted_rat_fusion_r3_c4,4,20,3,4,221.815111468,8.000000000,0.000100000,0.078010073,0.083566681,0.077542744,15.282445863,15.407147457
E1,Biking_v_Biking_g03_c01,Biking,VideoMAE-only,videomae_only,4,20,,,221.815111468,8.000000000,0.000100000,0.000122912,0.010195331,0.000837776,15.544974401,15.732000543
E1,Biking_v_Biking_g03_c01,Biking,RAT+traj,rat_traj,5,20,,,221.815111468,8.000000000,0.000100000,0.358570736,0.333331501,0.335075362,14.757850845,14.856787185
E1,Biking_v_Biking_g03_c01,Biking,Motion-reference,motion_reference,5,20,,,221.815111468,8.000000000,0.000100000,0.877058654,0.845313976,0.869188361,14.974079741,15.113195618
E1,Biking_v_Biking_g03_c01,Biking,Random,random,5,20,,,221.815111468,8.000000000,0.000100000,0.101651590,0.108574139,0.104560111,15.152334828,15.282597995
E1,Biking_v_Biking_g03_c01,Biking,Shifted-RAT+traj,shifted_rat_traj_r3_c4,5,20,3,4,221.815111468,8.000000000,0.000100000,0.094497055,0.098611310,0.093035467,15.214057604,15.323852282
E1,Biking_v_Biking_g03_c01,Biking,RAT-fusion,rat_fusion,5,20,,,221.815111468,8.000000000,0.000100000,0.295618052,0.286468028,0.287090222,14.900568023,15.002341868
E1,Biking_v_Biking_g03_c01,Biking,Shifted-RAT-fusion,shifted_rat_fusion_r3_c4,5,20,3,4,221.815111468,8.000000000,0.000100000,0.078010073,0.083687251,0.077725383,15.304121872,15.428522353
E1,Biking_v_Biking_g03_c01,Biking,VideoMAE-only,videomae_only,5,20,,,221.815111468,8.000000000,0.000100000,0.000122912,0.010160047,0.000843689,15.525951228,15.711001255
E1,Biking_v_Biking_g03_c01,Biking,RAT+traj,rat_traj,6,20,,,221.815111468,8.000000000,0.000100000,0.362971252,0.339204564,0.341123662,14.785365400,14.886390303
E1,Biking_v_Biking_g03_c01,Biking,Motion-reference,motion_reference,6,20,,,221.815111468,8.000000000,0.000100000,0.877058654,0.845809729,0.869953235,15.009338609,15.151726344
E1,Biking_v_Biking_g03_c01,Biking,Random,random,6,20,,,221.815111468,8.000000000,0.000100000,0.109347728,0.114644356,0.110732636,15.180788671,15.311863724
E1,Biking_v_Biking_g03_c01,Biking,Shifted-RAT+traj,shifted_rat_traj_r3_c4,6,20,3,4,221.815111468,8.000000000,0.000100000,0.091329275,0.095331022,0.089569359,15.271789328,15.382991279
E1,Biking_v_Biking_g03_c01,Biking,RAT-fusion,rat_fusion,6,20,,,221.815111468,8.000000000,0.000100000,0.295618052,0.282477290,0.282937650,14.956521532,15.060808850
E1,Biking_v_Biking_g03_c01,Biking,Shifted-RAT-fusion,shifted_rat_fusion_r3_c4,6,20,3,4,221.815111468,8.000000000,0.000100000,0.078010073,0.083727268,0.077665424,15.309980822,15.437154789
E1,Biking_v_Biking_g03_c01,Biking,VideoMAE-only,videomae_only,6,20,,,221.815111468,8.000000000,0.000100000,0.000122912,0.010074993,0.000794094,15.508786951,15.694998914
E1,Biking_v_Biking_g03_c01,Biking,RAT+traj,rat_traj,7,20,,,221.815111468,8.000000000,0.000100000,0.363765908,0.342310908,0.344746754,14.788668636,14.893985105
E1,Biking_v_Biking_g03_c01,Biking,Motion-reference,motion_reference,7,20,,,221.815111468,8.000000000,0.000100000,0.877058654,0.844865646,0.869773430,14.994997916,15.140590091
E1,Biking_v_Biking_g03_c01,Biking,Random,random,7,20,,,221.815111468,8.000000000,0.000100000,0.095028797,0.104082228,0.099928369,15.160971364,15.296866076
E1,Biking_v_Biking_g03_c01,Biking,Shifted-RAT+traj,shifted_rat_traj_r3_c4,7,20,3,4,221.815111468,8.000000000,0.000100000,0.094156253,0.097756678,0.092104157,15.257744005,15.374431847
E1,Biking_v_Biking_g03_c01,Biking,RAT-fusion,rat_fusion,7,20,,,221.815111468,8.000000000,0.000100000,0.295618052,0.279263444,0.279621446,14.948271118,15.055614671
E1,Biking_v_Biking_g03_c01,Biking,Shifted-RAT-fusion,shifted_rat_fusion_r3_c4,7,20,3,4,221.815111468,8.000000000,0.000100000,0.078010073,0.083936602,0.078117179,15.282752734,15.411517998
E1,Biking_v_Biking_g03_c01,Biking,VideoMAE-only,videomae_only,7,20,,,221.815111468,8.000000000,0.000100000,0.000122912,0.010206672,0.000909009,15.515319353,15.704369987
E1,Biking_v_Biking_g03_c01,Biking,RAT+traj,rat_traj,8,20,,,221.815111468,8.000000000,0.000100000,0.355823618,0.331572770,0.333397812,14.794698787,14.896243450
E1,Biking_v_Biking_g03_c01,Biking,Motion-reference,motion_reference,8,20,,,221.815111468,8.000000000,0.000100000,0.877058654,0.841477372,0.865107874,14.991116816,15.134378331
E1,Biking_v_Biking_g03_c01,Biking,Random,random,8,20,,,221.815111468,8.000000000,0.000100000,0.098121975,0.108315039,0.104096620,15.170759434,15.305568817
E1,Biking_v_Biking_g03_c01,Biking,Shifted-RAT+traj,shifted_rat_traj_r3_c4,8,20,3,4,221.815111468,8.000000000,0.000100000,0.092033226,0.095443662,0.089376393,15.285514902,15.401964612
E1,Biking_v_Biking_g03_c01,Biking,RAT-fusion,rat_fusion,8,20,,,221.815111468,8.000000000,0.000100000,0.295618052,0.280759544,0.280822322,14.952861837,15.058575669
E1,Biking_v_Biking_g03_c01,Biking,Shifted-RAT-fusion,shifted_rat_fusion_r3_c4,8,20,3,4,221.815111468,8.000000000,0.000100000,0.078010073,0.083334069,0.076958721,15.322875326,15.450173258
E1,Biking_v_Biking_g03_c01,Biking,VideoMAE-only,videomae_only,8,20,,,221.815111468,8.000000000,0.000100000,0.000122912,0.010052486,0.000819127,15.486071745,15.672034149
E1,Biking_v_Biking_g03_c01,Biking,RAT+traj,rat_traj,42,20,,,221.815111468,8.000000000,0.000100000,0.362866087,0.341085963,0.343558880,14.790177333,14.891615673
E1,Biking_v_Biking_g03_c01,Biking,Motion-reference,motion_reference,42,20,,,221.815111468,8.000000000,0.000100000,0.877058654,0.843333073,0.867919975,15.022557416,15.166585572
E1,Biking_v_Biking_g03_c01,Biking,Random,random,42,20,,,221.815111468,8.000000000,0.000100000,0.098153525,0.106466805,0.102140569,15.131238442,15.266153322
E1,Biking_v_Biking_g03_c01,Biking,Shifted-RAT+traj,shifted_rat_traj_r3_c4,42,20,3,4,221.815111468,8.000000000,0.000100000,0.098631371,0.103417385,0.098005876,15.267558495,15.380226985
E1,Biking_v_Biking_g03_c01,Biking,RAT-fusion,rat_fusion,42,20,,,221.815111468,8.000000000,0.000100000,0.295618052,0.282176694,0.282567224,14.930247659,15.035848881
E1,Biking_v_Biking_g03_c01,Biking,Shifted-RAT-fusion,shifted_rat_fusion_r3_c4,42,20,3,4,221.815111468,8.000000000,0.000100000,0.078010073,0.083526729,0.077764132,15.288669224,15.416837293
E1,Biking_v_Biking_g03_c01,Biking,VideoMAE-only,videomae_only,42,20,,,221.815111468,8.000000000,0.000100000,0.000122912,0.010147186,0.000858008,15.513986510,15.702240248
E1,Biking_v_Biking_g04_c01,Biking,RAT+traj,rat_traj,0,20,,,176.513182643,8.000000000,0.000100000,0.218173889,0.200471750,0.207491965,14.665145997,14.924991981
E1,Biking_v_Biking_g04_c01,Biking,Motion-reference,motion_reference,0,20,,,176.513182643,8.000000000,0.000100000,0.762568628,0.701145764,0.756553012,14.905163089,15.194280855
E1,Biking_v_Biking_g04_c01,Biking,Random,random,0,20,,,176.513182643,8.000000000,0.000100000,0.104390030,0.102630109,0.099553924,14.669174452,14.929129551
E1,Biking_v_Biking_g04_c01,Biking,Shifted-RAT+traj,shifted_rat_traj_r3_c4,0,20,3,4,176.513182643,8.000000000,0.000100000,0.097936622,0.100902642,0.097736216,14.794544892,15.007085373
E1,Biking_v_Biking_g04_c01,Biking,RAT-fusion,rat_fusion,0,20,,,176.513182643,8.000000000,0.000100000,0.187960060,0.161393372,0.165527508,14.372254956,14.638794114
E1,Biking_v_Biking_g04_c01,Biking,Shifted-RAT-fusion,shifted_rat_fusion_r3_c4,0,20,3,4,176.513182643,8.000000000,0.000100000,0.103658537,0.100964253,0.098257839,14.769169933,15.011569772
E1,Biking_v_Biking_g04_c01,Biking,VideoMAE-only,videomae_only,0,20,,,176.513182643,8.000000000,0.000100000,0.144694400,0.138327791,0.138754873,14.697205767,14.887442138
E1,Biking_v_Biking_g04_c01,Biking,RAT+traj,rat_traj,1,20,,,176.513182643,8.000000000,0.000100000,0.210532540,0.193584214,0.200157854,14.651696348,14.912995099
E1,Biking_v_Biking_g04_c01,Biking,Motion-reference,motion_reference,1,20,,,176.513182643,8.000000000,0.000100000,0.762568628,0.706285205,0.762840546,14.901817932,15.193026587
E1,Biking_v_Biking_g04_c01,Biking,Random,random,1,20,,,176.513182643,8.000000000,0.000100000,0.103796059,0.098813584,0.095684567,14.634948598,14.891984660
E1,Biking_v_Biking_g04_c01,Biking,Shifted-RAT+traj,shifted_rat_traj_r3_c4,1,20,3,4,176.513182643,8.000000000,0.000100000,0.098937275,0.098653280,0.095952753,14.803629911,15.022774081
E1,Biking_v_Biking_g04_c01,Biking,RAT-fusion,rat_fusion,1,20,,,176.513182643,8.000000000,0.000100000,0.187960060,0.158241194,0.162019037,14.354263043,14.622156422
E1,Biking_v_Biking_g04_c01,Biking,Shifted-RAT-fusion,shifted_rat_fusion_r3_c4,1,20,3,4,176.513182643,8.000000000,0.000100000,0.103658537,0.101482627,0.099083927,14.769139116,15.013498997
E1,Biking_v_Biking_g04_c01,Biking,VideoMAE-only,videomae_only,1,20,,,176.513182643,8.000000000,0.000100000,0.144694400,0.138280711,0.138565900,14.699663648,14.890988775
E1,Biking_v_Biking_g04_c01,Biking,RAT+traj,rat_traj,2,20,,,176.513182643,8.000000000,0.000100000,0.215323901,0.196115930,0.201932364,14.636709487,14.896506647
E1,Biking_v_Biking_g04_c01,Biking,Motion-reference,motion_reference,2,20,,,176.513182643,8.000000000,0.000100000,0.762568628,0.698711720,0.753874823,14.936732254,15.231407353
E1,Biking_v_Biking_g04_c01,Biking,Random,random,2,20,,,176.513182643,8.000000000,0.000100000,0.103503890,0.101531188,0.098919064,14.685138321,14.941949895
E1,Biking_v_Biking_g04_c01,Biking,Shifted-RAT+traj,shifted_rat_traj_r3_c4,2,20,3,4,176.513182643,8.000000000,0.000100000,0.096147219,0.097485885,0.094212614,14.805822933,15.023918800
E1,Biking_v_Biking_g04_c01,Biking,RAT-fusion,rat_fusion,2,20,,,176.513182643,8.000000000,0.000100000,0.187960060,0.162760829,0.166524459,14.361180513,14.626262482
E1,Biking_v_Biking_g04_c01,Biking,Shifted-RAT-fusion,shifted_rat_fusion_r3_c4,2,20,3,4,176.513182643,8.000000000,0.000100000,0.103658537,0.101742553,0.099226420,14.762354127,14.999418825
E1,Biking_v_Biking_g04_c01,Biking,VideoMAE-only,videomae_only,2,20,,,176.513182643,8.000000000,0.000100000,0.144694400,0.137750845,0.137682382,14.691080860,14.880003177
E1,Biking_v_Biking_g04_c01,Biking,RAT+traj,rat_traj,3,20,,,176.513182643,8.000000000,0.000100000,0.212346023,0.194797732,0.200794226,14.717344363,14.975185462
E1,Biking_v_Biking_g04_c01,Biking,Motion-reference,motion_reference,3,20,,,176.513182643,8.000000000,0.000100000,0.762568628,0.700236013,0.755606410,14.928598661,15.214180957
E1,Biking_v_Biking_g04_c01,Biking,Random,random,3,20,,,176.513182643,8.000000000,0.000100000,0.099507700,0.096691210,0.093974050,14.676708290,14.930833319
E1,Biking_v_Biking_g04_c01,Biking,Shifted-RAT+traj,shifted_rat_traj_r3_c4,3,20,3,4,176.513182643,8.000000000,0.000100000,0.111502692,0.111005933,0.109345550,14.823521225,15.042616246
E1,Biking_v_Biking_g04_c01,Biking,RAT-fusion,rat_fusion,3,20,,,176.513182643,8.000000000,0.000100000,0.187960060,0.156910043,0.160944681,14.355573110,14.614817424
E1,Biking_v_Biking_g04_c01,Biking,Shifted-RAT-fusion,shifted_rat_fusion_r3_c4,3,20,3,4,176.513182643,8.000000000,0.000100000,0.103658537,0.101907421,0.099787836,14.757610497,14.996045435
E1,Biking_v_Biking_g04_c01,Biking,VideoMAE-only,videomae_only,3,20,,,176.513182643,8.000000000,0.000100000,0.144694400,0.138327517,0.138376517,14.678139392,14.867517648
E1,Biking_v_Biking_g04_c01,Biking,RAT+traj,rat_traj,4,20,,,176.513182643,8.000000000,0.000100000,0.224023159,0.205527053,0.212029860,14.678627806,14.943513599
E1,Biking_v_Biking_g04_c01,Biking,Motion-reference,motion_reference,4,20,,,176.513182643,8.000000000,0.000100000,0.762568628,0.702623252,0.758977261,14.919015838,15.207594612
E1,Biking_v_Biking_g04_c01,Biking,Random,random,4,20,,,176.513182643,8.000000000,0.000100000,0.100066353,0.097247706,0.093568348,14.760585998,15.024613742
E1,Biking_v_Biking_g04_c01,Biking,Shifted-RAT+traj,shifted_rat_traj_r3_c4,4,20,3,4,176.513182643,8.000000000,0.000100000,0.100310898,0.101505495,0.098696089,14.788612782,15.005652183
E1,Biking_v_Biking_g04_c01,Biking,RAT-fusion,rat_fusion,4,20,,,176.513182643,8.000000000,0.000100000,0.187960060,0.160504788,0.164744970,14.380245442,14.645637288
E1,Biking_v_Biking_g04_c01,Biking,Shifted-RAT-fusion,shifted_rat_fusion_r3_c4,4,20,3,4,176.513182643,8.000000000,0.000100000,0.103658537,0.101108249,0.098639080,14.754064691,14.994182739
E1,Biking_v_Biking_g04_c01,Biking,VideoMAE-only,videomae_only,4,20,,,176.513182643,8.000000000,0.000100000,0.144694400,0.135408924,0.135223124,14.686498759,14.875061375
E1,Biking_v_Biking_g04_c01,Biking,RAT+traj,rat_traj,5,20,,,176.513182643,8.000000000,0.000100000,0.209474095,0.187650277,0.193630366,14.671937101,14.932930112
E1,Biking_v_Biking_g04_c01,Biking,Motion-reference,motion_reference,5,20,,,176.513182643,8.000000000,0.000100000,0.762568628,0.701258843,0.756956572,14.916723347,15.204306906
E1,Biking_v_Biking_g04_c01,Biking,Random,random,5,20,,,176.513182643,8.000000000,0.000100000,0.098987040,0.097547557,0.094315200,14.707964028,14.969619438
E1,Biking_v_Biking_g04_c01,Biking,Shifted-RAT+traj,shifted_rat_traj_r3_c4,5,20,3,4,176.513182643,8.000000000,0.000100000,0.104904804,0.105020090,0.102960072,14.826380878,15.043176520
E1,Biking_v_Biking_g04_c01,Biking,RAT-fusion,rat_fusion,5,20,,,176.513182643,8.000000000,0.000100000,0.187960060,0.161233682,0.165496705,14.416073153,14.681983074
E1,Biking_v_Biking_g04_c01,Biking,Shifted-RAT-fusion,shifted_rat_fusion_r3_c4,5,20,3,4,176.513182643,8.000000000,0.000100000,0.103658537,0.102866133,0.100702869,14.760766403,14.999443302
E1,Biking_v_Biking_g04_c01,Biking,VideoMAE-only,videomae_only,5,20,,,176.513182643,8.000000000,0.000100000,0.144694400,0.137464523,0.137455733,14.660321047,14.851644220
E1,Biking_v_Biking_g04_c01,Biking,RAT+traj,rat_traj,6,20,,,176.513182643,8.000000000,0.000100000,0.220057471,0.197309710,0.203822157,14.626106797,14.885103246
E1,Biking_v_Biking_g04_c01,Biking,Motion-reference,motion_reference,6,20,,,176.513182643,8.000000000,0.000100000,0.762568628,0.702004215,0.757606168,14.951384755,15.240800214
E1,Biking_v_Biking_g04_c01,Biking,Random,random,6,20,,,176.513182643,8.000000000,0.000100000,0.099483085,0.096595181,0.093188814,14.666383339,14.921346563
E1,Biking_v_Biking_g04_c01,Biking,Shifted-RAT+traj,shifted_rat_traj_r3_c4,6,20,3,4,176.513182643,8.000000000,0.000100000,0.096144543,0.098044573,0.095671705,14.824106906,15.039545123
E1,Biking_v_Biking_g04_c01,Biking,RAT-fusion,rat_fusion,6,20,,,176.513182643,8.000000000,0.000100000,0.187960060,0.155606788,0.159533346,14.352532803,14.615278114
E1,Biking_v_Biking_g04_c01,Biking,Shifted-RAT-fusion,shifted_rat_fusion_r3_c4,6,20,3,4,176.513182643,8.000000000,0.000100000,0.103658537,0.102314833,0.100366478,14.728117250,14.968594117
E1,Biking_v_Biking_g04_c01,Biking,VideoMAE-only,videomae_only,6,20,,,176.513182643,8.000000000,0.000100000,0.144694400,0.136944707,0.137541856,14.722097047,14.911166051
E1,Biking_v_Biking_g04_c01,Biking,RAT+traj,rat_traj,7,20,,,176.513182643,8.000000000,0.000100000,0.215967102,0.194562487,0.201385590,14.656640893,14.923894908
E1,Biking_v_Biking_g04_c01,Biking,Motion-reference,motion_reference,7,20,,,176.513182643,8.000000000,0.000100000,0.762568628,0.700728914,0.757011360,14.936947985,15.226627251
E1,Biking_v_Biking_g04_c01,Biking,Random,random,7,20,,,176.513182643,8.000000000,0.000100000,0.096017723,0.092108969,0.088292239,14.717548427,14.983435938
E1,Biking_v_Biking_g04_c01,Biking,Shifted-RAT+traj,shifted_rat_traj_r3_c4,7,20,3,4,176.513182643,8.000000000,0.000100000,0.101047742,0.099213058,0.097059744,14.828663212,15.049457589
E1,Biking_v_Biking_g04_c01,Biking,RAT-fusion,rat_fusion,7,20,,,176.513182643,8.000000000,0.000100000,0.187960060,0.160096366,0.163790958,14.319878818,14.588302883
E1,Biking_v_Biking_g04_c01,Biking,Shifted-RAT-fusion,shifted_rat_fusion_r3_c4,7,20,3,4,176.513182643,8.000000000,0.000100000,0.103658537,0.102019986,0.099733343,14.802884408,15.050131901
E1,Biking_v_Biking_g04_c01,Biking,VideoMAE-only,videomae_only,7,20,,,176.513182643,8.000000000,0.000100000,0.144694400,0.136373096,0.136698404,14.726789549,14.921933033
E1,Biking_v_Biking_g04_c01,Biking,RAT+traj,rat_traj,8,20,,,176.513182643,8.000000000,0.000100000,0.198637079,0.183058715,0.187363926,14.678401984,14.937877058
E1,Biking_v_Biking_g04_c01,Biking,Motion-reference,motion_reference,8,20,,,176.513182643,8.000000000,0.000100000,0.762568628,0.702402588,0.757837302,14.953317490,15.248447175
E1,Biking_v_Biking_g04_c01,Biking,Random,random,8,20,,,176.513182643,8.000000000,0.000100000,0.102139364,0.097776225,0.094064165,14.736878599,14.996679765
E1,Biking_v_Biking_g04_c01,Biking,Shifted-RAT+traj,shifted_rat_traj_r3_c4,8,20,3,4,176.513182643,8.000000000,0.000100000,0.100841191,0.101959513,0.099309589,14.764465921,14.987348710
E1,Biking_v_Biking_g04_c01,Biking,RAT-fusion,rat_fusion,8,20,,,176.513182643,8.000000000,0.000100000,0.187960060,0.160961519,0.164667153,14.360015343,14.628091751
E1,Biking_v_Biking_g04_c01,Biking,Shifted-RAT-fusion,shifted_rat_fusion_r3_c4,8,20,3,4,176.513182643,8.000000000,0.000100000,0.103658537,0.100473928,0.098256547,14.777227476,15.018138791
E1,Biking_v_Biking_g04_c01,Biking,VideoMAE-only,videomae_only,8,20,,,176.513182643,8.000000000,0.000100000,0.144694400,0.136216184,0.136644648,14.738827324,14.927721690
E1,Biking_v_Biking_g04_c01,Biking,RAT+traj,rat_traj,42,20,,,176.513182643,8.000000000,0.000100000,0.218040647,0.198982155,0.205763103,14.734937540,15.003809422
E1,Biking_v_Biking_g04_c01,Biking,Motion-reference,motion_reference,42,20,,,176.513182643,8.000000000,0.000100000,0.762568628,0.703556499,0.760771082,14.960788313,15.261391969
E1,Biking_v_Biking_g04_c01,Biking,Random,random,42,20,,,176.513182643,8.000000000,0.000100000,0.098537549,0.092728626,0.088978915,14.706986300,14.971977043
E1,Biking_v_Biking_g04_c01,Biking,Shifted-RAT+traj,shifted_rat_traj_r3_c4,42,20,3,4,176.513182643,8.000000000,0.000100000,0.102812530,0.100715530,0.098010380,14.766815132,14.986823487
E1,Biking_v_Biking_g04_c01,Biking,RAT-fusion,rat_fusion,42,20,,,176.513182643,8.000000000,0.000100000,0.187960060,0.160730388,0.163850550,14.352233175,14.626239941
E1,Biking_v_Biking_g04_c01,Biking,Shifted-RAT-fusion,shifted_rat_fusion_r3_c4,42,20,3,4,176.513182643,8.000000000,0.000100000,0.103658537,0.102615302,0.100115349,14.781324521,15.028511172
E1,Biking_v_Biking_g04_c01,Biking,VideoMAE-only,videomae_only,42,20,,,176.513182643,8.000000000,0.000100000,0.144694400,0.135968252,0.135873601,14.737538582,14.937759861
E1,Diving_v_Diving_g01_c01,Diving,RAT+traj,rat_traj,0,20,,,183.367095882,8.000000000,0.000100000,0.174710919,0.186637941,0.185553488,15.442064829,15.687170080
E1,Diving_v_Diving_g01_c01,Diving,Motion-reference,motion_reference,0,20,,,183.367095882,8.000000000,0.000100000,0.787897201,0.744184917,0.786128251,15.177303217,15.439335818
E1,Diving_v_Diving_g01_c01,Diving,Random,random,0,20,,,183.367095882,8.000000000,0.000100000,0.105227705,0.115594492,0.109797028,15.359597632,15.584729509
E1,Diving_v_Diving_g01_c01,Diving,Shifted-RAT+traj,shifted_rat_traj_r3_c4,0,20,3,4,183.367095882,8.000000000,0.000100000,0.038459263,0.051277872,0.040915859,15.464257544,15.686753097
E1,Diving_v_Diving_g01_c01,Diving,RAT-fusion,rat_fusion,0,20,,,183.367095882,8.000000000,0.000100000,0.183052125,0.192453107,0.191600512,15.444893647,15.693500104
E1,Diving_v_Diving_g01_c01,Diving,Shifted-RAT-fusion,shifted_rat_fusion_r3_c4,0,20,3,4,183.367095882,8.000000000,0.000100000,0.057369067,0.069253955,0.060332685,15.420292645,15.646898772
E1,Diving_v_Diving_g01_c01,Diving,VideoMAE-only,videomae_only,0,20,,,183.367095882,8.000000000,0.000100000,0.054469528,0.063831371,0.055399595,15.151516996,15.362503224
E1,Diving_v_Diving_g01_c01,Diving,RAT+traj,rat_traj,1,20,,,183.367095882,8.000000000,0.000100000,0.167150489,0.176711221,0.174655036,15.434203215,15.683913785
E1,Diving_v_Diving_g01_c01,Diving,Motion-reference,motion_reference,1,20,,,183.367095882,8.000000000,0.000100000,0.787897201,0.745289600,0.786669295,15.167761691,15.430386271
E1,Diving_v_Diving_g01_c01,Diving,Random,random,1,20,,,183.367095882,8.000000000,0.000100000,0.099275382,0.108814048,0.102270739,15.361557937,15.587113351
E1,Diving_v_Diving_g01_c01,Diving,Shifted-RAT+traj,shifted_rat_traj_r3_c4,1,20,3,4,183.367095882,8.000000000,0.000100000,0.043183198,0.054918955,0.044550338,15.459477896,15.682717423
E1,Diving_v_Diving_g01_c01,Diving,RAT-fusion,rat_fusion,1,20,,,183.367095882,8.000000000,0.000100000,0.183052125,0.191615644,0.190210230,15.417553061,15.663284481
E1,Diving_v_Diving_g01_c01,Diving,Shifted-RAT-fusion,shifted_rat_fusion_r3_c4,1,20,3,4,183.367095882,8.000000000,0.000100000,0.057369067,0.069154979,0.059801265,15.447215928,15.674922328
E1,Diving_v_Diving_g01_c01,Diving,VideoMAE-only,videomae_only,1,20,,,183.367095882,8.000000000,0.000100000,0.054469528,0.064174030,0.055437303,15.146229366,15.360296946
E1,Diving_v_Diving_g01_c01,Diving,RAT+traj,rat_traj,2,20,,,183.367095882,8.000000000,0.000100000,0.162781540,0.174079368,0.170978229,15.451965910,15.694872917
E1,Diving_v_Diving_g01_c01,Diving,Motion-reference,motion_reference,2,20,,,183.367095882,8.000000000,0.000100000,0.787897201,0.745677218,0.785797073,15.190702911,15.456555501
E1,Diving_v_Diving_g01_c01,Diving,Random,random,2,20,,,183.367095882,8.000000000,0.000100000,0.110509822,0.120119347,0.113695000,15.353856712,15.577792814
E1,Diving_v_Diving_g01_c01,Diving,Shifted-RAT+traj,shifted_rat_traj_r3_c4,2,20,3,4,183.367095882,8.000000000,0.000100000,0.043207931,0.055613731,0.045043166,15.458212298,15.677259528
E1,Diving_v_Diving_g01_c01,Diving,RAT-fusion,rat_fusion,2,20,,,183.367095882,8.000000000,0.000100000,0.183052125,0.191128359,0.189258542,15.423951712,15.667104891
E1,Diving_v_Diving_g01_c01,Diving,Shifted-RAT-fusion,shifted_rat_fusion_r3_c4,2,20,3,4,183.367095882,8.000000000,0.000100000,0.057369067,0.070045454,0.060184458,15.445445179,15.669495958
E1,Diving_v_Diving_g01_c01,Diving,VideoMAE-only,videomae_only,2,20,,,183.367095882,8.000000000,0.000100000,0.054469528,0.064540652,0.055492058,15.145685366,15.355711076
E1,Diving_v_Diving_g01_c01,Diving,RAT+traj,rat_traj,3,20,,,183.367095882,8.000000000,0.000100000,0.181307746,0.190491593,0.189649768,15.461978730,15.711126196
E1,Diving_v_Diving_g01_c01,Diving,Motion-reference,motion_reference,3,20,,,183.367095882,8.000000000,0.000100000,0.787897201,0.742918330,0.784576578,15.170119884,15.432707390
E1,Diving_v_Diving_g01_c01,Diving,Random,random,3,20,,,183.367095882,8.000000000,0.000100000,0.103908631,0.112212097,0.106550486,15.389238974,15.614734320
E1,Diving_v_Diving_g01_c01,Diving,Shifted-RAT+traj,shifted_rat_traj_r3_c4,3,20,3,4,183.367095882,8.000000000,0.000100000,0.043949910,0.056095125,0.045933871,15.457556051,15.680210578
E1,Diving_v_Diving_g01_c01,Diving,RAT-fusion,rat_fusion,3,20,,,183.367095882,8.000000000,0.000100000,0.183052125,0.193620025,0.192462864,15.423493753,15.671433324
E1,Diving_v_Diving_g01_c01,Diving,Shifted-RAT-fusion,shifted_rat_fusion_r3_c4,3,20,3,4,183.367095882,8.000000000,0.000100000,0.057369067,0.070251784,0.060764832,15.441603744,15.669760604
E1,Diving_v_Diving_g01_c01,Diving,VideoMAE-only,videomae_only,3,20,,,183.367095882,8.000000000,0.000100000,0.054469528,0.064482309,0.055690138,15.145587829,15.357439254
E1,Diving_v_Diving_g01_c01,Diving,RAT+traj,rat_traj,4,20,,,183.367095882,8.000000000,0.000100000,0.177061490,0.184304295,0.183513436,15.431266707,15.679721267
E1,Diving_v_Diving_g01_c01,Diving,Motion-reference,motion_reference,4,20,,,183.367095882,8.000000000,0.000100000,0.787897201,0.745130832,0.787728330,15.184917863,15.451191717
E1,Diving_v_Diving_g01_c01,Diving,Random,random,4,20,,,183.367095882,8.000000000,0.000100000,0.096853038,0.105998382,0.099647008,15.363784480,15.587919652
E1,Diving_v_Diving_g01_c01,Diving,Shifted-RAT+traj,shifted_rat_traj_r3_c4,4,20,3,4,183.367095882,8.000000000,0.000100000,0.044527005,0.056931846,0.047165470,15.440426194,15.664464344
E1,Diving_v_Diving_g01_c01,Diving,RAT-fusion,rat_fusion,4,20,,,183.367095882,8.000000000,0.000100000,0.183052125,0.191103895,0.190913567,15.435960569,15.680862237
E1,Diving_v_Diving_g01_c01,Diving,Shifted-RAT-fusion,shifted_rat_fusion_r3_c4,4,20,3,4,183.367095882,8.000000000,0.000100000,0.057369067,0.069229626,0.060261126,15.454526255,15.682986132
E1,Diving_v_Diving_g01_c01,Diving,VideoMAE-only,videomae_only,4,20,,,183.367095882,8.000000000,0.000100000,0.054469528,0.064230486,0.055861522,15.137152562,15.351528784
E1,Diving_v_Diving_g01_c01,Diving,RAT+traj,rat_traj,5,20,,,183.367095882,8.000000000,0.000100000,0.169165957,0.178894019,0.176600333,15.441615623,15.688624439
E1,Diving_v_Diving_g01_c01,Diving,Motion-reference,motion_reference,5,20,,,183.367095882,8.000000000,0.000100000,0.787897201,0.744534276,0.785103425,15.164757795,15.427666683
E1,Diving_v_Diving_g01_c01,Diving,Random,random,5,20,,,183.367095882,8.000000000,0.000100000,0.101550785,0.109064646,0.102310741,15.378340294,15.602111899
E1,Diving_v_Diving_g01_c01,Diving,Shifted-RAT+traj,shifted_rat_traj_r3_c4,5,20,3,4,183.367095882,8.000000000,0.000100000,0.049259185,0.061477649,0.051404549,15.471589406,15.692501948
E1,Diving_v_Diving_g01_c01,Diving,RAT-fusion,rat_fusion,5,20,,,183.367095882,8.000000000,0.000100000,0.183052125,0.189516956,0.188450318,15.446116962,15.687043109
E1,Diving_v_Diving_g01_c01,Diving,Shifted-RAT-fusion,shifted_rat_fusion_r3_c4,5,20,3,4,183.367095882,8.000000000,0.000100000,0.057369067,0.068789195,0.059403154,15.437776132,15.659128776
E1,Diving_v_Diving_g01_c01,Diving,VideoMAE-only,videomae_only,5,20,,,183.367095882,8.000000000,0.000100000,0.054469528,0.063947558,0.055174255,15.133640060,15.344844634
E1,Diving_v_Diving_g01_c01,Diving,RAT+traj,rat_traj,6,20,,,183.367095882,8.000000000,0.000100000,0.169086910,0.178466454,0.176443010,15.417770080,15.667290537
E1,Diving_v_Diving_g01_c01,Diving,Motion-reference,motion_reference,6,20,,,183.367095882,8.000000000,0.000100000,0.787897201,0.743957756,0.785675262,15.182372229,15.449186629
E1,Diving_v_Diving_g01_c01,Diving,Random,random,6,20,,,183.367095882,8.000000000,0.000100000,0.100402415,0.111084534,0.104917835,15.376199063,15.604572833
E1,Diving_v_Diving_g01_c01,Diving,Shifted-RAT+traj,shifted_rat_traj_r3_c4,6,20,3,4,183.367095882,8.000000000,0.000100000,0.048129727,0.060670596,0.051042116,15.447517843,15.669264838
E1,Diving_v_Diving_g01_c01,Diving,RAT-fusion,rat_fusion,6,20,,,183.367095882,8.000000000,0.000100000,0.183052125,0.189698895,0.189265772,15.451850106,15.698639520
E1,Diving_v_Diving_g01_c01,Diving,Shifted-RAT-fusion,shifted_rat_fusion_r3_c4,6,20,3,4,183.367095882,8.000000000,0.000100000,0.057369067,0.068717501,0.059688001,15.432966314,15.662039506
E1,Diving_v_Diving_g01_c01,Diving,VideoMAE-only,videomae_only,6,20,,,183.367095882,8.000000000,0.000100000,0.054469528,0.063776738,0.055497628,15.128277464,15.342343293
E1,Diving_v_Diving_g01_c01,Diving,RAT+traj,rat_traj,7,20,,,183.367095882,8.000000000,0.000100000,0.173130455,0.181443487,0.180597311,15.410975555,15.661837056
E1,Diving_v_Diving_g01_c01,Diving,Motion-reference,motion_reference,7,20,,,183.367095882,8.000000000,0.000100000,0.787897201,0.744974712,0.787514561,15.169125100,15.442240659
E1,Diving_v_Diving_g01_c01,Diving,Random,random,7,20,,,183.367095882,8.000000000,0.000100000,0.100209403,0.108624913,0.102397806,15.356170733,15.584993817
E1,Diving_v_Diving_g01_c01,Diving,Shifted-RAT+traj,shifted_rat_traj_r3_c4,7,20,3,4,183.367095882,8.000000000,0.000100000,0.047371259,0.060110185,0.050183062,15.449537749,15.676292043
E1,Diving_v_Diving_g01_c01,Diving,RAT-fusion,rat_fusion,7,20,,,183.367095882,8.000000000,0.000100000,0.183052125,0.191815611,0.190857764,15.419388553,15.672724373
E1,Diving_v_Diving_g01_c01,Diving,Shifted-RAT-fusion,shifted_rat_fusion_r3_c4,7,20,3,4,183.367095882,8.000000000,0.000100000,0.057369067,0.068789514,0.059821489,15.437891073,15.669699693
E1,Diving_v_Diving_g01_c01,Diving,VideoMAE-only,videomae_only,7,20,,,183.367095882,8.000000000,0.000100000,0.054469528,0.063996135,0.055407169,15.167218837,15.387042345
E1,Diving_v_Diving_g01_c01,Diving,RAT+traj,rat_traj,8,20,,,183.367095882,8.000000000,0.000100000,0.170927309,0.181960389,0.179728239,15.444226235,15.691936772
E1,Diving_v_Diving_g01_c01,Diving,Motion-reference,motion_reference,8,20,,,183.367095882,8.000000000,0.000100000,0.787897201,0.744851780,0.784949965,15.177206978,15.445250552
E1,Diving_v_Diving_g01_c01,Diving,Random,random,8,20,,,183.367095882,8.000000000,0.000100000,0.099067822,0.109322676,0.103473044,15.367044959,15.595761336
E1,Diving_v_Diving_g01_c01,Diving,Shifted-RAT+traj,shifted_rat_traj_r3_c4,8,20,3,4,183.367095882,8.000000000,0.000100000,0.045672951,0.058243708,0.047818724,15.460471241,15.683850037
E1,Diving_v_Diving_g01_c01,Diving,RAT-fusion,rat_fusion,8,20,,,183.367095882,8.000000000,0.000100000,0.183052125,0.189801805,0.188559786,15.459277173,15.705264674
E1,Diving_v_Diving_g01_c01,Diving,Shifted-RAT-fusion,shifted_rat_fusion_r3_c4,8,20,3,4,183.367095882,8.000000000,0.000100000,0.057369067,0.069397625,0.059981538,15.423755834,15.650665347
E1,Diving_v_Diving_g01_c01,Diving,VideoMAE-only,videomae_only,8,20,,,183.367095882,8.000000000,0.000100000,0.054469528,0.064645233,0.055942965,15.136311729,15.347955273
E1,Diving_v_Diving_g01_c01,Diving,RAT+traj,rat_traj,42,20,,,183.367095882,8.000000000,0.000100000,0.162369329,0.171617237,0.169246737,15.470794003,15.717863032
E1,Diving_v_Diving_g01_c01,Diving,Motion-reference,motion_reference,42,20,,,183.367095882,8.000000000,0.000100000,0.787897201,0.744985059,0.786834615,15.152016266,15.419265462
E1,Diving_v_Diving_g01_c01,Diving,Random,random,42,20,,,183.367095882,8.000000000,0.000100000,0.100258383,0.108722696,0.102770191,15.365832421,15.595410099
E1,Diving_v_Diving_g01_c01,Diving,Shifted-RAT+traj,shifted_rat_traj_r3_c4,42,20,3,4,183.367095882,8.000000000,0.000100000,0.039992687,0.052437479,0.042005042,15.457904126,15.681509311
E1,Diving_v_Diving_g01_c01,Diving,RAT-fusion,rat_fusion,42,20,,,183.367095882,8.000000000,0.000100000,0.183052125,0.191152924,0.190074292,15.429009508,15.677926799
E1,Diving_v_Diving_g01_c01,Diving,Shifted-RAT-fusion,shifted_rat_fusion_r3_c4,42,20,3,4,183.367095882,8.000000000,0.000100000,0.057369067,0.069302755,0.060006517,15.441382209,15.672505487
E1,Diving_v_Diving_g01_c01,Diving,VideoMAE-only,videomae_only,42,20,,,183.367095882,8.000000000,0.000100000,0.054469528,0.063569419,0.055017589,15.125258384,15.341360847
E1,Diving_v_Diving_g02_c01,Diving,RAT+traj,rat_traj,0,20,,,131.893661218,8.000000000,0.000100000,0.159804841,0.146010711,0.150015874,14.851438390,15.407233260
E1,Diving_v_Diving_g02_c01,Diving,Motion-reference,motion_reference,0,20,,,131.893661218,8.000000000,0.000100000,0.697382551,0.599137993,0.678458244,15.033946048,15.611904571
E1,Diving_v_Diving_g02_c01,Diving,Random,random,0,20,,,131.893661218,8.000000000,0.000100000,0.103854499,0.097767511,0.092343793,14.688208478,15.203583321
E1,Diving_v_Diving_g02_c01,Diving,Shifted-RAT+traj,shifted_rat_traj_r3_c4,0,20,3,4,131.893661218,8.000000000,0.000100000,0.079252147,0.081810057,0.074299736,14.793900601,15.339598568
E1,Diving_v_Diving_g02_c01,Diving,RAT-fusion,rat_fusion,0,20,,,131.893661218,8.000000000,0.000100000,0.153480926,0.141712200,0.145033306,14.858382497,15.415202128
E1,Diving_v_Diving_g02_c01,Diving,Shifted-RAT-fusion,shifted_rat_fusion_r3_c4,0,20,3,4,131.893661218,8.000000000,0.000100000,0.081869500,0.080482357,0.073147222,14.663301978,15.188508675
E1,Diving_v_Diving_g02_c01,Diving,VideoMAE-only,videomae_only,0,20,,,131.893661218,8.000000000,0.000100000,0.195748738,0.133102160,0.135158689,13.872666334,14.319863779
E1,Diving_v_Diving_g02_c01,Diving,RAT+traj,rat_traj,1,20,,,131.893661218,8.000000000,0.000100000,0.150896087,0.139415539,0.143907216,14.862166968,15.422332447
E1,Diving_v_Diving_g02_c01,Diving,Motion-reference,motion_reference,1,20,,,131.893661218,8.000000000,0.000100000,0.697382551,0.599899041,0.677392178,15.012345003,15.597904765
E1,Diving_v_Diving_g02_c01,Diving,Random,random,1,20,,,131.893661218,8.000000000,0.000100000,0.110855464,0.102467091,0.097045722,14.746893896,15.265186817
E1,Diving_v_Diving_g02_c01,Diving,Shifted-RAT+traj,shifted_rat_traj_r3_c4,1,20,3,4,131.893661218,8.000000000,0.000100000,0.099443155,0.096613048,0.093405439,14.812058606,15.365686384
E1,Diving_v_Diving_g02_c01,Diving,RAT-fusion,rat_fusion,1,20,,,131.893661218,8.000000000,0.000100000,0.153480926,0.141965469,0.145970790,14.862912408,15.423591605
E1,Diving_v_Diving_g02_c01,Diving,Shifted-RAT-fusion,shifted_rat_fusion_r3_c4,1,20,3,4,131.893661218,8.000000000,0.000100000,0.081869500,0.080867257,0.075506404,14.704041548,15.234916093
E1,Diving_v_Diving_g02_c01,Diving,VideoMAE-only,videomae_only,1,20,,,131.893661218,8.000000000,0.000100000,0.195748738,0.134849373,0.138226838,13.867778421,14.314039212
E1,Diving_v_Diving_g02_c01,Diving,RAT+traj,rat_traj,2,20,,,131.893661218,8.000000000,0.000100000,0.149904419,0.139356440,0.143521400,14.848643376,15.399692244
E1,Diving_v_Diving_g02_c01,Diving,Motion-reference,motion_reference,2,20,,,131.893661218,8.000000000,0.000100000,0.697382551,0.601979906,0.677358529,15.012099994,15.585880103
E1,Diving_v_Diving_g02_c01,Diving,Random,random,2,20,,,131.893661218,8.000000000,0.000100000,0.098760367,0.095570440,0.088764254,14.702165044,15.211743275
E1,Diving_v_Diving_g02_c01,Diving,Shifted-RAT+traj,shifted_rat_traj_r3_c4,2,20,3,4,131.893661218,8.000000000,0.000100000,0.084112945,0.084916371,0.079769863,14.800075589,15.348416705
E1,Diving_v_Diving_g02_c01,Diving,RAT-fusion,rat_fusion,2,20,,,131.893661218,8.000000000,0.000100000,0.153480926,0.138623430,0.142767593,14.844633938,15.392337599
E1,Diving_v_Diving_g02_c01,Diving,Shifted-RAT-fusion,shifted_rat_fusion_r3_c4,2,20,3,4,131.893661218,8.000000000,0.000100000,0.081869500,0.080486550,0.075073043,14.682960532,15.207889082
E1,Diving_v_Diving_g02_c01,Diving,VideoMAE-only,videomae_only,2,20,,,131.893661218,8.000000000,0.000100000,0.195748738,0.133165758,0.135996436,13.833607909,14.272156315
E1,Diving_v_Diving_g02_c01,Diving,RAT+traj,rat_traj,3,20,,,131.893661218,8.000000000,0.000100000,0.155285437,0.141697485,0.146235760,14.820140867,15.374016116
E1,Diving_v_Diving_g02_c01,Diving,Motion-reference,motion_reference,3,20,,,131.893661218,8.000000000,0.000100000,0.697382551,0.602884514,0.681514692,15.020830207,15.600023226
E1,Diving_v_Diving_g02_c01,Diving,Random,random,3,20,,,131.893661218,8.000000000,0.000100000,0.105268845,0.099571042,0.094189641,14.734633536,15.252284545
E1,Diving_v_Diving_g02_c01,Diving,Shifted-RAT+traj,shifted_rat_traj_r3_c4,3,20,3,4,131.893661218,8.000000000,0.000100000,0.099069247,0.100311457,0.096756644,14.895157424,15.454798386
E1,Diving_v_Diving_g02_c01,Diving,RAT-fusion,rat_fusion,3,20,,,131.893661218,8.000000000,0.000100000,0.153480926,0.141550013,0.145691522,14.861638757,15.418734269
E1,Diving_v_Diving_g02_c01,Diving,Shifted-RAT-fusion,shifted_rat_fusion_r3_c4,3,20,3,4,131.893661218,8.000000000,0.000100000,0.081869500,0.081144409,0.075383864,14.680840999,15.207309187
E1,Diving_v_Diving_g02_c01,Diving,VideoMAE-only,videomae_only,3,20,,,131.893661218,8.000000000,0.000100000,0.195748738,0.135320833,0.138799289,13.897002476,14.344490428
E1,Diving_v_Diving_g02_c01,Diving,RAT+traj,rat_traj,4,20,,,131.893661218,8.000000000,0.000100000,0.135468336,0.127182798,0.127319455,14.838943360,15.396537281
E1,Diving_v_Diving_g02_c01,Diving,Motion-reference,motion_reference,4,20,,,131.893661218,8.000000000,0.000100000,0.697382551,0.598226390,0.675477681,14.990452623,15.569389005
E1,Diving_v_Diving_g02_c01,Diving,Random,random,4,20,,,131.893661218,8.000000000,0.000100000,0.106390568,0.099723817,0.094030075,14.713901010,15.235248717
E1,Diving_v_Diving_g02_c01,Diving,Shifted-RAT+traj,shifted_rat_traj_r3_c4,4,20,3,4,131.893661218,8.000000000,0.000100000,0.100938785,0.097014784,0.091910277,14.844047264,15.396338132
E1,Diving_v_Diving_g02_c01,Diving,RAT-fusion,rat_fusion,4,20,,,131.893661218,8.000000000,0.000100000,0.153480926,0.140082109,0.143415102,14.844784522,15.401042874
E1,Diving_v_Diving_g02_c01,Diving,Shifted-RAT-fusion,shifted_rat_fusion_r3_c4,4,20,3,4,131.893661218,8.000000000,0.000100000,0.081869500,0.078543023,0.071426641,14.667106497,15.195529149
E1,Diving_v_Diving_g02_c01,Diving,VideoMAE-only,videomae_only,4,20,,,131.893661218,8.000000000,0.000100000,0.195748738,0.134014645,0.135381871,13.842238189,14.289207927
E1,Diving_v_Diving_g02_c01,Diving,RAT+traj,rat_traj,5,20,,,131.893661218,8.000000000,0.000100000,0.146230371,0.136891819,0.140828944,14.858307446,15.416846642
E1,Diving_v_Diving_g02_c01,Diving,Motion-reference,motion_reference,5,20,,,131.893661218,8.000000000,0.000100000,0.697382551,0.601839644,0.680259307,15.033319043,15.607626608
E1,Diving_v_Diving_g02_c01,Diving,Random,random,5,20,,,131.893661218,8.000000000,0.000100000,0.099329357,0.094669368,0.087467648,14.686772643,15.198767644
E1,Diving_v_Diving_g02_c01,Diving,Shifted-RAT+traj,shifted_rat_traj_r3_c4,5,20,3,4,131.893661218,8.000000000,0.000100000,0.112156012,0.107888706,0.105868003,14.839095882,15.388133215
E1,Diving_v_Diving_g02_c01,Diving,RAT-fusion,rat_fusion,5,20,,,131.893661218,8.000000000,0.000100000,0.153480926,0.141361266,0.146038892,14.825159248,15.377328806
E1,Diving_v_Diving_g02_c01,Diving,Shifted-RAT-fusion,shifted_rat_fusion_r3_c4,5,20,3,4,131.893661218,8.000000000,0.000100000,0.081869500,0.079794362,0.073686544,14.701067256,15.225725425
E1,Diving_v_Diving_g02_c01,Diving,VideoMAE-only,videomae_only,5,20,,,131.893661218,8.000000000,0.000100000,0.195748738,0.133864376,0.136344216,13.868269655,14.312053658
E1,Diving_v_Diving_g02_c01,Diving,RAT+traj,rat_traj,6,20,,,131.893661218,8.000000000,0.000100000,0.146181600,0.134517443,0.137915728,14.866046716,15.423968805
E1,Diving_v_Diving_g02_c01,Diving,Motion-reference,motion_reference,6,20,,,131.893661218,8.000000000,0.000100000,0.697382551,0.598955317,0.676988529,15.021511850,15.596439530
E1,Diving_v_Diving_g02_c01,Diving,Random,random,6,20,,,131.893661218,8.000000000,0.000100000,0.100023620,0.096203588,0.091793188,14.724431587,15.242344124
E1,Diving_v_Diving_g02_c01,Diving,Shifted-RAT+traj,shifted_rat_traj_r3_c4,6,20,3,4,131.893661218,8.000000000,0.000100000,0.111034290,0.105978373,0.104479048,14.805324350,15.359462910
E1,Diving_v_Diving_g02_c01,Diving,RAT-fusion,rat_fusion,6,20,,,131.893661218,8.000000000,0.000100000,0.153480926,0.140764242,0.145815171,14.810857616,15.361207257
E1,Diving_v_Diving_g02_c01,Diving,Shifted-RAT-fusion,shifted_rat_fusion_r3_c4,6,20,3,4,131.893661218,8.000000000,0.000100000,0.081869500,0.081116144,0.075797300,14.746288474,15.278162291
E1,Diving_v_Diving_g02_c01,Diving,VideoMAE-only,videomae_only,6,20,,,131.893661218,8.000000000,0.000100000,0.195748738,0.135576742,0.138194068,13.915527679,14.364559344
E1,Diving_v_Diving_g02_c01,Diving,RAT+traj,rat_traj,7,20,,,131.893661218,8.000000000,0.000100000,0.130575024,0.120968543,0.121611854,14.853422557,15.418582739
E1,Diving_v_Diving_g02_c01,Diving,Motion-reference,motion_reference,7,20,,,131.893661218,8.000000000,0.000100000,0.697382551,0.602193013,0.680164757,15.000527333,15.589603052
E1,Diving_v_Diving_g02_c01,Diving,Random,random,7,20,,,131.893661218,8.000000000,0.000100000,0.107128820,0.102819993,0.096587442,14.709199984,15.237445308
E1,Diving_v_Diving_g02_c01,Diving,Shifted-RAT+traj,shifted_rat_traj_r3_c4,7,20,3,4,131.893661218,8.000000000,0.000100000,0.099443155,0.098559132,0.094183699,14.847507742,15.409395061
E1,Diving_v_Diving_g02_c01,Diving,RAT-fusion,rat_fusion,7,20,,,131.893661218,8.000000000,0.000100000,0.153480926,0.141355158,0.144756727,14.881754469,15.450581957
E1,Diving_v_Diving_g02_c01,Diving,Shifted-RAT-fusion,shifted_rat_fusion_r3_c4,7,20,3,4,131.893661218,8.000000000,0.000100000,0.081869500,0.081654284,0.074430255,14.670603060,15.206607629
E1,Diving_v_Diving_g02_c01,Diving,VideoMAE-only,videomae_only,7,20,,,131.893661218,8.000000000,0.000100000,0.195748738,0.135599892,0.137718963,13.930716831,14.388356611
E1,Diving_v_Diving_g02_c01,Diving,RAT+traj,rat_traj,8,20,,,131.893661218,8.000000000,0.000100000,0.141028179,0.131296172,0.133680569,14.883871480,15.443306423
E1,Diving_v_Diving_g02_c01,Diving,Motion-reference,motion_reference,8,20,,,131.893661218,8.000000000,0.000100000,0.697382551,0.598304392,0.676682865,15.052772776,15.629758697
E1,Diving_v_Diving_g02_c01,Diving,Random,random,8,20,,,131.893661218,8.000000000,0.000100000,0.106726224,0.101871029,0.096716101,14.783739441,15.307657350
E1,Diving_v_Diving_g02_c01,Diving,Shifted-RAT+traj,shifted_rat_traj_r3_c4,8,20,3,4,131.893661218,8.000000000,0.000100000,0.099817063,0.101578879,0.097039890,14.843811319,15.398288682
E1,Diving_v_Diving_g02_c01,Diving,RAT-fusion,rat_fusion,8,20,,,131.893661218,8.000000000,0.000100000,0.153480926,0.139804428,0.142783544,14.837386305,15.393251412
E1,Diving_v_Diving_g02_c01,Diving,Shifted-RAT-fusion,shifted_rat_fusion_r3_c4,8,20,3,4,131.893661218,8.000000000,0.000100000,0.081869500,0.080216397,0.073839826,14.672559097,15.199281536
E1,Diving_v_Diving_g02_c01,Diving,VideoMAE-only,videomae_only,8,20,,,131.893661218,8.000000000,0.000100000,0.195748738,0.135418221,0.138493803,13.926584826,14.377264819
E1,Diving_v_Diving_g02_c01,Diving,RAT+traj,rat_traj,42,20,,,131.893661218,8.000000000,0.000100000,0.140442932,0.128384263,0.130351318,14.842619424,15.406139637
E1,Diving_v_Diving_g02_c01,Diving,Motion-reference,motion_reference,42,20,,,131.893661218,8.000000000,0.000100000,0.697382551,0.601349506,0.682017540,15.061133956,15.653709020
E1,Diving_v_Diving_g02_c01,Diving,Random,random,42,20,,,131.893661218,8.000000000,0.000100000,0.118280063,0.111369215,0.107929552,14.776497566,15.303649751
E1,Diving_v_Diving_g02_c01,Diving,Shifted-RAT+traj,shifted_rat_traj_r3_c4,42,20,3,4,131.893661218,8.000000000,0.000100000,0.093086726,0.092738219,0.088369971,14.874022412,15.436125161
E1,Diving_v_Diving_g02_c01,Diving,RAT-fusion,rat_fusion,42,20,,,131.893661218,8.000000000,0.000100000,0.153480926,0.140056614,0.143980810,14.863519989,15.422934780
E1,Diving_v_Diving_g02_c01,Diving,Shifted-RAT-fusion,shifted_rat_fusion_r3_c4,42,20,3,4,131.893661218,8.000000000,0.000100000,0.081869500,0.080641769,0.075150650,14.636238403,15.161025067
E1,Diving_v_Diving_g02_c01,Diving,VideoMAE-only,videomae_only,42,20,,,131.893661218,8.000000000,0.000100000,0.195748738,0.136266800,0.139096201,13.920179587,14.373890030
E1,Diving_v_Diving_g03_c01,Diving,RAT+traj,rat_traj,0,20,,,157.053755300,8.000000000,0.000100000,0.119763695,0.107976387,0.108046706,14.542894959,14.863051597
E1,Diving_v_Diving_g03_c01,Diving,Motion-reference,motion_reference,0,20,,,157.053755300,8.000000000,0.000100000,0.777235678,0.704122659,0.770580011,14.810950461,15.143978974
E1,Diving_v_Diving_g03_c01,Diving,Random,random,0,20,,,157.053755300,8.000000000,0.000100000,0.110205835,0.103010857,0.099379006,14.503427292,14.795662355
E1,Diving_v_Diving_g03_c01,Diving,Shifted-RAT+traj,shifted_rat_traj_r3_c4,0,20,3,4,157.053755300,8.000000000,0.000100000,0.087478393,0.087786734,0.085316613,14.782715205,15.070962404
E1,Diving_v_Diving_g03_c01,Diving,RAT-fusion,rat_fusion,0,20,,,157.053755300,8.000000000,0.000100000,0.132463152,0.126090765,0.127678987,14.535384482,14.841647645
E1,Diving_v_Diving_g03_c01,Diving,Shifted-RAT-fusion,shifted_rat_fusion_r3_c4,0,20,3,4,157.053755300,8.000000000,0.000100000,0.079956392,0.078809926,0.075690319,14.676545241,14.968918396
E1,Diving_v_Diving_g03_c01,Diving,VideoMAE-only,videomae_only,0,20,,,157.053755300,8.000000000,0.000100000,0.301806131,0.281694624,0.301673697,14.974957015,15.288530869
E1,Diving_v_Diving_g03_c01,Diving,RAT+traj,rat_traj,1,20,,,157.053755300,8.000000000,0.000100000,0.110057908,0.098663298,0.098573977,14.508910356,14.833489963
E1,Diving_v_Diving_g03_c01,Diving,Motion-reference,motion_reference,1,20,,,157.053755300,8.000000000,0.000100000,0.777235678,0.707172568,0.774929490,14.831018793,15.165714648
E1,Diving_v_Diving_g03_c01,Diving,Random,random,1,20,,,157.053755300,8.000000000,0.000100000,0.091591313,0.087178300,0.082225278,14.423770587,14.716702218
E1,Diving_v_Diving_g03_c01,Diving,Shifted-RAT+traj,shifted_rat_traj_r3_c4,1,20,3,4,157.053755300,8.000000000,0.000100000,0.084021353,0.083279162,0.081059452,14.731558607,15.023702876
E1,Diving_v_Diving_g03_c01,Diving,RAT-fusion,rat_fusion,1,20,,,157.053755300,8.000000000,0.000100000,0.132463152,0.122745575,0.124306557,14.528268278,14.838340858
E1,Diving_v_Diving_g03_c01,Diving,Shifted-RAT-fusion,shifted_rat_fusion_r3_c4,1,20,3,4,157.053755300,8.000000000,0.000100000,0.079956392,0.077616555,0.074868646,14.661032419,14.956864711
E1,Diving_v_Diving_g03_c01,Diving,VideoMAE-only,videomae_only,1,20,,,157.053755300,8.000000000,0.000100000,0.301806131,0.278069220,0.298063772,14.949460945,15.263195471
E1,Diving_v_Diving_g03_c01,Diving,RAT+traj,rat_traj,2,20,,,157.053755300,8.000000000,0.000100000,0.112018789,0.102862910,0.103491423,14.510384562,14.829590828
E1,Diving_v_Diving_g03_c01,Diving,Motion-reference,motion_reference,2,20,,,157.053755300,8.000000000,0.000100000,0.777235678,0.703720568,0.770929672,14.851700371,15.179059814
E1,Diving_v_Diving_g03_c01,Diving,Random,random,2,20,,,157.053755300,8.000000000,0.000100000,0.101451781,0.098230470,0.093495228,14.524884295,14.816658600
E1,Diving_v_Diving_g03_c01,Diving,Shifted-RAT+traj,shifted_rat_traj_r3_c4,2,20,3,4,157.053755300,8.000000000,0.000100000,0.080059738,0.080674930,0.078988109,14.766268395,15.056017322
E1,Diving_v_Diving_g03_c01,Diving,RAT-fusion,rat_fusion,2,20,,,157.053755300,8.000000000,0.000100000,0.132463152,0.122356700,0.125338402,14.528863870,14.832675042
E1,Diving_v_Diving_g03_c01,Diving,Shifted-RAT-fusion,shifted_rat_fusion_r3_c4,2,20,3,4,157.053755300,8.000000000,0.000100000,0.079956392,0.077220937,0.075231733,14.662551556,14.951399391
E1,Diving_v_Diving_g03_c01,Diving,VideoMAE-only,videomae_only,2,20,,,157.053755300,8.000000000,0.000100000,0.301806131,0.282521974,0.303302849,14.980186482,15.290353241
E1,Diving_v_Diving_g03_c01,Diving,RAT+traj,rat_traj,3,20,,,157.053755300,8.000000000,0.000100000,0.113395391,0.104546364,0.104967540,14.533379751,14.853806076
E1,Diving_v_Diving_g03_c01,Diving,Motion-reference,motion_reference,3,20,,,157.053755300,8.000000000,0.000100000,0.777235678,0.702808343,0.770624166,14.825014805,15.156029096
E1,Diving_v_Diving_g03_c01,Diving,Random,random,3,20,,,157.053755300,8.000000000,0.000100000,0.099825932,0.095113919,0.090204539,14.532729127,14.829813622
E1,Diving_v_Diving_g03_c01,Diving,Shifted-RAT+traj,shifted_rat_traj_r3_c4,3,20,3,4,157.053755300,8.000000000,0.000100000,0.085652606,0.085978349,0.084283370,14.774951419,15.070577357
E1,Diving_v_Diving_g03_c01,Diving,RAT-fusion,rat_fusion,3,20,,,157.053755300,8.000000000,0.000100000,0.132463152,0.126836562,0.129393346,14.472944288,14.781470182
E1,Diving_v_Diving_g03_c01,Diving,Shifted-RAT-fusion,shifted_rat_fusion_r3_c4,3,20,3,4,157.053755300,8.000000000,0.000100000,0.079956392,0.078346771,0.075894060,14.682721703,14.977609740
E1,Diving_v_Diving_g03_c01,Diving,VideoMAE-only,videomae_only,3,20,,,157.053755300,8.000000000,0.000100000,0.301806131,0.282239598,0.303804787,14.958336028,15.271369583
E1,Diving_v_Diving_g03_c01,Diving,RAT+traj,rat_traj,4,20,,,157.053755300,8.000000000,0.000100000,0.116610614,0.105058549,0.103662600,14.471701477,14.798464015
E1,Diving_v_Diving_g03_c01,Diving,Motion-reference,motion_reference,4,20,,,157.053755300,8.000000000,0.000100000,0.777235678,0.704323490,0.770481507,14.816789848,15.151389644
E1,Diving_v_Diving_g03_c01,Diving,Random,random,4,20,,,157.053755300,8.000000000,0.000100000,0.102500782,0.092902771,0.089091505,14.484573116,14.779890976
E1,Diving_v_Diving_g03_c01,Diving,Shifted-RAT+traj,shifted_rat_traj_r3_c4,4,20,3,4,157.053755300,8.000000000,0.000100000,0.090297793,0.093621847,0.090229406,14.741901284,15.034006660
E1,Diving_v_Diving_g03_c01,Diving,RAT-fusion,rat_fusion,4,20,,,157.053755300,8.000000000,0.000100000,0.132463152,0.125687214,0.125774430,14.487476783,14.795795206
E1,Diving_v_Diving_g03_c01,Diving,Shifted-RAT-fusion,shifted_rat_fusion_r3_c4,4,20,3,4,157.053755300,8.000000000,0.000100000,0.079956392,0.078334890,0.073733890,14.668604791,14.963858223
E1,Diving_v_Diving_g03_c01,Diving,VideoMAE-only,videomae_only,4,20,,,157.053755300,8.000000000,0.000100000,0.301806131,0.280859097,0.299837061,14.962648016,15.279144706
E1,Diving_v_Diving_g03_c01,Diving,RAT+traj,rat_traj,5,20,,,157.053755300,8.000000000,0.000100000,0.118193909,0.106293094,0.107449093,14.497289776,14.818143062
E1,Diving_v_Diving_g03_c01,Diving,Motion-reference,motion_reference,5,20,,,157.053755300,8.000000000,0.000100000,0.777235678,0.705687548,0.773640493,14.847968584,15.176938408
E1,Diving_v_Diving_g03_c01,Diving,Random,random,5,20,,,157.053755300,8.000000000,0.000100000,0.100046810,0.096525050,0.091738989,14.505172597,14.797927734
E1,Diving_v_Diving_g03_c01,Diving,Shifted-RAT+traj,shifted_rat_traj_r3_c4,5,20,3,4,157.053755300,8.000000000,0.000100000,0.087843146,0.088332687,0.087183903,14.817270026,15.110321271
E1,Diving_v_Diving_g03_c01,Diving,RAT-fusion,rat_fusion,5,20,,,157.053755300,8.000000000,0.000100000,0.132463152,0.121842255,0.124034811,14.504701600,14.807957445
E1,Diving_v_Diving_g03_c01,Diving,Shifted-RAT-fusion,shifted_rat_fusion_r3_c4,5,20,3,4,157.053755300,8.000000000,0.000100000,0.079956392,0.079112455,0.077510033,14.656666679,14.947666485
E1,Diving_v_Diving_g03_c01,Diving,VideoMAE-only,videomae_only,5,20,,,157.053755300,8.000000000,0.000100000,0.301806131,0.280883321,0.302201209,14.987152124,15.297154563
E1,Diving_v_Diving_g03_c01,Diving,RAT+traj,rat_traj,6,20,,,157.053755300,8.000000000,0.000100000,0.115217801,0.102225095,0.101996290,14.489495797,14.809279977
E1,Diving_v_Diving_g03_c01,Diving,Motion-reference,motion_reference,6,20,,,157.053755300,8.000000000,0.000100000,0.777235678,0.705795983,0.772302736,14.828623326,15.161066015
E1,Diving_v_Diving_g03_c01,Diving,Random,random,6,20,,,157.053755300,8.000000000,0.000100000,0.100936400,0.098656852,0.093997207,14.410544280,14.701590229
E1,Diving_v_Diving_g03_c01,Diving,Shifted-RAT+traj,shifted_rat_traj_r3_c4,6,20,3,4,157.053755300,8.000000000,0.000100000,0.095681266,0.095672800,0.094372186,14.807187284,15.101176067
E1,Diving_v_Diving_g03_c01,Diving,RAT-fusion,rat_fusion,6,20,,,157.053755300,8.000000000,0.000100000,0.132463152,0.123129781,0.124631492,14.497153734,14.804026670
E1,Diving_v_Diving_g03_c01,Diving,Shifted-RAT-fusion,shifted_rat_fusion_r3_c4,6,20,3,4,157.053755300,8.000000000,0.000100000,0.079956392,0.078877210,0.076334151,14.689463278,14.984483516
E1,Diving_v_Diving_g03_c01,Diving,VideoMAE-only,videomae_only,6,20,,,157.053755300,8.000000000,0.000100000,0.301806131,0.281899719,0.301944197,14.947549779,15.260565261
E1,Diving_v_Diving_g03_c01,Diving,RAT+traj,rat_traj,7,20,,,157.053755300,8.000000000,0.000100000,0.110280812,0.100798469,0.100138073,14.491146291,14.815999610
E1,Diving_v_Diving_g03_c01,Diving,Motion-reference,motion_reference,7,20,,,157.053755300,8.000000000,0.000100000,0.777235678,0.703253269,0.770320031,14.829208684,15.170414079
E1,Diving_v_Diving_g03_c01,Diving,Random,random,7,20,,,157.053755300,8.000000000,0.000100000,0.093510990,0.089311331,0.085001234,14.497498159,14.796983051
E1,Diving_v_Diving_g03_c01,Diving,Shifted-RAT+traj,shifted_rat_traj_r3_c4,7,20,3,4,157.053755300,8.000000000,0.000100000,0.089550051,0.090226275,0.087855883,14.716863834,15.014176080
E1,Diving_v_Diving_g03_c01,Diving,RAT-fusion,rat_fusion,7,20,,,157.053755300,8.000000000,0.000100000,0.132463152,0.125287977,0.126730926,14.549366500,14.863839452
E1,Diving_v_Diving_g03_c01,Diving,Shifted-RAT-fusion,shifted_rat_fusion_r3_c4,7,20,3,4,157.053755300,8.000000000,0.000100000,0.079956392,0.080769585,0.077701954,14.662378784,14.961418125
E1,Diving_v_Diving_g03_c01,Diving,VideoMAE-only,videomae_only,7,20,,,157.053755300,8.000000000,0.000100000,0.301806131,0.283044303,0.303038883,14.939388421,15.257828459
E1,Diving_v_Diving_g03_c01,Diving,RAT+traj,rat_traj,8,20,,,157.053755300,8.000000000,0.000100000,0.109350694,0.097737576,0.096747736,14.431816354,14.752392400
E1,Diving_v_Diving_g03_c01,Diving,Motion-reference,motion_reference,8,20,,,157.053755300,8.000000000,0.000100000,0.777235678,0.707142151,0.773925586,14.816099898,15.147856433
E1,Diving_v_Diving_g03_c01,Diving,Random,random,8,20,,,157.053755300,8.000000000,0.000100000,0.099334192,0.090819130,0.086898051,14.484372061,14.782891313
E1,Diving_v_Diving_g03_c01,Diving,Shifted-RAT+traj,shifted_rat_traj_r3_c4,8,20,3,4,157.053755300,8.000000000,0.000100000,0.085839035,0.087975804,0.085477511,14.782264381,15.070702262
E1,Diving_v_Diving_g03_c01,Diving,RAT-fusion,rat_fusion,8,20,,,157.053755300,8.000000000,0.000100000,0.132463152,0.123473854,0.124803547,14.508533237,14.816053559
E1,Diving_v_Diving_g03_c01,Diving,Shifted-RAT-fusion,shifted_rat_fusion_r3_c4,8,20,3,4,157.053755300,8.000000000,0.000100000,0.079956392,0.078564134,0.075702650,14.669572789,14.964344880
E1,Diving_v_Diving_g03_c01,Diving,VideoMAE-only,videomae_only,8,20,,,157.053755300,8.000000000,0.000100000,0.301806131,0.283192398,0.303710799,14.929233002,15.240584491
E1,Diving_v_Diving_g03_c01,Diving,RAT+traj,rat_traj,42,20,,,157.053755300,8.000000000,0.000100000,0.101127557,0.093449292,0.092177908,14.431627159,14.763872643
E1,Diving_v_Diving_g03_c01,Diving,Motion-reference,motion_reference,42,20,,,157.053755300,8.000000000,0.000100000,0.777235678,0.706537199,0.773929843,14.841821628,15.177535242
E1,Diving_v_Diving_g03_c01,Diving,Random,random,42,20,,,157.053755300,8.000000000,0.000100000,0.107908571,0.099977571,0.096365405,14.517114791,14.816897424
E1,Diving_v_Diving_g03_c01,Diving,Shifted-RAT+traj,shifted_rat_traj_r3_c4,42,20,3,4,157.053755300,8.000000000,0.000100000,0.090393710,0.087210730,0.084817638,14.687644330,14.982341608
E1,Diving_v_Diving_g03_c01,Diving,RAT-fusion,rat_fusion,42,20,,,157.053755300,8.000000000,0.000100000,0.132463152,0.122382625,0.123905203,14.553737136,14.866941612
E1,Diving_v_Diving_g03_c01,Diving,Shifted-RAT-fusion,shifted_rat_fusion_r3_c4,42,20,3,4,157.053755300,8.000000000,0.000100000,0.079956392,0.078505486,0.075394540,14.703076497,15.001936358
E1,Diving_v_Diving_g03_c01,Diving,VideoMAE-only,videomae_only,42,20,,,157.053755300,8.000000000,0.000100000,0.301806131,0.282197987,0.301899189,14.927663525,15.243283187
E1,Diving_v_Diving_g04_c01,Diving,RAT+traj,rat_traj,0,20,,,117.307142909,8.000000000,0.000100000,0.195677012,0.197431950,0.199566368,15.200516534,15.457256749
E1,Diving_v_Diving_g04_c01,Diving,Motion-reference,motion_reference,0,20,,,117.307142909,8.000000000,0.000100000,0.790756613,0.727537550,0.782427563,15.097770116,15.404998370
E1,Diving_v_Diving_g04_c01,Diving,Random,random,0,20,,,117.307142909,8.000000000,0.000100000,0.092146119,0.100480397,0.093419576,15.312417030,15.569012008
E1,Diving_v_Diving_g04_c01,Diving,Shifted-RAT+traj,shifted_rat_traj_r3_c4,0,20,3,4,117.307142909,8.000000000,0.000100000,0.028245221,0.044419252,0.030392049,15.502003127,15.762248418
E1,Diving_v_Diving_g04_c01,Diving,RAT-fusion,rat_fusion,0,20,,,117.307142909,8.000000000,0.000100000,0.204834436,0.198865898,0.201815766,15.202534864,15.454526438
E1,Diving_v_Diving_g04_c01,Diving,Shifted-RAT-fusion,shifted_rat_fusion_r3_c4,0,20,3,4,117.307142909,8.000000000,0.000100000,0.056165368,0.070727697,0.059649452,15.475500397,15.734866055
E1,Diving_v_Diving_g04_c01,Diving,VideoMAE-only,videomae_only,0,20,,,117.307142909,8.000000000,0.000100000,0.045192353,0.058606435,0.046196094,15.535036439,15.818249668
E1,Diving_v_Diving_g04_c01,Diving,RAT+traj,rat_traj,1,20,,,117.307142909,8.000000000,0.000100000,0.173059164,0.170326913,0.168725791,15.232806037,15.490956202
E1,Diving_v_Diving_g04_c01,Diving,Motion-reference,motion_reference,1,20,,,117.307142909,8.000000000,0.000100000,0.790756613,0.726147955,0.782301199,15.113400805,15.426530235
E1,Diving_v_Diving_g04_c01,Diving,Random,random,1,20,,,117.307142909,8.000000000,0.000100000,0.111760053,0.122149210,0.116652682,15.276624773,15.534619633
E1,Diving_v_Diving_g04_c01,Diving,Shifted-RAT+traj,shifted_rat_traj_r3_c4,1,20,3,4,117.307142909,8.000000000,0.000100000,0.031263582,0.045376737,0.032097430,15.514342757,15.777449251
E1,Diving_v_Diving_g04_c01,Diving,RAT-fusion,rat_fusion,1,20,,,117.307142909,8.000000000,0.000100000,0.204834436,0.200571810,0.203253528,15.195593338,15.448734571
E1,Diving_v_Diving_g04_c01,Diving,Shifted-RAT-fusion,shifted_rat_fusion_r3_c4,1,20,3,4,117.307142909,8.000000000,0.000100000,0.056165368,0.067145117,0.055939630,15.473178856,15.733976242
E1,Diving_v_Diving_g04_c01,Diving,VideoMAE-only,videomae_only,1,20,,,117.307142909,8.000000000,0.000100000,0.045192353,0.058873632,0.047765630,15.524420828,15.810208171
E1,Diving_v_Diving_g04_c01,Diving,RAT+traj,rat_traj,2,20,,,117.307142909,8.000000000,0.000100000,0.190304882,0.187603361,0.188001413,15.161501768,15.413056516
E1,Diving_v_Diving_g04_c01,Diving,Motion-reference,motion_reference,2,20,,,117.307142909,8.000000000,0.000100000,0.790756613,0.723284028,0.775284925,15.078779719,15.374487005
E1,Diving_v_Diving_g04_c01,Diving,Random,random,2,20,,,117.307142909,8.000000000,0.000100000,0.114225791,0.124627172,0.120822288,15.265073341,15.510221457
E1,Diving_v_Diving_g04_c01,Diving,Shifted-RAT+traj,shifted_rat_traj_r3_c4,2,20,3,4,117.307142909,8.000000000,0.000100000,0.030792829,0.045480946,0.031839719,15.442065354,15.689039042
E1,Diving_v_Diving_g04_c01,Diving,RAT-fusion,rat_fusion,2,20,,,117.307142909,8.000000000,0.000100000,0.204834436,0.203610186,0.205368617,15.181077313,15.426381829
E1,Diving_v_Diving_g04_c01,Diving,Shifted-RAT-fusion,shifted_rat_fusion_r3_c4,2,20,3,4,117.307142909,8.000000000,0.000100000,0.056165368,0.070716764,0.059095892,15.449735967,15.705996757
E1,Diving_v_Diving_g04_c01,Diving,VideoMAE-only,videomae_only,2,20,,,117.307142909,8.000000000,0.000100000,0.045192353,0.057966598,0.046048642,15.515934268,15.792964291
E1,Diving_v_Diving_g04_c01,Diving,RAT+traj,rat_traj,3,20,,,117.307142909,8.000000000,0.000100000,0.194176861,0.190628262,0.190460308,15.233336967,15.488927800
E1,Diving_v_Diving_g04_c01,Diving,Motion-reference,motion_reference,3,20,,,117.307142909,8.000000000,0.000100000,0.790756613,0.718740997,0.772687915,15.090716520,15.403511386
E1,Diving_v_Diving_g04_c01,Diving,Random,random,3,20,,,117.307142909,8.000000000,0.000100000,0.099284478,0.110713710,0.103547783,15.319409077,15.575979109
E1,Diving_v_Diving_g04_c01,Diving,Shifted-RAT+traj,shifted_rat_traj_r3_c4,3,20,3,4,117.307142909,8.000000000,0.000100000,0.041675546,0.058354726,0.045744723,15.456327256,15.708824693
E1,Diving_v_Diving_g04_c01,Diving,RAT-fusion,rat_fusion,3,20,,,117.307142909,8.000000000,0.000100000,0.204834436,0.200077654,0.202035738,15.158561129,15.410231047
E1,Diving_v_Diving_g04_c01,Diving,Shifted-RAT-fusion,shifted_rat_fusion_r3_c4,3,20,3,4,117.307142909,8.000000000,0.000100000,0.056165368,0.068903872,0.057460928,15.465278596,15.723279175
E1,Diving_v_Diving_g04_c01,Diving,VideoMAE-only,videomae_only,3,20,,,117.307142909,8.000000000,0.000100000,0.045192353,0.058971363,0.046750966,15.533613977,15.817603736
E1,Diving_v_Diving_g04_c01,Diving,RAT+traj,rat_traj,4,20,,,117.307142909,8.000000000,0.000100000,0.181361766,0.180528543,0.181291285,15.190872457,15.450063310
E1,Diving_v_Diving_g04_c01,Diving,Motion-reference,motion_reference,4,20,,,117.307142909,8.000000000,0.000100000,0.790756613,0.723815646,0.780727855,15.102677329,15.412947149
E1,Diving_v_Diving_g04_c01,Diving,Random,random,4,20,,,117.307142909,8.000000000,0.000100000,0.096988501,0.102956568,0.096482461,15.297394495,15.551835531
E1,Diving_v_Diving_g04_c01,Diving,Shifted-RAT+traj,shifted_rat_traj_r3_c4,4,20,3,4,117.307142909,8.000000000,0.000100000,0.035029612,0.049634471,0.037393944,15.461637728,15.721215588
E1,Diving_v_Diving_g04_c01,Diving,RAT-fusion,rat_fusion,4,20,,,117.307142909,8.000000000,0.000100000,0.204834436,0.206918255,0.211518180,15.189778080,15.445197254
E1,Diving_v_Diving_g04_c01,Diving,Shifted-RAT-fusion,shifted_rat_fusion_r3_c4,4,20,3,4,117.307142909,8.000000000,0.000100000,0.056165368,0.069709255,0.059060366,15.454811628,15.716581157
E1,Diving_v_Diving_g04_c01,Diving,VideoMAE-only,videomae_only,4,20,,,117.307142909,8.000000000,0.000100000,0.045192353,0.060297840,0.048852392,15.533855992,15.821662469
E1,Diving_v_Diving_g04_c01,Diving,RAT+traj,rat_traj,5,20,,,117.307142909,8.000000000,0.000100000,0.187226322,0.187578897,0.188502804,15.180045564,15.433634550
E1,Diving_v_Diving_g04_c01,Diving,Motion-reference,motion_reference,5,20,,,117.307142909,8.000000000,0.000100000,0.790756613,0.724019541,0.778441168,15.081473696,15.379324142
E1,Diving_v_Diving_g04_c01,Diving,Random,random,5,20,,,117.307142909,8.000000000,0.000100000,0.109573637,0.115695022,0.110449989,15.297959262,15.549296020
E1,Diving_v_Diving_g04_c01,Diving,Shifted-RAT+traj,shifted_rat_traj_r3_c4,5,20,3,4,117.307142909,8.000000000,0.000100000,0.038352579,0.054769930,0.041237200,15.494903339,15.751733421
E1,Diving_v_Diving_g04_c01,Diving,RAT-fusion,rat_fusion,5,20,,,117.307142909,8.000000000,0.000100000,0.204834436,0.203290858,0.205105541,15.180860351,15.428430892
E1,Diving_v_Diving_g04_c01,Diving,Shifted-RAT-fusion,shifted_rat_fusion_r3_c4,5,20,3,4,117.307142909,8.000000000,0.000100000,0.056165368,0.069003854,0.057558429,15.410437110,15.666264763
E1,Diving_v_Diving_g04_c01,Diving,VideoMAE-only,videomae_only,5,20,,,117.307142909,8.000000000,0.000100000,0.045192353,0.057311973,0.045416602,15.542803875,15.821955170
E1,Diving_v_Diving_g04_c01,Diving,RAT+traj,rat_traj,6,20,,,117.307142909,8.000000000,0.000100000,0.182475442,0.182858510,0.183570583,15.210104249,15.462962525
E1,Diving_v_Diving_g04_c01,Diving,Motion-reference,motion_reference,6,20,,,117.307142909,8.000000000,0.000100000,0.790756613,0.726969190,0.782437309,15.081771818,15.384185989
E1,Diving_v_Diving_g04_c01,Diving,Random,random,6,20,,,117.307142909,8.000000000,0.000100000,0.101894693,0.112587070,0.106635889,15.239584522,15.491071515
E1,Diving_v_Diving_g04_c01,Diving,Shifted-RAT+traj,shifted_rat_traj_r3_c4,6,20,3,4,117.307142909,8.000000000,0.000100000,0.036912626,0.054567596,0.043208553,15.436162743,15.688481212
E1,Diving_v_Diving_g04_c01,Diving,RAT-fusion,rat_fusion,6,20,,,117.307142909,8.000000000,0.000100000,0.204834436,0.202863102,0.205430022,15.204399915,15.456010766
E1,Diving_v_Diving_g04_c01,Diving,Shifted-RAT-fusion,shifted_rat_fusion_r3_c4,6,20,3,4,117.307142909,8.000000000,0.000100000,0.056165368,0.070146644,0.059694329,15.479181498,15.735521711
E1,Diving_v_Diving_g04_c01,Diving,VideoMAE-only,videomae_only,6,20,,,117.307142909,8.000000000,0.000100000,0.045192353,0.058294432,0.046943158,15.538874210,15.825403474
E1,Diving_v_Diving_g04_c01,Diving,RAT+traj,rat_traj,7,20,,,117.307142909,8.000000000,0.000100000,0.175570653,0.179965499,0.180551004,15.225223016,15.491809410
E1,Diving_v_Diving_g04_c01,Diving,Motion-reference,motion_reference,7,20,,,117.307142909,8.000000000,0.000100000,0.790756613,0.724609888,0.782003041,15.090758670,15.409931921
E1,Diving_v_Diving_g04_c01,Diving,Random,random,7,20,,,117.307142909,8.000000000,0.000100000,0.094430057,0.102495312,0.095763077,15.319283375,15.585630560
E1,Diving_v_Diving_g04_c01,Diving,Shifted-RAT+traj,shifted_rat_traj_r3_c4,7,20,3,4,117.307142909,8.000000000,0.000100000,0.042893967,0.056257069,0.044120447,15.504606211,15.773752876
E1,Diving_v_Diving_g04_c01,Diving,RAT-fusion,rat_fusion,7,20,,,117.307142909,8.000000000,0.000100000,0.204834436,0.198529699,0.201829037,15.255928689,15.515237965
E1,Diving_v_Diving_g04_c01,Diving,Shifted-RAT-fusion,shifted_rat_fusion_r3_c4,7,20,3,4,117.307142909,8.000000000,0.000100000,0.056165368,0.069484794,0.058606724,15.460789255,15.728579594
E1,Diving_v_Diving_g04_c01,Diving,VideoMAE-only,videomae_only,7,20,,,117.307142909,8.000000000,0.000100000,0.045192353,0.058335121,0.046724802,15.535756444,15.832560892
E1,Diving_v_Diving_g04_c01,Diving,RAT+traj,rat_traj,8,20,,,117.307142909,8.000000000,0.000100000,0.181644700,0.182892110,0.181810976,15.201452901,15.456878149
E1,Diving_v_Diving_g04_c01,Diving,Motion-reference,motion_reference,8,20,,,117.307142909,8.000000000,0.000100000,0.790756613,0.725321374,0.778278822,15.072143925,15.371285412
E1,Diving_v_Diving_g04_c01,Diving,Random,random,8,20,,,117.307142909,8.000000000,0.000100000,0.098757138,0.105110966,0.098651928,15.304512959,15.554057187
E1,Diving_v_Diving_g04_c01,Diving,Shifted-RAT+traj,shifted_rat_traj_r3_c4,8,20,3,4,117.307142909,8.000000000,0.000100000,0.060256470,0.077389906,0.065674835,15.506397306,15.772298199
E1,Diving_v_Diving_g04_c01,Diving,RAT-fusion,rat_fusion,8,20,,,117.307142909,8.000000000,0.000100000,0.204834436,0.204331797,0.206161400,15.191890478,15.442614217
E1,Diving_v_Diving_g04_c01,Diving,Shifted-RAT-fusion,shifted_rat_fusion_r3_c4,8,20,3,4,117.307142909,8.000000000,0.000100000,0.056165368,0.071122303,0.059670737,15.494168220,15.751161826
E1,Diving_v_Diving_g04_c01,Diving,VideoMAE-only,videomae_only,8,20,,,117.307142909,8.000000000,0.000100000,0.045192353,0.058241276,0.045986910,15.518989622,15.800554039
E1,Diving_v_Diving_g04_c01,Diving,RAT+traj,rat_traj,42,20,,,117.307142909,8.000000000,0.000100000,0.222849492,0.215112778,0.219056518,15.209452061,15.471674323
E1,Diving_v_Diving_g04_c01,Diving,Motion-reference,motion_reference,42,20,,,117.307142909,8.000000000,0.000100000,0.790756613,0.726388395,0.782806637,15.034147507,15.338519688
E1,Diving_v_Diving_g04_c01,Diving,Random,random,42,20,,,117.307142909,8.000000000,0.000100000,0.104815533,0.113491268,0.108106898,15.294687292,15.551825719
E1,Diving_v_Diving_g04_c01,Diving,Shifted-RAT+traj,shifted_rat_traj_r3_c4,42,20,3,4,117.307142909,8.000000000,0.000100000,0.048293789,0.066715316,0.054649753,15.489241721,15.754553201
E1,Diving_v_Diving_g04_c01,Diving,RAT-fusion,rat_fusion,42,20,,,117.307142909,8.000000000,0.000100000,0.204834436,0.203093508,0.206111679,15.165678254,15.422969823
E1,Diving_v_Diving_g04_c01,Diving,Shifted-RAT-fusion,shifted_rat_fusion_r3_c4,42,20,3,4,117.307142909,8.000000000,0.000100000,0.056165368,0.071196266,0.060075816,15.468069037,15.733642873
E1,Diving_v_Diving_g04_c01,Diving,VideoMAE-only,videomae_only,42,20,,,117.307142909,8.000000000,0.000100000,0.045192353,0.058718586,0.047582247,15.517740442,15.806577025
E1,WalkingWithDog_v_WalkingWithDog_g01_c01,WalkingWithDog,RAT+traj,rat_traj,0,20,,,176.513182643,8.000000000,0.000100000,0.223434549,0.205438617,0.209029626,14.311153345,14.705087356
E1,WalkingWithDog_v_WalkingWithDog_g01_c01,WalkingWithDog,Motion-reference,motion_reference,0,20,,,176.513182643,8.000000000,0.000100000,0.782432917,0.726261183,0.780451174,14.429597724,14.824930660
E1,WalkingWithDog_v_WalkingWithDog_g01_c01,WalkingWithDog,Random,random,0,20,,,176.513182643,8.000000000,0.000100000,0.106317451,0.100818339,0.095367235,14.055305236,14.389230426
E1,WalkingWithDog_v_WalkingWithDog_g01_c01,WalkingWithDog,Shifted-RAT+traj,shifted_rat_traj_r3_c4,0,20,3,4,176.513182643,8.000000000,0.000100000,0.023297574,0.031144430,0.019685786,13.695023286,13.997239432
E1,WalkingWithDog_v_WalkingWithDog_g01_c01,WalkingWithDog,RAT-fusion,rat_fusion,0,20,,,176.513182643,8.000000000,0.000100000,0.284778084,0.259839236,0.269471836,14.351282112,14.739347671
E1,WalkingWithDog_v_WalkingWithDog_g01_c01,WalkingWithDog,Shifted-RAT-fusion,shifted_rat_fusion_r3_c4,0,20,3,4,176.513182643,8.000000000,0.000100000,0.040319966,0.044239404,0.033216011,13.827787797,14.136983733
E1,WalkingWithDog_v_WalkingWithDog_g01_c01,WalkingWithDog,VideoMAE-only,videomae_only,0,20,,,176.513182643,8.000000000,0.000100000,0.017364295,0.024547004,0.013138127,13.357111783,13.669648188
E1,WalkingWithDog_v_WalkingWithDog_g01_c01,WalkingWithDog,RAT+traj,rat_traj,1,20,,,176.513182643,8.000000000,0.000100000,0.243855106,0.223083010,0.228863146,14.316154332,14.713814539
E1,WalkingWithDog_v_WalkingWithDog_g01_c01,WalkingWithDog,Motion-reference,motion_reference,1,20,,,176.513182643,8.000000000,0.000100000,0.782432917,0.725702267,0.780895271,14.479170092,14.879480654
E1,WalkingWithDog_v_WalkingWithDog_g01_c01,WalkingWithDog,Random,random,1,20,,,176.513182643,8.000000000,0.000100000,0.100177105,0.097608033,0.091413783,14.074527098,14.410699751
E1,WalkingWithDog_v_WalkingWithDog_g01_c01,WalkingWithDog,Shifted-RAT+traj,shifted_rat_traj_r3_c4,1,20,3,4,176.513182643,8.000000000,0.000100000,0.026297654,0.032482286,0.020814109,13.685547659,13.988939588
E1,WalkingWithDog_v_WalkingWithDog_g01_c01,WalkingWithDog,RAT-fusion,rat_fusion,1,20,,,176.513182643,8.000000000,0.000100000,0.284778084,0.261254910,0.271014790,14.348632781,14.738795357
E1,WalkingWithDog_v_WalkingWithDog_g01_c01,WalkingWithDog,Shifted-RAT-fusion,shifted_rat_fusion_r3_c4,1,20,3,4,176.513182643,8.000000000,0.000100000,0.040319966,0.043234315,0.031944060,13.851452572,14.162767065
E1,WalkingWithDog_v_WalkingWithDog_g01_c01,WalkingWithDog,VideoMAE-only,videomae_only,1,20,,,176.513182643,8.000000000,0.000100000,0.017364295,0.024717482,0.013212869,13.398512223,13.712876880
E1,WalkingWithDog_v_WalkingWithDog_g01_c01,WalkingWithDog,RAT+traj,rat_traj,2,20,,,176.513182643,8.000000000,0.000100000,0.244955724,0.224912346,0.230872742,14.348312365,14.737580151
E1,WalkingWithDog_v_WalkingWithDog_g01_c01,WalkingWithDog,Motion-reference,motion_reference,2,20,,,176.513182643,8.000000000,0.000100000,0.782432917,0.726297730,0.779570976,14.448095779,14.842590445
E1,WalkingWithDog_v_WalkingWithDog_g01_c01,WalkingWithDog,Random,random,2,20,,,176.513182643,8.000000000,0.000100000,0.098491131,0.095059627,0.088531385,14.072862784,14.405143521
E1,WalkingWithDog_v_WalkingWithDog_g01_c01,WalkingWithDog,Shifted-RAT+traj,shifted_rat_traj_r3_c4,2,20,3,4,176.513182643,8.000000000,0.000100000,0.022254742,0.030053968,0.018330504,13.682797659,13.981272786
E1,WalkingWithDog_v_WalkingWithDog_g01_c01,WalkingWithDog,RAT-fusion,rat_fusion,2,20,,,176.513182643,8.000000000,0.000100000,0.284778084,0.259353029,0.268569411,14.347910179,14.732904019
E1,WalkingWithDog_v_WalkingWithDog_g01_c01,WalkingWithDog,Shifted-RAT-fusion,shifted_rat_fusion_r3_c4,2,20,3,4,176.513182643,8.000000000,0.000100000,0.040319966,0.042239243,0.031096224,13.805495246,14.110149791
E1,WalkingWithDog_v_WalkingWithDog_g01_c01,WalkingWithDog,VideoMAE-only,videomae_only,2,20,,,176.513182643,8.000000000,0.000100000,0.017364295,0.024870462,0.013476974,13.341402505,13.649953967
E1,WalkingWithDog_v_WalkingWithDog_g01_c01,WalkingWithDog,RAT+traj,rat_traj,3,20,,,176.513182643,8.000000000,0.000100000,0.231912036,0.210670676,0.215328109,14.265417530,14.654156476
E1,WalkingWithDog_v_WalkingWithDog_g01_c01,WalkingWithDog,Motion-reference,motion_reference,3,20,,,176.513182643,8.000000000,0.000100000,0.782432917,0.721074719,0.775257714,14.495209894,14.894561290
E1,WalkingWithDog_v_WalkingWithDog_g01_c01,WalkingWithDog,Random,random,3,20,,,176.513182643,8.000000000,0.000100000,0.105282645,0.099703323,0.093860012,14.040858401,14.373708097
E1,WalkingWithDog_v_WalkingWithDog_g01_c01,WalkingWithDog,Shifted-RAT+traj,shifted_rat_traj_r3_c4,3,20,3,4,176.513182643,8.000000000,0.000100000,0.022811204,0.030802053,0.018698405,13.765276121,14.064949210
E1,WalkingWithDog_v_WalkingWithDog_g01_c01,WalkingWithDog,RAT-fusion,rat_fusion,3,20,,,176.513182643,8.000000000,0.000100000,0.284778084,0.258701963,0.268074462,14.343869311,14.730317547
E1,WalkingWithDog_v_WalkingWithDog_g01_c01,WalkingWithDog,Shifted-RAT-fusion,shifted_rat_fusion_r3_c4,3,20,3,4,176.513182643,8.000000000,0.000100000,0.040319966,0.043962363,0.032843700,13.838931883,14.146000655
E1,WalkingWithDog_v_WalkingWithDog_g01_c01,WalkingWithDog,VideoMAE-only,videomae_only,3,20,,,176.513182643,8.000000000,0.000100000,0.017364295,0.025356704,0.014061515,13.358741732,13.668230813
E1,WalkingWithDog_v_WalkingWithDog_g01_c01,WalkingWithDog,RAT+traj,rat_traj,4,20,,,176.513182643,8.000000000,0.000100000,0.256143824,0.233981203,0.241114165,14.345184727,14.745987409
E1,WalkingWithDog_v_WalkingWithDog_g01_c01,WalkingWithDog,Motion-reference,motion_reference,4,20,,,176.513182643,8.000000000,0.000100000,0.782432917,0.722233604,0.777223947,14.481863725,14.883675080
E1,WalkingWithDog_v_WalkingWithDog_g01_c01,WalkingWithDog,Random,random,4,20,,,176.513182643,8.000000000,0.000100000,0.103011317,0.097447864,0.091453435,14.079780890,14.415972883
E1,WalkingWithDog_v_WalkingWithDog_g01_c01,WalkingWithDog,Shifted-RAT+traj,shifted_rat_traj_r3_c4,4,20,3,4,176.513182643,8.000000000,0.000100000,0.022700982,0.030099160,0.018503763,13.663552545,13.961878884
E1,WalkingWithDog_v_WalkingWithDog_g01_c01,WalkingWithDog,RAT-fusion,rat_fusion,4,20,,,176.513182643,8.000000000,0.000100000,0.284778084,0.260756975,0.270396294,14.317173317,14.706400063
E1,WalkingWithDog_v_WalkingWithDog_g01_c01,WalkingWithDog,Shifted-RAT-fusion,shifted_rat_fusion_r3_c4,4,20,3,4,176.513182643,8.000000000,0.000100000,0.040319966,0.044236336,0.033314393,13.836545098,14.147174269
E1,WalkingWithDog_v_WalkingWithDog_g01_c01,WalkingWithDog,VideoMAE-only,videomae_only,4,20,,,176.513182643,8.000000000,0.000100000,0.017364295,0.023767468,0.012447517,13.329879181,13.641302601
E1,WalkingWithDog_v_WalkingWithDog_g01_c01,WalkingWithDog,RAT+traj,rat_traj,5,20,,,176.513182643,8.000000000,0.000100000,0.245092164,0.227126891,0.233378563,14.348572721,14.747873664
E1,WalkingWithDog_v_WalkingWithDog_g01_c01,WalkingWithDog,Motion-reference,motion_reference,5,20,,,176.513182643,8.000000000,0.000100000,0.782432917,0.725816314,0.780308027,14.450070361,14.846452937
E1,WalkingWithDog_v_WalkingWithDog_g01_c01,WalkingWithDog,Random,random,5,20,,,176.513182643,8.000000000,0.000100000,0.096902004,0.093814030,0.087274006,14.023120400,14.354350883
E1,WalkingWithDog_v_WalkingWithDog_g01_c01,WalkingWithDog,Shifted-RAT+traj,shifted_rat_traj_r3_c4,5,20,3,4,176.513182643,8.000000000,0.000100000,0.020746943,0.028379524,0.016548592,13.662853808,13.960730617
E1,WalkingWithDog_v_WalkingWithDog_g01_c01,WalkingWithDog,RAT-fusion,rat_fusion,5,20,,,176.513182643,8.000000000,0.000100000,0.284778084,0.260836299,0.270702173,14.356701878,14.743729176
E1,WalkingWithDog_v_WalkingWithDog_g01_c01,WalkingWithDog,Shifted-RAT-fusion,shifted_rat_fusion_r3_c4,5,20,3,4,176.513182643,8.000000000,0.000100000,0.040319966,0.042894415,0.031961310,13.786160888,14.094055001
E1,WalkingWithDog_v_WalkingWithDog_g01_c01,WalkingWithDog,VideoMAE-only,videomae_only,5,20,,,176.513182643,8.000000000,0.000100000,0.017364295,0.024713008,0.013418752,13.339798004,13.650387548
E1,WalkingWithDog_v_WalkingWithDog_g01_c01,WalkingWithDog,RAT+traj,rat_traj,6,20,,,176.513182643,8.000000000,0.000100000,0.239728190,0.222113390,0.228366064,14.354080127,14.748630054
E1,WalkingWithDog_v_WalkingWithDog_g01_c01,WalkingWithDog,Motion-reference,motion_reference,6,20,,,176.513182643,8.000000000,0.000100000,0.782432917,0.725061669,0.780031493,14.497605828,14.901860334
E1,WalkingWithDog_v_WalkingWithDog_g01_c01,WalkingWithDog,Random,random,6,20,,,176.513182643,8.000000000,0.000100000,0.102156826,0.096085875,0.089337395,14.065356479,14.400787940
E1,WalkingWithDog_v_WalkingWithDog_g01_c01,WalkingWithDog,Shifted-RAT+traj,shifted_rat_traj_r3_c4,6,20,3,4,176.513182643,8.000000000,0.000100000,0.022818160,0.030662497,0.018761085,13.750207309,14.049721081
E1,WalkingWithDog_v_WalkingWithDog_g01_c01,WalkingWithDog,RAT-fusion,rat_fusion,6,20,,,176.513182643,8.000000000,0.000100000,0.284778084,0.261172331,0.270575092,14.308055033,14.693541257
E1,WalkingWithDog_v_WalkingWithDog_g01_c01,WalkingWithDog,Shifted-RAT-fusion,shifted_rat_fusion_r3_c4,6,20,3,4,176.513182643,8.000000000,0.000100000,0.040319966,0.043970394,0.032768356,13.916018767,14.226145554
E1,WalkingWithDog_v_WalkingWithDog_g01_c01,WalkingWithDog,VideoMAE-only,videomae_only,6,20,,,176.513182643,8.000000000,0.000100000,0.017364295,0.024732380,0.013256024,13.409536845,13.721291552
E1,WalkingWithDog_v_WalkingWithDog_g01_c01,WalkingWithDog,RAT+traj,rat_traj,7,20,,,176.513182643,8.000000000,0.000100000,0.236660157,0.221247152,0.227052049,14.346683906,14.749206633
E1,WalkingWithDog_v_WalkingWithDog_g01_c01,WalkingWithDog,Motion-reference,motion_reference,7,20,,,176.513182643,8.000000000,0.000100000,0.782432917,0.724369737,0.780622652,14.511119032,14.919400632
E1,WalkingWithDog_v_WalkingWithDog_g01_c01,WalkingWithDog,Random,random,7,20,,,176.513182643,8.000000000,0.000100000,0.102253672,0.098458906,0.092319359,14.044699877,14.384969242
E1,WalkingWithDog_v_WalkingWithDog_g01_c01,WalkingWithDog,Shifted-RAT+traj,shifted_rat_traj_r3_c4,7,20,3,4,176.513182643,8.000000000,0.000100000,0.021137537,0.028943816,0.016796127,13.744840579,14.052331324
E1,WalkingWithDog_v_WalkingWithDog_g01_c01,WalkingWithDog,RAT-fusion,rat_fusion,7,20,,,176.513182643,8.000000000,0.000100000,0.284778084,0.261630979,0.271225728,14.349967928,14.742818499
E1,WalkingWithDog_v_WalkingWithDog_g01_c01,WalkingWithDog,Shifted-RAT-fusion,shifted_rat_fusion_r3_c4,7,20,3,4,176.513182643,8.000000000,0.000100000,0.040319966,0.043912686,0.032719519,13.861814040,14.176181435
E1,WalkingWithDog_v_WalkingWithDog_g01_c01,WalkingWithDog,VideoMAE-only,videomae_only,7,20,,,176.513182643,8.000000000,0.000100000,0.017364295,0.024876200,0.013370749,13.428091682,13.746441980
E1,WalkingWithDog_v_WalkingWithDog_g01_c01,WalkingWithDog,RAT+traj,rat_traj,8,20,,,176.513182643,8.000000000,0.000100000,0.222051954,0.203893655,0.207828038,14.295481080,14.691039764
E1,WalkingWithDog_v_WalkingWithDog_g01_c01,WalkingWithDog,Motion-reference,motion_reference,8,20,,,176.513182643,8.000000000,0.000100000,0.782432917,0.723699559,0.778718986,14.491121735,14.892889652
E1,WalkingWithDog_v_WalkingWithDog_g01_c01,WalkingWithDog,Random,random,8,20,,,176.513182643,8.000000000,0.000100000,0.104064314,0.099018107,0.092541062,14.061945400,14.398476835
E1,WalkingWithDog_v_WalkingWithDog_g01_c01,WalkingWithDog,Shifted-RAT+traj,shifted_rat_traj_r3_c4,8,20,3,4,176.513182643,8.000000000,0.000100000,0.023931619,0.031656170,0.019870965,13.784961281,14.089051899
E1,WalkingWithDog_v_WalkingWithDog_g01_c01,WalkingWithDog,RAT-fusion,rat_fusion,8,20,,,176.513182643,8.000000000,0.000100000,0.284778084,0.259543533,0.268394548,14.342638911,14.733959117
E1,WalkingWithDog_v_WalkingWithDog_g01_c01,WalkingWithDog,Shifted-RAT-fusion,shifted_rat_fusion_r3_c4,8,20,3,4,176.513182643,8.000000000,0.000100000,0.040319966,0.042870394,0.031544019,13.914942104,14.227365488
E1,WalkingWithDog_v_WalkingWithDog_g01_c01,WalkingWithDog,VideoMAE-only,videomae_only,8,20,,,176.513182643,8.000000000,0.000100000,0.017364295,0.025611617,0.014153439,13.436875005,13.751742710
E1,WalkingWithDog_v_WalkingWithDog_g01_c01,WalkingWithDog,RAT+traj,rat_traj,42,20,,,176.513182643,8.000000000,0.000100000,0.253314963,0.235146340,0.242125214,14.358401066,14.763518605
E1,WalkingWithDog_v_WalkingWithDog_g01_c01,WalkingWithDog,Motion-reference,motion_reference,42,20,,,176.513182643,8.000000000,0.000100000,0.782432917,0.725118128,0.780304198,14.464236186,14.870207910
E1,WalkingWithDog_v_WalkingWithDog_g01_c01,WalkingWithDog,Random,random,42,20,,,176.513182643,8.000000000,0.000100000,0.104828915,0.100335885,0.093269111,14.101900459,14.443404240
E1,WalkingWithDog_v_WalkingWithDog_g01_c01,WalkingWithDog,Shifted-RAT+traj,shifted_rat_traj_r3_c4,42,20,3,4,176.513182643,8.000000000,0.000100000,0.024622917,0.031305005,0.019445280,13.680514293,13.990763869
E1,WalkingWithDog_v_WalkingWithDog_g01_c01,WalkingWithDog,RAT-fusion,rat_fusion,42,20,,,176.513182643,8.000000000,0.000100000,0.284778084,0.261959152,0.271421422,14.348669904,14.742377792
E1,WalkingWithDog_v_WalkingWithDog_g01_c01,WalkingWithDog,Shifted-RAT-fusion,shifted_rat_fusion_r3_c4,42,20,3,4,176.513182643,8.000000000,0.000100000,0.040319966,0.043177171,0.031897626,13.899102752,14.216922433
E1,WalkingWithDog_v_WalkingWithDog_g01_c01,WalkingWithDog,VideoMAE-only,videomae_only,42,20,,,176.513182643,8.000000000,0.000100000,0.017364295,0.024529018,0.012922026,13.426081878,13.744647295
E1,WalkingWithDog_v_WalkingWithDog_g02_c01,WalkingWithDog,RAT+traj,rat_traj,0,20,,,176.513182643,8.000000000,0.000100000,0.311973599,0.275380097,0.301269751,14.452491514,14.926931725
E1,WalkingWithDog_v_WalkingWithDog_g02_c01,WalkingWithDog,Motion-reference,motion_reference,0,20,,,176.513182643,8.000000000,0.000100000,0.778653963,0.672455353,0.760480982,14.474376077,14.927639681
E1,WalkingWithDog_v_WalkingWithDog_g02_c01,WalkingWithDog,Random,random,0,20,,,176.513182643,8.000000000,0.000100000,0.104544412,0.087697160,0.085275301,13.810785749,14.240929009
E1,WalkingWithDog_v_WalkingWithDog_g02_c01,WalkingWithDog,Shifted-RAT+traj,shifted_rat_traj_r3_c4,0,20,3,4,176.513182643,8.000000000,0.000100000,0.062068632,0.062270435,0.055982093,13.524430431,13.938466230
E1,WalkingWithDog_v_WalkingWithDog_g02_c01,WalkingWithDog,RAT-fusion,rat_fusion,0,20,,,176.513182643,8.000000000,0.000100000,0.281167841,0.248204708,0.269421295,14.393533028,14.853419175
E1,WalkingWithDog_v_WalkingWithDog_g02_c01,WalkingWithDog,Shifted-RAT-fusion,shifted_rat_fusion_r3_c4,0,20,3,4,176.513182643,8.000000000,0.000100000,0.059443262,0.058913577,0.052069634,13.611351461,14.013169479
E1,WalkingWithDog_v_WalkingWithDog_g02_c01,WalkingWithDog,VideoMAE-only,videomae_only,0,20,,,176.513182643,8.000000000,0.000100000,0.009549020,0.019077466,0.008762825,13.090822422,13.504797833
E1,WalkingWithDog_v_WalkingWithDog_g02_c01,WalkingWithDog,RAT+traj,rat_traj,1,20,,,176.513182643,8.000000000,0.000100000,0.304127751,0.269796285,0.294151430,14.464221589,14.934659719
E1,WalkingWithDog_v_WalkingWithDog_g02_c01,WalkingWithDog,Motion-reference,motion_reference,1,20,,,176.513182643,8.000000000,0.000100000,0.778653963,0.670937705,0.760562700,14.528322420,14.986846582
E1,WalkingWithDog_v_WalkingWithDog_g02_c01,WalkingWithDog,Random,random,1,20,,,176.513182643,8.000000000,0.000100000,0.102101676,0.086648158,0.084783959,13.752692827,14.182293192
E1,WalkingWithDog_v_WalkingWithDog_g02_c01,WalkingWithDog,Shifted-RAT+traj,shifted_rat_traj_r3_c4,1,20,3,4,176.513182643,8.000000000,0.000100000,0.068503842,0.066997752,0.061589204,13.543192120,13.960998937
E1,WalkingWithDog_v_WalkingWithDog_g02_c01,WalkingWithDog,RAT-fusion,rat_fusion,1,20,,,176.513182643,8.000000000,0.000100000,0.281167841,0.245381011,0.265639479,14.424491148,14.887959474
E1,WalkingWithDog_v_WalkingWithDog_g02_c01,WalkingWithDog,Shifted-RAT-fusion,shifted_rat_fusion_r3_c4,1,20,3,4,176.513182643,8.000000000,0.000100000,0.059443262,0.060415056,0.053807549,13.573039328,13.974020547
E1,WalkingWithDog_v_WalkingWithDog_g02_c01,WalkingWithDog,VideoMAE-only,videomae_only,1,20,,,176.513182643,8.000000000,0.000100000,0.009549020,0.019406866,0.009165488,13.078399218,13.491518206
E1,WalkingWithDog_v_WalkingWithDog_g02_c01,WalkingWithDog,RAT+traj,rat_traj,2,20,,,176.513182643,8.000000000,0.000100000,0.302116648,0.269659075,0.293168238,14.465483961,14.928934996
E1,WalkingWithDog_v_WalkingWithDog_g02_c01,WalkingWithDog,Motion-reference,motion_reference,2,20,,,176.513182643,8.000000000,0.000100000,0.778653963,0.670558736,0.758505697,14.477218298,14.928589771
E1,WalkingWithDog_v_WalkingWithDog_g02_c01,WalkingWithDog,Random,random,2,20,,,176.513182643,8.000000000,0.000100000,0.105203276,0.087371444,0.085112563,13.740890985,14.166047022
E1,WalkingWithDog_v_WalkingWithDog_g02_c01,WalkingWithDog,Shifted-RAT+traj,shifted_rat_traj_r3_c4,2,20,3,4,176.513182643,8.000000000,0.000100000,0.061861045,0.061787721,0.055308540,13.595706369,14.008134512
E1,WalkingWithDog_v_WalkingWithDog_g02_c01,WalkingWithDog,RAT-fusion,rat_fusion,2,20,,,176.513182643,8.000000000,0.000100000,0.281167841,0.242674850,0.262986597,14.412876111,14.869947988
E1,WalkingWithDog_v_WalkingWithDog_g02_c01,WalkingWithDog,Shifted-RAT-fusion,shifted_rat_fusion_r3_c4,2,20,3,4,176.513182643,8.000000000,0.000100000,0.059443262,0.060163284,0.053448408,13.597826548,13.995073366
E1,WalkingWithDog_v_WalkingWithDog_g02_c01,WalkingWithDog,VideoMAE-only,videomae_only,2,20,,,176.513182643,8.000000000,0.000100000,0.009549020,0.019075902,0.008980334,13.039705852,13.448735824
E1,WalkingWithDog_v_WalkingWithDog_g02_c01,WalkingWithDog,RAT+traj,rat_traj,3,20,,,176.513182643,8.000000000,0.000100000,0.298712958,0.264088397,0.288723732,14.524392633,14.989189194
E1,WalkingWithDog_v_WalkingWithDog_g02_c01,WalkingWithDog,Motion-reference,motion_reference,3,20,,,176.513182643,8.000000000,0.000100000,0.778653963,0.671996121,0.759539013,14.476153191,14.930849219
E1,WalkingWithDog_v_WalkingWithDog_g02_c01,WalkingWithDog,Random,random,3,20,,,176.513182643,8.000000000,0.000100000,0.097434411,0.083009068,0.079684289,13.779804721,14.206745113
E1,WalkingWithDog_v_WalkingWithDog_g02_c01,WalkingWithDog,Shifted-RAT+traj,shifted_rat_traj_r3_c4,3,20,3,4,176.513182643,8.000000000,0.000100000,0.063314157,0.063536858,0.057287153,13.578075467,13.989997960
E1,WalkingWithDog_v_WalkingWithDog_g02_c01,WalkingWithDog,RAT-fusion,rat_fusion,3,20,,,176.513182643,8.000000000,0.000100000,0.281167841,0.243351958,0.263470708,14.419145342,14.877171097
E1,WalkingWithDog_v_WalkingWithDog_g02_c01,WalkingWithDog,Shifted-RAT-fusion,shifted_rat_fusion_r3_c4,3,20,3,4,176.513182643,8.000000000,0.000100000,0.059443262,0.062265227,0.055716801,13.620880769,14.019927635
E1,WalkingWithDog_v_WalkingWithDog_g02_c01,WalkingWithDog,VideoMAE-only,videomae_only,3,20,,,176.513182643,8.000000000,0.000100000,0.009549020,0.018665510,0.008557683,13.069877967,13.480587576
E1,WalkingWithDog_v_WalkingWithDog_g02_c01,WalkingWithDog,RAT+traj,rat_traj,4,20,,,176.513182643,8.000000000,0.000100000,0.301411063,0.265225590,0.289558646,14.477255627,14.946105300
E1,WalkingWithDog_v_WalkingWithDog_g02_c01,WalkingWithDog,Motion-reference,motion_reference,4,20,,,176.513182643,8.000000000,0.000100000,0.778653963,0.674025632,0.763502762,14.518869235,14.977882917
E1,WalkingWithDog_v_WalkingWithDog_g02_c01,WalkingWithDog,Random,random,4,20,,,176.513182643,8.000000000,0.000100000,0.101288316,0.084973364,0.082791301,13.731461524,14.159724680
E1,WalkingWithDog_v_WalkingWithDog_g02_c01,WalkingWithDog,Shifted-RAT+traj,shifted_rat_traj_r3_c4,4,20,3,4,176.513182643,8.000000000,0.000100000,0.067258317,0.062074001,0.055781041,13.560738364,13.973240475
E1,WalkingWithDog_v_WalkingWithDog_g02_c01,WalkingWithDog,RAT-fusion,rat_fusion,4,20,,,176.513182643,8.000000000,0.000100000,0.281167841,0.240782457,0.261288370,14.400354801,14.859922276
E1,WalkingWithDog_v_WalkingWithDog_g02_c01,WalkingWithDog,Shifted-RAT-fusion,shifted_rat_fusion_r3_c4,4,20,3,4,176.513182643,8.000000000,0.000100000,0.059443262,0.061250783,0.054771809,13.598904266,13.999571681
E1,WalkingWithDog_v_WalkingWithDog_g02_c01,WalkingWithDog,VideoMAE-only,videomae_only,4,20,,,176.513182643,8.000000000,0.000100000,0.009549020,0.019048571,0.008912203,13.057565119,13.471919881
E1,WalkingWithDog_v_WalkingWithDog_g02_c01,WalkingWithDog,RAT+traj,rat_traj,5,20,,,176.513182643,8.000000000,0.000100000,0.277044762,0.245407240,0.266427588,14.438986966,14.907330025
E1,WalkingWithDog_v_WalkingWithDog_g02_c01,WalkingWithDog,Motion-reference,motion_reference,5,20,,,176.513182643,8.000000000,0.000100000,0.778653963,0.671129927,0.760739893,14.526851209,14.981827388
E1,WalkingWithDog_v_WalkingWithDog_g02_c01,WalkingWithDog,Random,random,5,20,,,176.513182643,8.000000000,0.000100000,0.105448028,0.089224434,0.086518556,13.707361517,14.134751749
E1,WalkingWithDog_v_WalkingWithDog_g02_c01,WalkingWithDog,Shifted-RAT+traj,shifted_rat_traj_r3_c4,5,20,3,4,176.513182643,8.000000000,0.000100000,0.076392163,0.072800896,0.067804253,13.627146555,14.041420430
E1,WalkingWithDog_v_WalkingWithDog_g02_c01,WalkingWithDog,RAT-fusion,rat_fusion,5,20,,,176.513182643,8.000000000,0.000100000,0.281167841,0.243689260,0.263635549,14.432581622,14.894517452
E1,WalkingWithDog_v_WalkingWithDog_g02_c01,WalkingWithDog,Shifted-RAT-fusion,shifted_rat_fusion_r3_c4,5,20,3,4,176.513182643,8.000000000,0.000100000,0.059443262,0.060302936,0.053599569,13.635444496,14.036577111
E1,WalkingWithDog_v_WalkingWithDog_g02_c01,WalkingWithDog,VideoMAE-only,videomae_only,5,20,,,176.513182643,8.000000000,0.000100000,0.009549020,0.018701894,0.008567486,13.086251562,13.499006514
E1,WalkingWithDog_v_WalkingWithDog_g02_c01,WalkingWithDog,RAT+traj,rat_traj,6,20,,,176.513182643,8.000000000,0.000100000,0.298505902,0.261788210,0.285565023,14.466617563,14.936419545
E1,WalkingWithDog_v_WalkingWithDog_g02_c01,WalkingWithDog,Motion-reference,motion_reference,6,20,,,176.513182643,8.000000000,0.000100000,0.778653963,0.669739834,0.756838861,14.465439599,14.915628557
E1,WalkingWithDog_v_WalkingWithDog_g02_c01,WalkingWithDog,Random,random,6,20,,,176.513182643,8.000000000,0.000100000,0.099999788,0.081403000,0.078394003,13.694696382,14.118689750
E1,WalkingWithDog_v_WalkingWithDog_g02_c01,WalkingWithDog,Shifted-RAT+traj,shifted_rat_traj_r3_c4,6,20,3,4,176.513182643,8.000000000,0.000100000,0.064767269,0.066169314,0.060430217,13.527231811,13.935034297
E1,WalkingWithDog_v_WalkingWithDog_g02_c01,WalkingWithDog,RAT-fusion,rat_fusion,6,20,,,176.513182643,8.000000000,0.000100000,0.281167841,0.247098479,0.267568296,14.381486539,14.840089053
E1,WalkingWithDog_v_WalkingWithDog_g02_c01,WalkingWithDog,Shifted-RAT-fusion,shifted_rat_fusion_r3_c4,6,20,3,4,176.513182643,8.000000000,0.000100000,0.059443262,0.061369921,0.054815188,13.598215314,13.998280919
E1,WalkingWithDog_v_WalkingWithDog_g02_c01,WalkingWithDog,VideoMAE-only,videomae_only,6,20,,,176.513182643,8.000000000,0.000100000,0.009549020,0.019064850,0.008764001,13.076913187,13.485433795
E1,WalkingWithDog_v_WalkingWithDog_g02_c01,WalkingWithDog,RAT+traj,rat_traj,7,20,,,176.513182643,8.000000000,0.000100000,0.319867760,0.278340851,0.305344623,14.437479360,14.911674714
E1,WalkingWithDog_v_WalkingWithDog_g02_c01,WalkingWithDog,Motion-reference,motion_reference,7,20,,,176.513182643,8.000000000,0.000100000,0.778653963,0.671004257,0.759122049,14.485503715,14.943232032
E1,WalkingWithDog_v_WalkingWithDog_g02_c01,WalkingWithDog,Random,random,7,20,,,176.513182643,8.000000000,0.000100000,0.096695378,0.080968680,0.078381165,13.685849535,14.114161243
E1,WalkingWithDog_v_WalkingWithDog_g02_c01,WalkingWithDog,Shifted-RAT+traj,shifted_rat_traj_r3_c4,7,20,3,4,176.513182643,8.000000000,0.000100000,0.059785171,0.061026340,0.054601835,13.525342190,13.945622598
E1,WalkingWithDog_v_WalkingWithDog_g02_c01,WalkingWithDog,RAT-fusion,rat_fusion,7,20,,,176.513182643,8.000000000,0.000100000,0.281167841,0.242134609,0.262004592,14.357989747,14.820730142
E1,WalkingWithDog_v_WalkingWithDog_g02_c01,WalkingWithDog,Shifted-RAT-fusion,shifted_rat_fusion_r3_c4,7,20,3,4,176.513182643,8.000000000,0.000100000,0.059443262,0.060769070,0.054219844,13.569762494,13.975304742
E1,WalkingWithDog_v_WalkingWithDog_g02_c01,WalkingWithDog,VideoMAE-only,videomae_only,7,20,,,176.513182643,8.000000000,0.000100000,0.009549020,0.019107616,0.008818545,13.107708712,13.526688857
E1,WalkingWithDog_v_WalkingWithDog_g02_c01,WalkingWithDog,RAT+traj,rat_traj,8,20,,,176.513182643,8.000000000,0.000100000,0.304417630,0.267277790,0.291614389,14.376415888,14.842328905
E1,WalkingWithDog_v_WalkingWithDog_g02_c01,WalkingWithDog,Motion-reference,motion_reference,8,20,,,176.513182643,8.000000000,0.000100000,0.778653963,0.673227049,0.761575800,14.481249019,14.936412251
E1,WalkingWithDog_v_WalkingWithDog_g02_c01,WalkingWithDog,Random,random,8,20,,,176.513182643,8.000000000,0.000100000,0.107781395,0.087114907,0.085018850,13.681771680,14.102701348
E1,WalkingWithDog_v_WalkingWithDog_g02_c01,WalkingWithDog,Shifted-RAT+traj,shifted_rat_traj_r3_c4,8,20,3,4,176.513182643,8.000000000,0.000100000,0.063326368,0.064203463,0.058135255,13.543421306,13.955384506
E1,WalkingWithDog_v_WalkingWithDog_g02_c01,WalkingWithDog,RAT-fusion,rat_fusion,8,20,,,176.513182643,8.000000000,0.000100000,0.281167841,0.241781269,0.261951730,14.431945750,14.895971168
E1,WalkingWithDog_v_WalkingWithDog_g02_c01,WalkingWithDog,Shifted-RAT-fusion,shifted_rat_fusion_r3_c4,8,20,3,4,176.513182643,8.000000000,0.000100000,0.059443262,0.059696224,0.053131238,13.549743242,13.946705916
E1,WalkingWithDog_v_WalkingWithDog_g02_c01,WalkingWithDog,VideoMAE-only,videomae_only,8,20,,,176.513182643,8.000000000,0.000100000,0.009549020,0.018595884,0.008112520,13.087404144,13.501489271
E1,WalkingWithDog_v_WalkingWithDog_g02_c01,WalkingWithDog,RAT+traj,rat_traj,42,20,,,176.513182643,8.000000000,0.000100000,0.305923302,0.265326607,0.289456198,14.443912322,14.923098229
E1,WalkingWithDog_v_WalkingWithDog_g02_c01,WalkingWithDog,Motion-reference,motion_reference,42,20,,,176.513182643,8.000000000,0.000100000,0.778653963,0.672321145,0.760722011,14.486857018,14.947312556
E1,WalkingWithDog_v_WalkingWithDog_g02_c01,WalkingWithDog,Random,random,42,20,,,176.513182643,8.000000000,0.000100000,0.097368047,0.081599971,0.077674391,13.725378993,14.158424327
E1,WalkingWithDog_v_WalkingWithDog_g02_c01,WalkingWithDog,Shifted-RAT+traj,shifted_rat_traj_r3_c4,42,20,3,4,176.513182643,8.000000000,0.000100000,0.062691395,0.062227472,0.056018971,13.497303570,13.914002693
E1,WalkingWithDog_v_WalkingWithDog_g02_c01,WalkingWithDog,RAT-fusion,rat_fusion,42,20,,,176.513182643,8.000000000,0.000100000,0.281167841,0.244992885,0.265062911,14.383382497,14.848128381
E1,WalkingWithDog_v_WalkingWithDog_g02_c01,WalkingWithDog,Shifted-RAT-fusion,shifted_rat_fusion_r3_c4,42,20,3,4,176.513182643,8.000000000,0.000100000,0.059443262,0.061464093,0.054912134,13.606487050,14.015188137
E1,WalkingWithDog_v_WalkingWithDog_g02_c01,WalkingWithDog,VideoMAE-only,videomae_only,42,20,,,176.513182643,8.000000000,0.000100000,0.009549020,0.019026233,0.008761027,13.097490583,13.516893507
E1,WalkingWithDog_v_WalkingWithDog_g03_c01,WalkingWithDog,RAT+traj,rat_traj,0,20,,,176.513182643,8.000000000,0.000100000,0.120046388,0.111559774,0.113409432,14.733276622,14.962753320
E1,WalkingWithDog_v_WalkingWithDog_g03_c01,WalkingWithDog,Motion-reference,motion_reference,0,20,,,176.513182643,8.000000000,0.000100000,0.664930835,0.591938334,0.650475552,15.059676310,15.349854994
E1,WalkingWithDog_v_WalkingWithDog_g03_c01,WalkingWithDog,Random,random,0,20,,,176.513182643,8.000000000,0.000100000,0.099055514,0.096687153,0.094153075,14.857495971,15.116316423
E1,WalkingWithDog_v_WalkingWithDog_g03_c01,WalkingWithDog,Shifted-RAT+traj,shifted_rat_traj_r3_c4,0,20,3,4,176.513182643,8.000000000,0.000100000,0.070097019,0.069202313,0.066542947,14.812781755,15.080604130
E1,WalkingWithDog_v_WalkingWithDog_g03_c01,WalkingWithDog,RAT-fusion,rat_fusion,0,20,,,176.513182643,8.000000000,0.000100000,0.126312693,0.117435155,0.119056781,14.812618248,15.055873060
E1,WalkingWithDog_v_WalkingWithDog_g03_c01,WalkingWithDog,Shifted-RAT-fusion,shifted_rat_fusion_r3_c4,0,20,3,4,176.513182643,8.000000000,0.000100000,0.072927768,0.070680290,0.067961285,14.880192842,15.150891511
E1,WalkingWithDog_v_WalkingWithDog_g03_c01,WalkingWithDog,VideoMAE-only,videomae_only,0,20,,,176.513182643,8.000000000,0.000100000,0.223209701,0.176711070,0.183201176,14.467385442,14.665236225
E1,WalkingWithDog_v_WalkingWithDog_g03_c01,WalkingWithDog,RAT+traj,rat_traj,1,20,,,176.513182643,8.000000000,0.000100000,0.117510874,0.108954382,0.110865066,14.785460387,15.018610391
E1,WalkingWithDog_v_WalkingWithDog_g03_c01,WalkingWithDog,Motion-reference,motion_reference,1,20,,,176.513182643,8.000000000,0.000100000,0.664930835,0.591376360,0.650938882,15.081745290,15.371862752
E1,WalkingWithDog_v_WalkingWithDog_g03_c01,WalkingWithDog,Random,random,1,20,,,176.513182643,8.000000000,0.000100000,0.104773298,0.098907256,0.096706331,14.810888546,15.068240408
E1,WalkingWithDog_v_WalkingWithDog_g03_c01,WalkingWithDog,Shifted-RAT+traj,shifted_rat_traj_r3_c4,1,20,3,4,176.513182643,8.000000000,0.000100000,0.067816383,0.067986708,0.065737059,14.826436867,15.094704403
E1,WalkingWithDog_v_WalkingWithDog_g03_c01,WalkingWithDog,RAT-fusion,rat_fusion,1,20,,,176.513182643,8.000000000,0.000100000,0.126312693,0.118493580,0.121875750,14.859619313,15.104230037
E1,WalkingWithDog_v_WalkingWithDog_g03_c01,WalkingWithDog,Shifted-RAT-fusion,shifted_rat_fusion_r3_c4,1,20,3,4,176.513182643,8.000000000,0.000100000,0.072927768,0.072339672,0.071065543,14.858097524,15.128671782
E1,WalkingWithDog_v_WalkingWithDog_g03_c01,WalkingWithDog,VideoMAE-only,videomae_only,1,20,,,176.513182643,8.000000000,0.000100000,0.223209701,0.179533464,0.187032130,14.493791081,14.695301138
E1,WalkingWithDog_v_WalkingWithDog_g03_c01,WalkingWithDog,RAT+traj,rat_traj,2,20,,,176.513182643,8.000000000,0.000100000,0.108765340,0.102814873,0.104289241,14.762705884,14.997160750
E1,WalkingWithDog_v_WalkingWithDog_g03_c01,WalkingWithDog,Motion-reference,motion_reference,2,20,,,176.513182643,8.000000000,0.000100000,0.664930835,0.595274175,0.653323675,15.057266668,15.344915289
E1,WalkingWithDog_v_WalkingWithDog_g03_c01,WalkingWithDog,Random,random,2,20,,,176.513182643,8.000000000,0.000100000,0.110190007,0.104931279,0.103495314,14.872833479,15.131007360
E1,WalkingWithDog_v_WalkingWithDog_g03_c01,WalkingWithDog,Shifted-RAT+traj,shifted_rat_traj_r3_c4,2,20,3,4,176.513182643,8.000000000,0.000100000,0.060390379,0.059769628,0.057337456,14.789762374,15.049953751
E1,WalkingWithDog_v_WalkingWithDog_g03_c01,WalkingWithDog,RAT-fusion,rat_fusion,2,20,,,176.513182643,8.000000000,0.000100000,0.126312693,0.115622156,0.118578736,14.794035751,15.037073112
E1,WalkingWithDog_v_WalkingWithDog_g03_c01,WalkingWithDog,Shifted-RAT-fusion,shifted_rat_fusion_r3_c4,2,20,3,4,176.513182643,8.000000000,0.000100000,0.072927768,0.070113271,0.068616066,14.867927575,15.135270916
E1,WalkingWithDog_v_WalkingWithDog_g03_c01,WalkingWithDog,VideoMAE-only,videomae_only,2,20,,,176.513182643,8.000000000,0.000100000,0.223209701,0.179761919,0.187116831,14.466140160,14.661814453
E1,WalkingWithDog_v_WalkingWithDog_g03_c01,WalkingWithDog,RAT+traj,rat_traj,3,20,,,176.513182643,8.000000000,0.000100000,0.114088593,0.106449382,0.107513177,14.838072639,15.066281543
E1,WalkingWithDog_v_WalkingWithDog_g03_c01,WalkingWithDog,Motion-reference,motion_reference,3,20,,,176.513182643,8.000000000,0.000100000,0.664930835,0.590237251,0.648702169,15.066806887,15.351100295
E1,WalkingWithDog_v_WalkingWithDog_g03_c01,WalkingWithDog,Random,random,3,20,,,176.513182643,8.000000000,0.000100000,0.103577491,0.098929604,0.095834873,14.866408083,15.120715633
E1,WalkingWithDog_v_WalkingWithDog_g03_c01,WalkingWithDog,Shifted-RAT+traj,shifted_rat_traj_r3_c4,3,20,3,4,176.513182643,8.000000000,0.000100000,0.053453955,0.054283278,0.050437047,14.758431188,15.021027168
E1,WalkingWithDog_v_WalkingWithDog_g03_c01,WalkingWithDog,RAT-fusion,rat_fusion,3,20,,,176.513182643,8.000000000,0.000100000,0.126312693,0.118835319,0.121852232,14.850134235,15.092506104
E1,WalkingWithDog_v_WalkingWithDog_g03_c01,WalkingWithDog,Shifted-RAT-fusion,shifted_rat_fusion_r3_c4,3,20,3,4,176.513182643,8.000000000,0.000100000,0.072927768,0.070133818,0.067931099,14.885514163,15.153535483
E1,WalkingWithDog_v_WalkingWithDog_g03_c01,WalkingWithDog,VideoMAE-only,videomae_only,3,20,,,176.513182643,8.000000000,0.000100000,0.223209701,0.179276635,0.186356144,14.502166781,14.697887152
E1,WalkingWithDog_v_WalkingWithDog_g03_c01,WalkingWithDog,RAT+traj,rat_traj,4,20,,,176.513182643,8.000000000,0.000100000,0.111602992,0.107654514,0.108040629,14.821729753,15.057169622
E1,WalkingWithDog_v_WalkingWithDog_g03_c01,WalkingWithDog,Motion-reference,motion_reference,4,20,,,176.513182643,8.000000000,0.000100000,0.664930835,0.595639343,0.654570052,15.069337075,15.358624116
E1,WalkingWithDog_v_WalkingWithDog_g03_c01,WalkingWithDog,Random,random,4,20,,,176.513182643,8.000000000,0.000100000,0.094684340,0.091635640,0.089124200,14.868918576,15.129524707
E1,WalkingWithDog_v_WalkingWithDog_g03_c01,WalkingWithDog,Shifted-RAT+traj,shifted_rat_traj_r3_c4,4,20,3,4,176.513182643,8.000000000,0.000100000,0.066017894,0.063867629,0.059693418,14.776708989,15.040319231
E1,WalkingWithDog_v_WalkingWithDog_g03_c01,WalkingWithDog,RAT-fusion,rat_fusion,4,20,,,176.513182643,8.000000000,0.000100000,0.126312693,0.118851463,0.120617612,14.832078710,15.076022942
E1,WalkingWithDog_v_WalkingWithDog_g03_c01,WalkingWithDog,Shifted-RAT-fusion,shifted_rat_fusion_r3_c4,4,20,3,4,176.513182643,8.000000000,0.000100000,0.072927768,0.072620974,0.069882879,14.863752143,15.136179122
E1,WalkingWithDog_v_WalkingWithDog_g03_c01,WalkingWithDog,VideoMAE-only,videomae_only,4,20,,,176.513182643,8.000000000,0.000100000,0.223209701,0.179377216,0.185451452,14.483121483,14.682755355
E1,WalkingWithDog_v_WalkingWithDog_g03_c01,WalkingWithDog,RAT+traj,rat_traj,5,20,,,176.513182643,8.000000000,0.000100000,0.108011323,0.100881127,0.102656507,14.732431859,14.958047290
E1,WalkingWithDog_v_WalkingWithDog_g03_c01,WalkingWithDog,Motion-reference,motion_reference,5,20,,,176.513182643,8.000000000,0.000100000,0.664930835,0.594475437,0.653842885,15.066779569,15.353929241
E1,WalkingWithDog_v_WalkingWithDog_g03_c01,WalkingWithDog,Random,random,5,20,,,176.513182643,8.000000000,0.000100000,0.102927550,0.099594111,0.097758848,14.867177323,15.125835219
E1,WalkingWithDog_v_WalkingWithDog_g03_c01,WalkingWithDog,Shifted-RAT+traj,shifted_rat_traj_r3_c4,5,20,3,4,176.513182643,8.000000000,0.000100000,0.069706204,0.068655024,0.066809348,14.786857003,15.051726482
E1,WalkingWithDog_v_WalkingWithDog_g03_c01,WalkingWithDog,RAT-fusion,rat_fusion,5,20,,,176.513182643,8.000000000,0.000100000,0.126312693,0.119468654,0.122529579,14.826644809,15.071832946
E1,WalkingWithDog_v_WalkingWithDog_g03_c01,WalkingWithDog,Shifted-RAT-fusion,shifted_rat_fusion_r3_c4,5,20,3,4,176.513182643,8.000000000,0.000100000,0.072927768,0.072830843,0.071512332,14.878857905,15.148451696
E1,WalkingWithDog_v_WalkingWithDog_g03_c01,WalkingWithDog,VideoMAE-only,videomae_only,5,20,,,176.513182643,8.000000000,0.000100000,0.223209701,0.178955452,0.186540652,14.453639923,14.651500746
E1,WalkingWithDog_v_WalkingWithDog_g03_c01,WalkingWithDog,RAT+traj,rat_traj,6,20,,,176.513182643,8.000000000,0.000100000,0.105938839,0.099661894,0.100984218,14.821631550,15.054283457
E1,WalkingWithDog_v_WalkingWithDog_g03_c01,WalkingWithDog,Motion-reference,motion_reference,6,20,,,176.513182643,8.000000000,0.000100000,0.664930835,0.589507694,0.646144891,15.081936090,15.371402547
E1,WalkingWithDog_v_WalkingWithDog_g03_c01,WalkingWithDog,Random,random,6,20,,,176.513182643,8.000000000,0.000100000,0.096149894,0.092233701,0.088126865,14.896456437,15.155492847
E1,WalkingWithDog_v_WalkingWithDog_g03_c01,WalkingWithDog,Shifted-RAT+traj,shifted_rat_traj_r3_c4,6,20,3,4,176.513182643,8.000000000,0.000100000,0.064457822,0.063588604,0.060947878,14.736875924,14.999226768
E1,WalkingWithDog_v_WalkingWithDog_g03_c01,WalkingWithDog,RAT-fusion,rat_fusion,6,20,,,176.513182643,8.000000000,0.000100000,0.126312693,0.115819219,0.118311272,14.856010902,15.099412014
E1,WalkingWithDog_v_WalkingWithDog_g03_c01,WalkingWithDog,Shifted-RAT-fusion,shifted_rat_fusion_r3_c4,6,20,3,4,176.513182643,8.000000000,0.000100000,0.072927768,0.072572919,0.071051273,14.894698060,15.164224290
E1,WalkingWithDog_v_WalkingWithDog_g03_c01,WalkingWithDog,VideoMAE-only,videomae_only,6,20,,,176.513182643,8.000000000,0.000100000,0.223209701,0.182728564,0.190153948,14.518320173,14.715565847
E1,WalkingWithDog_v_WalkingWithDog_g03_c01,WalkingWithDog,RAT+traj,rat_traj,7,20,,,176.513182643,8.000000000,0.000100000,0.110311074,0.103508575,0.104524410,14.849526744,15.089620312
E1,WalkingWithDog_v_WalkingWithDog_g03_c01,WalkingWithDog,Motion-reference,motion_reference,7,20,,,176.513182643,8.000000000,0.000100000,0.664930835,0.593588396,0.652261014,15.079718197,15.374468941
E1,WalkingWithDog_v_WalkingWithDog_g03_c01,WalkingWithDog,Random,random,7,20,,,176.513182643,8.000000000,0.000100000,0.102688601,0.098623306,0.096165321,14.876988643,15.143372952
E1,WalkingWithDog_v_WalkingWithDog_g03_c01,WalkingWithDog,Shifted-RAT+traj,shifted_rat_traj_r3_c4,7,20,3,4,176.513182643,8.000000000,0.000100000,0.054906765,0.055489973,0.051214624,14.778073048,15.046560884
E1,WalkingWithDog_v_WalkingWithDog_g03_c01,WalkingWithDog,RAT-fusion,rat_fusion,7,20,,,176.513182643,8.000000000,0.000100000,0.126312693,0.120314225,0.122529361,14.827031339,15.075895681
E1,WalkingWithDog_v_WalkingWithDog_g03_c01,WalkingWithDog,Shifted-RAT-fusion,shifted_rat_fusion_r3_c4,7,20,3,4,176.513182643,8.000000000,0.000100000,0.072927768,0.069802327,0.067283585,14.875454400,15.151860046
E1,WalkingWithDog_v_WalkingWithDog_g03_c01,WalkingWithDog,VideoMAE-only,videomae_only,7,20,,,176.513182643,8.000000000,0.000100000,0.223209701,0.180748512,0.187454328,14.502212274,14.705074627
E1,WalkingWithDog_v_WalkingWithDog_g03_c01,WalkingWithDog,RAT+traj,rat_traj,8,20,,,176.513182643,8.000000000,0.000100000,0.111869553,0.106177423,0.108137884,14.850913040,15.088246437
E1,WalkingWithDog_v_WalkingWithDog_g03_c01,WalkingWithDog,Motion-reference,motion_reference,8,20,,,176.513182643,8.000000000,0.000100000,0.664930835,0.592308717,0.651984091,15.110863683,15.397441655
E1,WalkingWithDog_v_WalkingWithDog_g03_c01,WalkingWithDog,Random,random,8,20,,,176.513182643,8.000000000,0.000100000,0.090053509,0.086814062,0.082911680,14.833177655,15.090155705
E1,WalkingWithDog_v_WalkingWithDog_g03_c01,WalkingWithDog,Shifted-RAT+traj,shifted_rat_traj_r3_c4,8,20,3,4,176.513182643,8.000000000,0.000100000,0.059514233,0.059089282,0.056091379,14.766294639,15.029278021
E1,WalkingWithDog_v_WalkingWithDog_g03_c01,WalkingWithDog,RAT-fusion,rat_fusion,8,20,,,176.513182643,8.000000000,0.000100000,0.126312693,0.122143486,0.125646902,14.859307603,15.103863495
E1,WalkingWithDog_v_WalkingWithDog_g03_c01,WalkingWithDog,Shifted-RAT-fusion,shifted_rat_fusion_r3_c4,8,20,3,4,176.513182643,8.000000000,0.000100000,0.072927768,0.069751565,0.068281889,14.847231910,15.118192603
E1,WalkingWithDog_v_WalkingWithDog_g03_c01,WalkingWithDog,VideoMAE-only,videomae_only,8,20,,,176.513182643,8.000000000,0.000100000,0.223209701,0.181081880,0.188705026,14.499706177,14.700306006
E1,WalkingWithDog_v_WalkingWithDog_g03_c01,WalkingWithDog,RAT+traj,rat_traj,42,20,,,176.513182643,8.000000000,0.000100000,0.116693668,0.107849055,0.109861940,14.826060703,15.067778391
E1,WalkingWithDog_v_WalkingWithDog_g03_c01,WalkingWithDog,Motion-reference,motion_reference,42,20,,,176.513182643,8.000000000,0.000100000,0.664930835,0.595928319,0.655983479,15.064678392,15.360679969
E1,WalkingWithDog_v_WalkingWithDog_g03_c01,WalkingWithDog,Random,random,42,20,,,176.513182643,8.000000000,0.000100000,0.113500778,0.106939246,0.105162930,14.876033193,15.139591883
E1,WalkingWithDog_v_WalkingWithDog_g03_c01,WalkingWithDog,Shifted-RAT+traj,shifted_rat_traj_r3_c4,42,20,3,4,176.513182643,8.000000000,0.000100000,0.058335417,0.058990967,0.055868705,14.818049202,15.084306958
E1,WalkingWithDog_v_WalkingWithDog_g03_c01,WalkingWithDog,RAT-fusion,rat_fusion,42,20,,,176.513182643,8.000000000,0.000100000,0.126312693,0.118547475,0.121832370,14.870017257,15.121621123
E1,WalkingWithDog_v_WalkingWithDog_g03_c01,WalkingWithDog,Shifted-RAT-fusion,shifted_rat_fusion_r3_c4,42,20,3,4,176.513182643,8.000000000,0.000100000,0.072927768,0.073115746,0.071415555,14.901116214,15.178817453
E1,WalkingWithDog_v_WalkingWithDog_g03_c01,WalkingWithDog,VideoMAE-only,videomae_only,42,20,,,176.513182643,8.000000000,0.000100000,0.223209701,0.183387065,0.190901663,14.540889417,14.746473172
E1,WalkingWithDog_v_WalkingWithDog_g04_c01,WalkingWithDog,RAT+traj,rat_traj,0,20,,,109.878570081,8.000000000,0.000100000,0.286591231,0.278673507,0.279084307,14.492081573,14.786425252
E1,WalkingWithDog_v_WalkingWithDog_g04_c01,WalkingWithDog,Motion-reference,motion_reference,0,20,,,109.878570081,8.000000000,0.000100000,0.729076368,0.698981926,0.725882676,14.538110277,14.833108341
E1,WalkingWithDog_v_WalkingWithDog_g04_c01,WalkingWithDog,Random,random,0,20,,,109.878570081,8.000000000,0.000100000,0.096358679,0.094440062,0.083115453,14.204263289,14.419198871
E1,WalkingWithDog_v_WalkingWithDog_g04_c01,WalkingWithDog,Shifted-RAT+traj,shifted_rat_traj_r3_c4,0,20,3,4,109.878570081,8.000000000,0.000100000,0.093378557,0.093874427,0.082934223,14.003397245,14.198299085
E1,WalkingWithDog_v_WalkingWithDog_g04_c01,WalkingWithDog,RAT-fusion,rat_fusion,0,20,,,109.878570081,8.000000000,0.000100000,0.261166886,0.256828813,0.255243668,14.552328598,14.830889864
E1,WalkingWithDog_v_WalkingWithDog_g04_c01,WalkingWithDog,Shifted-RAT-fusion,shifted_rat_fusion_r3_c4,0,20,3,4,109.878570081,8.000000000,0.000100000,0.067036301,0.073819178,0.061574367,14.027138181,14.225760830
E1,WalkingWithDog_v_WalkingWithDog_g04_c01,WalkingWithDog,VideoMAE-only,videomae_only,0,20,,,109.878570081,8.000000000,0.000100000,0.007697279,0.019375026,0.005978506,13.402846815,13.634167198
E1,WalkingWithDog_v_WalkingWithDog_g04_c01,WalkingWithDog,RAT+traj,rat_traj,1,20,,,109.878570081,8.000000000,0.000100000,0.295471229,0.285914716,0.286084761,14.507203783,14.794800605
E1,WalkingWithDog_v_WalkingWithDog_g04_c01,WalkingWithDog,Motion-reference,motion_reference,1,20,,,109.878570081,8.000000000,0.000100000,0.729076368,0.695755492,0.723822481,14.607345135,14.909748756
E1,WalkingWithDog_v_WalkingWithDog_g04_c01,WalkingWithDog,Random,random,1,20,,,109.878570081,8.000000000,0.000100000,0.104040866,0.103923224,0.091620431,14.235039736,14.455200997
E1,WalkingWithDog_v_WalkingWithDog_g04_c01,WalkingWithDog,Shifted-RAT+traj,shifted_rat_traj_r3_c4,1,20,3,4,109.878570081,8.000000000,0.000100000,0.092110769,0.093811485,0.082610840,14.076895018,14.269544272
E1,WalkingWithDog_v_WalkingWithDog_g04_c01,WalkingWithDog,RAT-fusion,rat_fusion,1,20,,,109.878570081,8.000000000,0.000100000,0.261166886,0.256879688,0.255457617,14.591557548,14.872847854
E1,WalkingWithDog_v_WalkingWithDog_g04_c01,WalkingWithDog,Shifted-RAT-fusion,shifted_rat_fusion_r3_c4,1,20,3,4,109.878570081,8.000000000,0.000100000,0.067036301,0.072706769,0.060096551,14.057160115,14.255405316
E1,WalkingWithDog_v_WalkingWithDog_g04_c01,WalkingWithDog,VideoMAE-only,videomae_only,1,20,,,109.878570081,8.000000000,0.000100000,0.007697279,0.019605554,0.005935875,13.443309889,13.675449739
E1,WalkingWithDog_v_WalkingWithDog_g04_c01,WalkingWithDog,RAT+traj,rat_traj,2,20,,,109.878570081,8.000000000,0.000100000,0.280904025,0.268899804,0.267650556,14.606680718,14.898869610
E1,WalkingWithDog_v_WalkingWithDog_g04_c01,WalkingWithDog,Motion-reference,motion_reference,2,20,,,109.878570081,8.000000000,0.000100000,0.729076368,0.691290680,0.717476484,14.556923023,14.848617187
E1,WalkingWithDog_v_WalkingWithDog_g04_c01,WalkingWithDog,Random,random,2,20,,,109.878570081,8.000000000,0.000100000,0.098298778,0.097755903,0.087460041,14.177333335,14.387921189
E1,WalkingWithDog_v_WalkingWithDog_g04_c01,WalkingWithDog,Shifted-RAT+traj,shifted_rat_traj_r3_c4,2,20,3,4,109.878570081,8.000000000,0.000100000,0.090948631,0.090612968,0.079493819,13.959725527,14.143823456
E1,WalkingWithDog_v_WalkingWithDog_g04_c01,WalkingWithDog,RAT-fusion,rat_fusion,2,20,,,109.878570081,8.000000000,0.000100000,0.261166886,0.257362820,0.255438930,14.552929961,14.826928770
E1,WalkingWithDog_v_WalkingWithDog_g04_c01,WalkingWithDog,Shifted-RAT-fusion,shifted_rat_fusion_r3_c4,2,20,3,4,109.878570081,8.000000000,0.000100000,0.067036301,0.069799755,0.056907280,14.070694635,14.260641092
E1,WalkingWithDog_v_WalkingWithDog_g04_c01,WalkingWithDog,VideoMAE-only,videomae_only,2,20,,,109.878570081,8.000000000,0.000100000,0.007697279,0.019750051,0.006058874,13.431376042,13.656627643
E1,WalkingWithDog_v_WalkingWithDog_g04_c01,WalkingWithDog,RAT+traj,rat_traj,3,20,,,109.878570081,8.000000000,0.000100000,0.268131482,0.264649843,0.262899985,14.467395710,14.758757971
E1,WalkingWithDog_v_WalkingWithDog_g04_c01,WalkingWithDog,Motion-reference,motion_reference,3,20,,,109.878570081,8.000000000,0.000100000,0.729076368,0.700879854,0.728687942,14.568453186,14.865264908
E1,WalkingWithDog_v_WalkingWithDog_g04_c01,WalkingWithDog,Random,random,3,20,,,109.878570081,8.000000000,0.000100000,0.098563586,0.096644172,0.085259002,14.198619154,14.410012444
E1,WalkingWithDog_v_WalkingWithDog_g04_c01,WalkingWithDog,Shifted-RAT+traj,shifted_rat_traj_r3_c4,3,20,3,4,109.878570081,8.000000000,0.000100000,0.069268649,0.074901196,0.062492274,14.052431973,14.243979836
E1,WalkingWithDog_v_WalkingWithDog_g04_c01,WalkingWithDog,RAT-fusion,rat_fusion,3,20,,,109.878570081,8.000000000,0.000100000,0.261166886,0.259409970,0.257305495,14.598211870,14.882334128
E1,WalkingWithDog_v_WalkingWithDog_g04_c01,WalkingWithDog,Shifted-RAT-fusion,shifted_rat_fusion_r3_c4,3,20,3,4,109.878570081,8.000000000,0.000100000,0.067036301,0.074505778,0.061918859,14.105855659,14.304427788
E1,WalkingWithDog_v_WalkingWithDog_g04_c01,WalkingWithDog,VideoMAE-only,videomae_only,3,20,,,109.878570081,8.000000000,0.000100000,0.007697279,0.019750658,0.006067308,13.470419700,13.701606553
E1,WalkingWithDog_v_WalkingWithDog_g04_c01,WalkingWithDog,RAT+traj,rat_traj,4,20,,,109.878570081,8.000000000,0.000100000,0.296839176,0.287250130,0.288069902,14.481760258,14.775664394
E1,WalkingWithDog_v_WalkingWithDog_g04_c01,WalkingWithDog,Motion-reference,motion_reference,4,20,,,109.878570081,8.000000000,0.000100000,0.729076368,0.701046382,0.728935676,14.553919156,14.856354034
E1,WalkingWithDog_v_WalkingWithDog_g04_c01,WalkingWithDog,Random,random,4,20,,,109.878570081,8.000000000,0.000100000,0.108152941,0.107138849,0.097674561,14.195936936,14.415092523
E1,WalkingWithDog_v_WalkingWithDog_g04_c01,WalkingWithDog,Shifted-RAT+traj,shifted_rat_traj_r3_c4,4,20,3,4,109.878570081,8.000000000,0.000100000,0.072914223,0.076477083,0.064636491,13.957523072,14.151349050
E1,WalkingWithDog_v_WalkingWithDog_g04_c01,WalkingWithDog,RAT-fusion,rat_fusion,4,20,,,109.878570081,8.000000000,0.000100000,0.261166886,0.258250330,0.256900250,14.553007579,14.832984280
E1,WalkingWithDog_v_WalkingWithDog_g04_c01,WalkingWithDog,Shifted-RAT-fusion,shifted_rat_fusion_r3_c4,4,20,3,4,109.878570081,8.000000000,0.000100000,0.067036301,0.074256787,0.062237197,14.019195479,14.218339215
E1,WalkingWithDog_v_WalkingWithDog_g04_c01,WalkingWithDog,VideoMAE-only,videomae_only,4,20,,,109.878570081,8.000000000,0.000100000,0.007697279,0.018598139,0.005161866,13.383625131,13.618590843
E1,WalkingWithDog_v_WalkingWithDog_g04_c01,WalkingWithDog,RAT+traj,rat_traj,5,20,,,109.878570081,8.000000000,0.000100000,0.316275834,0.304516321,0.306483740,14.498659439,14.789830278
E1,WalkingWithDog_v_WalkingWithDog_g04_c01,WalkingWithDog,Motion-reference,motion_reference,5,20,,,109.878570081,8.000000000,0.000100000,0.729076368,0.702426141,0.729612470,14.556685202,14.850890713
E1,WalkingWithDog_v_WalkingWithDog_g04_c01,WalkingWithDog,Random,random,5,20,,,109.878570081,8.000000000,0.000100000,0.099654377,0.102736936,0.092728028,14.129293219,14.345014517
E1,WalkingWithDog_v_WalkingWithDog_g04_c01,WalkingWithDog,Shifted-RAT+traj,shifted_rat_traj_r3_c4,5,20,3,4,109.878570081,8.000000000,0.000100000,0.061166611,0.065176805,0.052222962,14.018178985,14.206119767
E1,WalkingWithDog_v_WalkingWithDog_g04_c01,WalkingWithDog,RAT-fusion,rat_fusion,5,20,,,109.878570081,8.000000000,0.000100000,0.261166886,0.258749757,0.256545367,14.539289222,14.817337427
E1,WalkingWithDog_v_WalkingWithDog_g04_c01,WalkingWithDog,Shifted-RAT-fusion,shifted_rat_fusion_r3_c4,5,20,3,4,109.878570081,8.000000000,0.000100000,0.067036301,0.072942801,0.060725875,14.033299198,14.226723915
E1,WalkingWithDog_v_WalkingWithDog_g04_c01,WalkingWithDog,VideoMAE-only,videomae_only,5,20,,,109.878570081,8.000000000,0.000100000,0.007697279,0.020337241,0.006743582,13.418925251,13.649413968
E1,WalkingWithDog_v_WalkingWithDog_g04_c01,WalkingWithDog,RAT+traj,rat_traj,6,20,,,109.878570081,8.000000000,0.000100000,0.292919190,0.282875858,0.283489420,14.541350158,14.831943228
E1,WalkingWithDog_v_WalkingWithDog_g04_c01,WalkingWithDog,Motion-reference,motion_reference,6,20,,,109.878570081,8.000000000,0.000100000,0.729076368,0.697824957,0.725555248,14.571321903,14.870322612
E1,WalkingWithDog_v_WalkingWithDog_g04_c01,WalkingWithDog,Random,random,6,20,,,109.878570081,8.000000000,0.000100000,0.101348876,0.102379534,0.090608866,14.153883706,14.367190527
E1,WalkingWithDog_v_WalkingWithDog_g04_c01,WalkingWithDog,Shifted-RAT+traj,shifted_rat_traj_r3_c4,6,20,3,4,109.878570081,8.000000000,0.000100000,0.085994108,0.087729006,0.076156484,14.009200647,14.198106494
E1,WalkingWithDog_v_WalkingWithDog_g04_c01,WalkingWithDog,RAT-fusion,rat_fusion,6,20,,,109.878570081,8.000000000,0.000100000,0.261166886,0.256790535,0.254279432,14.571764756,14.853302826
E1,WalkingWithDog_v_WalkingWithDog_g04_c01,WalkingWithDog,Shifted-RAT-fusion,shifted_rat_fusion_r3_c4,6,20,3,4,109.878570081,8.000000000,0.000100000,0.067036301,0.074696422,0.062444929,14.075939460,14.272913317
E1,WalkingWithDog_v_WalkingWithDog_g04_c01,WalkingWithDog,VideoMAE-only,videomae_only,6,20,,,109.878570081,8.000000000,0.000100000,0.007697279,0.019712293,0.006133729,13.444321475,13.673701363
E1,WalkingWithDog_v_WalkingWithDog_g04_c01,WalkingWithDog,RAT+traj,rat_traj,7,20,,,109.878570081,8.000000000,0.000100000,0.297146519,0.291807594,0.292209863,14.576513891,14.876424413
E1,WalkingWithDog_v_WalkingWithDog_g04_c01,WalkingWithDog,Motion-reference,motion_reference,7,20,,,109.878570081,8.000000000,0.000100000,0.729076368,0.699270897,0.727456507,14.595269216,14.903606056
E1,WalkingWithDog_v_WalkingWithDog_g04_c01,WalkingWithDog,Random,random,7,20,,,109.878570081,8.000000000,0.000100000,0.090974701,0.093865329,0.082246694,14.220993887,14.446479163
E1,WalkingWithDog_v_WalkingWithDog_g04_c01,WalkingWithDog,Shifted-RAT+traj,shifted_rat_traj_r3_c4,7,20,3,4,109.878570081,8.000000000,0.000100000,0.081008028,0.082427650,0.070611885,14.057966656,14.261960232
E1,WalkingWithDog_v_WalkingWithDog_g04_c01,WalkingWithDog,RAT-fusion,rat_fusion,7,20,,,109.878570081,8.000000000,0.000100000,0.261166886,0.258726714,0.256884186,14.589318547,14.879102442
E1,WalkingWithDog_v_WalkingWithDog_g04_c01,WalkingWithDog,Shifted-RAT-fusion,shifted_rat_fusion_r3_c4,7,20,3,4,109.878570081,8.000000000,0.000100000,0.067036301,0.072741207,0.060355482,14.119366403,14.327254973
E1,WalkingWithDog_v_WalkingWithDog_g04_c01,WalkingWithDog,VideoMAE-only,videomae_only,7,20,,,109.878570081,8.000000000,0.000100000,0.007697279,0.020890873,0.007116954,13.484115748,13.724851924
E1,WalkingWithDog_v_WalkingWithDog_g04_c01,WalkingWithDog,RAT+traj,rat_traj,8,20,,,109.878570081,8.000000000,0.000100000,0.293183998,0.280547620,0.280982846,14.526282852,14.815938636
E1,WalkingWithDog_v_WalkingWithDog_g04_c01,WalkingWithDog,Motion-reference,motion_reference,8,20,,,109.878570081,8.000000000,0.000100000,0.729076368,0.696032678,0.721817653,14.568987754,14.862425404
E1,WalkingWithDog_v_WalkingWithDog_g04_c01,WalkingWithDog,Random,random,8,20,,,109.878570081,8.000000000,0.000100000,0.111322409,0.107870479,0.095999998,14.194802742,14.414964141
E1,WalkingWithDog_v_WalkingWithDog_g04_c01,WalkingWithDog,Shifted-RAT+traj,shifted_rat_traj_r3_c4,8,20,3,4,109.878570081,8.000000000,0.000100000,0.092400275,0.089834339,0.078332586,14.095186035,14.290070017
E1,WalkingWithDog_v_WalkingWithDog_g04_c01,WalkingWithDog,RAT-fusion,rat_fusion,8,20,,,109.878570081,8.000000000,0.000100000,0.261166886,0.258340652,0.256482749,14.595466514,14.871766334
E1,WalkingWithDog_v_WalkingWithDog_g04_c01,WalkingWithDog,Shifted-RAT-fusion,shifted_rat_fusion_r3_c4,8,20,3,4,109.878570081,8.000000000,0.000100000,0.067036301,0.068708016,0.055731873,14.108611500,14.304512168
E1,WalkingWithDog_v_WalkingWithDog_g04_c01,WalkingWithDog,VideoMAE-only,videomae_only,8,20,,,109.878570081,8.000000000,0.000100000,0.007697279,0.021302204,0.007657818,13.466777010,13.696371501
E1,WalkingWithDog_v_WalkingWithDog_g04_c01,WalkingWithDog,RAT+traj,rat_traj,42,20,,,109.878570081,8.000000000,0.000100000,0.291130018,0.276990853,0.276399213,14.454778698,14.748658114
E1,WalkingWithDog_v_WalkingWithDog_g04_c01,WalkingWithDog,Motion-reference,motion_reference,42,20,,,109.878570081,8.000000000,0.000100000,0.729076368,0.700942600,0.729084966,14.611193818,14.913902750
E1,WalkingWithDog_v_WalkingWithDog_g04_c01,WalkingWithDog,Random,random,42,20,,,109.878570081,8.000000000,0.000100000,0.099049297,0.099312237,0.090286462,14.213636409,14.431676624
E1,WalkingWithDog_v_WalkingWithDog_g04_c01,WalkingWithDog,Shifted-RAT+traj,shifted_rat_traj_r3_c4,42,20,3,4,109.878570081,8.000000000,0.000100000,0.088613378,0.085144687,0.073200385,14.008120861,14.204445025
E1,WalkingWithDog_v_WalkingWithDog_g04_c01,WalkingWithDog,RAT-fusion,rat_fusion,42,20,,,109.878570081,8.000000000,0.000100000,0.261166886,0.256200944,0.253564148,14.560868169,14.842385988
E1,WalkingWithDog_v_WalkingWithDog_g04_c01,WalkingWithDog,Shifted-RAT-fusion,shifted_rat_fusion_r3_c4,42,20,3,4,109.878570081,8.000000000,0.000100000,0.067036301,0.072318827,0.059737682,14.071063323,14.269105198
E1,WalkingWithDog_v_WalkingWithDog_g04_c01,WalkingWithDog,VideoMAE-only,videomae_only,42,20,,,109.878570081,8.000000000,0.000100000,0.007697279,0.019740832,0.006025773,13.454607292,13.687217272
