experiment,video_id,class,policy,seed,top_k,sigma,input_video,backend_input_video,score_maps,output_video,report
E1,BalanceBeam_v_BalanceBeam_g01_c01,BalanceBeam,RAT+traj,0,20,127.387416893,data/ucf101_rescue/UCF-101/BalanceBeam/v_BalanceBeam_g01_c01.avi,data/backend_inputs/BalanceBeam_v_BalanceBeam_g01_c01/seed_42/rat_dp/rat_intermediate_merged.mp4,,,
E1,BalanceBeam_v_BalanceBeam_g01_c01,BalanceBeam,Motion-reference,0,20,127.387416893,data/ucf101_rescue/UCF-101/BalanceBeam/v_BalanceBeam_g01_c01.avi,data/backend_inputs/BalanceBeam_v_BalanceBeam_g01_c01/seed_42/rat_dp/rat_intermediate_merged.mp4,,,
E1,BalanceBeam_v_BalanceBeam_g01_c01,BalanceBeam,Random,0,20,127.387416893,data/ucf101_rescue/UCF-101/BalanceBeam/v_BalanceBeam_g01_c01.avi,data/backend_inputs/BalanceBeam_v_BalanceBeam_g01_c01/seed_42/rat_dp/rat_intermediate_merged.mp4,,,
E1,BalanceBeam_v_BalanceBeam_g01_c01,BalanceBeam,Shifted-RAT+traj,0,20,127.387416893,data/ucf101_rescue/UCF-101/BalanceBeam/v_BalanceBeam_g01_c01.avi,data/backend_inputs/BalanceBeam_v_BalanceBeam_g01_c01/seed_42/rat_dp/rat_intermediate_merged.mp4,,,
E1,BalanceBeam_v_BalanceBeam_g01_c01,BalanceBeam,RAT-fusion,0,20,127.387416893,data/ucf101_rescue/UCF-101/BalanceBeam/v_BalanceBeam_g01_c01.avi,data/backend_inputs/BalanceBeam_v_BalanceBeam_g01_c01/seed_42/rat_dp/rat_intermediate_merged.mp4,,,
E1,BalanceBeam_v_BalanceBeam_g01_c01,BalanceBeam,Shifted-RAT-fusion,0,20,127.387416893,data/ucf101_rescue/UCF-101/BalanceBeam/v_BalanceBeam_g01_c01.avi,data/backend_inputs/BalanceBeam_v_BalanceBeam_g01_c01/seed_42/rat_dp/rat_intermediate_merged.mp4,,,
E1,BalanceBeam_v_BalanceBeam_g01_c01,BalanceBeam,VideoMAE-only,0,20,127.387416893,data/ucf101_rescue/UCF-101/BalanceBeam/v_BalanceBeam_g01_c01.avi,data/backend_inputs/BalanceBeam_v_BalanceBeam_g01_c01/seed_42/rat_dp/rat_intermediate_merged.mp4,,,
E1,BalanceBeam_v_BalanceBeam_g01_c01,BalanceBeam,RAT+traj,1,20,127.387416893,data/ucf101_rescue/UCF-101/BalanceBeam/v_BalanceBeam_g01_c01.avi,data/backend_inputs/BalanceBeam_v_BalanceBeam_g01_c01/seed_42/rat_dp/rat_intermediate_merged.mp4,,,
E1,BalanceBeam_v_BalanceBeam_g01_c01,BalanceBeam,Motion-reference,1,20,127.387416893,data/ucf101_rescue/UCF-101/BalanceBeam/v_BalanceBeam_g01_c01.avi,data/backend_inputs/BalanceBeam_v_BalanceBeam_g01_c01/seed_42/rat_dp/rat_intermediate_merged.mp4,,,
E1,BalanceBeam_v_BalanceBeam_g01_c01,BalanceBeam,Random,1,20,127.387416893,data/ucf101_rescue/UCF-101/BalanceBeam/v_BalanceBeam_g01_c01.avi,data/backend_inputs/BalanceBeam_v_BalanceBeam_g01_c01/seed_42/rat_dp/rat_intermediate_merged.mp4,,,
E1,BalanceBeam_v_BalanceBeam_g01_c01,BalanceBeam,Shifted-RAT+traj,1,20,127.387416893,data/ucf101_rescue/UCF-101/BalanceBeam/v_BalanceBeam_g01_c01.avi,data/backend_inputs/BalanceBeam_v_BalanceBeam_g01_c01/seed_42/rat_dp/rat_intermediate_merged.mp4,,,
E1,BalanceBeam_v_BalanceBeam_g01_c01,BalanceBeam,RAT-fusion,1,20,127.387416893,data/ucf101_rescue/UCF-101/BalanceBeam/v_BalanceBeam_g01_c01.avi,data/backend_inputs/BalanceBeam_v_BalanceBeam_g01_c01/seed_42/rat_dp/rat_intermediate_merged.mp4,,,
E1,BalanceBeam_v_BalanceBeam_g01_c01,BalanceBeam,Shifted-RAT-fusion,1,20,127.387416893,data/ucf101_rescue/UCF-101/BalanceBeam/v_BalanceBeam_g01_c01.avi,data/backend_inputs/BalanceBeam_v_BalanceBeam_g01_c01/seed_42/rat_dp/rat_intermediate_merged.mp4,,,
E1,BalanceBeam_v_BalanceBeam_g01_c01,BalanceBeam,VideoMAE-only,1,20,127.387416893,data/ucf101_rescue/UCF-101/BalanceBeam/v_BalanceBeam_g01_c01.avi,data/backend_inputs/BalanceBeam_v_BalanceBeam_g01_c01/seed_42/rat_dp/rat_intermediate_merged.mp4,,,
E1,BalanceBeam_v_BalanceBeam_g01_c01,BalanceBeam,RAT+traj,2,20,127.387416893,data/ucf101_rescue/UCF-101/BalanceBeam/v_BalanceBeam_g01_c01.avi,data/backend_inputs/BalanceBeam_v_BalanceBeam_g01_c01/seed_42/rat_dp/rat_intermediate_merged.mp4,,,
E1,BalanceBeam_v_BalanceBeam_g01_c01,BalanceBeam,Motion-reference,2,20,127.387416893,data/ucf101_rescue/UCF-101/BalanceBeam/v_BalanceBeam_g01_c01.avi,data/backend_inputs/BalanceBeam_v_BalanceBeam_g01_c01/seed_42/rat_dp/rat_intermediate_merged.mp4,,,
E1,BalanceBeam_v_BalanceBeam_g01_c01,BalanceBeam,Random,2,20,127.387416893,data/ucf101_rescue/UCF-101/BalanceBeam/v_BalanceBeam_g01_c01.avi,data/backend_inputs/BalanceBeam_v_BalanceBeam_g01_c01/seed_42/rat_dp/rat_intermediate_merged.mp4,,,
E1,BalanceBeam_v_BalanceBeam_g01_c01,BalanceBeam,Shifted-RAT+traj,2,20,127.387416893,data/ucf101_rescue/UCF-101/BalanceBeam/v_BalanceBeam_g01_c01.avi,data/backend_inputs/BalanceBeam_v_BalanceBeam_g01_c01/seed_42/rat_dp/rat_intermediate_merged.mp4,,,
E1,BalanceBeam_v_BalanceBeam_g01_c01,BalanceBeam,RAT-fusion,2,20,127.387416893,data/ucf101_rescue/UCF-101/BalanceBeam/v_BalanceBeam_g01_c01.avi,data/backend_inputs/BalanceBeam_v_BalanceBeam_g01_c01/seed_42/rat_dp/rat_intermediate_merged.mp4,,,
E1,BalanceBeam_v_BalanceBeam_g01_c01,BalanceBeam,Shifted-RAT-fusion,2,20,127.387416893,data/ucf101_rescue/UCF-101/BalanceBeam/v_BalanceBeam_g01_c01.avi,data/backend_inputs/BalanceBeam_v_BalanceBeam_g01_c01/seed_42/rat_dp/rat_intermediate_merged.mp4,,,
E1,BalanceBeam_v_BalanceBeam_g01_c01,BalanceBeam,VideoMAE-only,2,20,127.387416893,data/ucf101_rescue/UCF-101/BalanceBeam/v_BalanceBeam_g01_c01.avi,data/backend_inputs/BalanceBeam_v_BalanceBeam_g01_c01/seed_42/rat_dp/rat_intermediate_merged.mp4,,,
E1,BalanceBeam_v_BalanceBeam_g01_c01,BalanceBeam,RAT+traj,3,20,127.387416893,data/ucf101_rescue/UCF-101/BalanceBeam/v_BalanceBeam_g01_c01.avi,data/backend_inputs/BalanceBeam_v_BalanceBeam_g01_c01/seed_42/rat_dp/rat_intermediate_merged.mp4,,,
E1,BalanceBeam_v_BalanceBeam_g01_c01,BalanceBeam,Motion-reference,3,20,127.387416893,data/ucf101_rescue/UCF-101/BalanceBeam/v_BalanceBeam_g01_c01.avi,data/backend_inputs/BalanceBeam_v_BalanceBeam_g01_c01/seed_42/rat_dp/rat_intermediate_merged.mp4,,,
E1,BalanceBeam_v_BalanceBeam_g01_c01,BalanceBeam,Random,3,20,127.387416893,data/ucf101_rescue/UCF-101/BalanceBeam/v_BalanceBeam_g01_c01.avi,data/backend_inputs/BalanceBeam_v_BalanceBeam_g01_c01/seed_42/rat_dp/rat_intermediate_merged.mp4,,,
E1,BalanceBeam_v_BalanceBeam_g01_c01,BalanceBeam,Shifted-RAT+traj,3,20,127.387416893,data/ucf101_rescue/UCF-101/BalanceBeam/v_BalanceBeam_g01_c01.avi,data/backend_inputs/BalanceBeam_v_BalanceBeam_g01_c01/seed_42/rat_dp/rat_intermediate_merged.mp4,,,
E1,BalanceBeam_v_BalanceBeam_g01_c01,BalanceBeam,RAT-fusion,3,20,127.387416893,data/ucf101_rescue/UCF-101/BalanceBeam/v_BalanceBeam_g01_c01.avi,data/backend_inputs/BalanceBeam_v_BalanceBeam_g01_c01/seed_42/rat_dp/rat_intermediate_merged.mp4,,,
E1,BalanceBeam_v_BalanceBeam_g01_c01,BalanceBeam,Shifted-RAT-fusion,3,20,127.387416893,data/ucf101_rescue/UCF-101/BalanceBeam/v_BalanceBeam_g01_c01.avi,data/backend_inputs/BalanceBeam_v_BalanceBeam_g01_c01/seed_42/rat_dp/rat_intermediate_merged.mp4,,,
E1,BalanceBeam_v_BalanceBeam_g01_c01,BalanceBeam,VideoMAE-only,3,20,127.387416893,data/ucf101_rescue/UCF-101/BalanceBeam/v_BalanceBeam_g01_c01.avi,data/backend_inputs/BalanceBeam_v_BalanceBeam_g01_c01/seed_42/rat_dp/rat_intermediate_merged.mp4,,,
E1,BalanceBeam_v_BalanceBeam_g01_c01,BalanceBeam,RAT+traj,4,20,127.387416893,data/ucf101_rescue/UCF-101/BalanceBeam/v_BalanceBeam_g01_c01.avi,data/backend_inputs/BalanceBeam_v_BalanceBeam_g01_c01/seed_42/rat_dp/rat_intermediate_merged.mp4,,,
E1,BalanceBeam_v_BalanceBeam_g01_c01,BalanceBeam,Motion-reference,4,20,127.387416893,data/ucf101_rescue/UCF-101/BalanceBeam/v_BalanceBeam_g01_c01.avi,data/backend_inputs/BalanceBeam_v_BalanceBeam_g01_c01/seed_42/rat_dp/rat_intermediate_merged.mp4,,,
E1,BalanceBeam_v_BalanceBeam_g01_c01,BalanceBeam,Random,4,20,127.387416893,data/ucf101_rescue/UCF-101/BalanceBeam/v_BalanceBeam_g01_c01.avi,data/backend_inputs/BalanceBeam_v_BalanceBeam_g01_c01/seed_42/rat_dp/rat_intermediate_merged.mp4,,,
E1,BalanceBeam_v_BalanceBeam_g01_c01,BalanceBeam,Shifted-RAT+traj,4,20,127.387416893,data/ucf101_rescue/UCF-101/BalanceBeam/v_BalanceBeam_g01_c01.avi,data/backend_inputs/BalanceBeam_v_BalanceBeam_g01_c01/seed_42/rat_dp/rat_intermediate_merged.mp4,,,
E1,BalanceBeam_v_BalanceBeam_g01_c01,BalanceBeam,RAT-fusion,4,20,127.387416893,data/ucf101_rescue/UCF-101/BalanceBeam/v_BalanceBeam_g01_c01.avi,data/backend_inputs/BalanceBeam_v_BalanceBeam_g01_c01/seed_42/rat_dp/rat_intermediate_merged.mp4,,,
E1,BalanceBeam_v_BalanceBeam_g01_c01,BalanceBeam,Shifted-RAT-fusion,4,20,127.387416893,data/ucf101_rescue/UCF-101/BalanceBeam/v_BalanceBeam_g01_c01.avi,data/backend_inputs/BalanceBeam_v_BalanceBeam_g01_c01/seed_42/rat_dp/rat_intermediate_merged.mp4,,,
E1,BalanceBeam_v_BalanceBeam_g01_c01,BalanceBeam,VideoMAE-only,4,20,127.387416893,data/ucf101_rescue/UCF-101/BalanceBeam/v_BalanceBeam_g01_c01.avi,data/backend_inputs/BalanceBeam_v_BalanceBeam_g01_c01/seed_42/rat_dp/rat_intermediate_merged.mp4,,,
E1,BalanceBeam_v_BalanceBeam_g01_c01,BalanceBeam,RAT+traj,5,20,127.387416893,data/ucf101_rescue/UCF-101/BalanceBeam/v_BalanceBeam_g01_c01.avi,data/backend_inputs/BalanceBeam_v_BalanceBeam_g01_c01/seed_42/rat_dp/rat_intermediate_merged.mp4,,,
E1,BalanceBeam_v_BalanceBeam_g01_c01,BalanceBeam,Motion-reference,5,20,127.387416893,data/ucf101_rescue/UCF-101/BalanceBeam/v_BalanceBeam_g01_c01.avi,data/backend_inputs/BalanceBeam_v_BalanceBeam_g01_c01/seed_42/rat_dp/rat_intermediate_merged.mp4,,,
E1,BalanceBeam_v_BalanceBeam_g01_c01,BalanceBeam,Random,5,20,127.387416893,data/ucf101_rescue/UCF-101/BalanceBeam/v_BalanceBeam_g01_c01.avi,data/backend_inputs/BalanceBeam_v_BalanceBeam_g01_c01/seed_42/rat_dp/rat_intermediate_merged.mp4,,,
E1,BalanceBeam_v_BalanceBeam_g01_c01,BalanceBeam,Shifted-RAT+traj,5,20,127.387416893,data/ucf101_rescue/UCF-101/BalanceBeam/v_BalanceBeam_g01_c01.avi,data/backend_inputs/BalanceBeam_v_BalanceBeam_g01_c01/seed_42/rat_dp/rat_intermediate_merged.mp4,,,
E1,BalanceBeam_v_BalanceBeam_g01_c01,BalanceBeam,RAT-fusion,5,20,127.387416893,data/ucf101_rescue/UCF-101/BalanceBeam/v_BalanceBeam_g01_c01.avi,data/backend_inputs/BalanceBeam_v_BalanceBeam_g01_c01/seed_42/rat_dp/rat_intermediate_merged.mp4,,,
E1,BalanceBeam_v_BalanceBeam_g01_c01,BalanceBeam,Shifted-RAT-fusion,5,20,127.387416893,data/ucf101_rescue/UCF-101/BalanceBeam/v_BalanceBeam_g01_c01.avi,data/backend_inputs/BalanceBeam_v_BalanceBeam_g01_c01/seed_42/rat_dp/rat_intermediate_merged.mp4,,,
E1,BalanceBeam_v_BalanceBeam_g01_c01,BalanceBeam,VideoMAE-only,5,20,127.387416893,data/ucf101_rescue/UCF-101/BalanceBeam/v_BalanceBeam_g01_c01.avi,data/backend_inputs/BalanceBeam_v_BalanceBeam_g01_c01/seed_42/rat_dp/rat_intermediate_merged.mp4,,,
E1,BalanceBeam_v_BalanceBeam_g01_c01,BalanceBeam,RAT+traj,6,20,127.387416893,data/ucf101_rescue/UCF-101/BalanceBeam/v_BalanceBeam_g01_c01.avi,data/backend_inputs/BalanceBeam_v_BalanceBeam_g01_c01/seed_42/rat_dp/rat_intermediate_merged.mp4,,,
E1,BalanceBeam_v_BalanceBeam_g01_c01,BalanceBeam,Motion-reference,6,20,127.387416893,data/ucf101_rescue/UCF-101/BalanceBeam/v_BalanceBeam_g01_c01.avi,data/backend_inputs/BalanceBeam_v_BalanceBeam_g01_c01/seed_42/rat_dp/rat_intermediate_merged.mp4,,,
E1,BalanceBeam_v_BalanceBeam_g01_c01,BalanceBeam,Random,6,20,127.387416893,data/ucf101_rescue/UCF-101/BalanceBeam/v_BalanceBeam_g01_c01.avi,data/backend_inputs/BalanceBeam_v_BalanceBeam_g01_c01/seed_42/rat_dp/rat_intermediate_merged.mp4,,,
E1,BalanceBeam_v_BalanceBeam_g01_c01,BalanceBeam,Shifted-RAT+traj,6,20,127.387416893,data/ucf101_rescue/UCF-101/BalanceBeam/v_BalanceBeam_g01_c01.avi,data/backend_inputs/BalanceBeam_v_BalanceBeam_g01_c01/seed_42/rat_dp/rat_intermediate_merged.mp4,,,
E1,BalanceBeam_v_BalanceBeam_g01_c01,BalanceBeam,RAT-fusion,6,20,127.387416893,data/ucf101_rescue/UCF-101/BalanceBeam/v_BalanceBeam_g01_c01.avi,data/backend_inputs/BalanceBeam_v_BalanceBeam_g01_c01/seed_42/rat_dp/rat_intermediate_merged.mp4,,,
E1,BalanceBeam_v_BalanceBeam_g01_c01,BalanceBeam,Shifted-RAT-fusion,6,20,127.387416893,data/ucf101_rescue/UCF-101/BalanceBeam/v_BalanceBeam_g01_c01.avi,data/backend_inputs/BalanceBeam_v_BalanceBeam_g01_c01/seed_42/rat_dp/rat_intermediate_merged.mp4,,,
E1,BalanceBeam_v_BalanceBeam_g01_c01,BalanceBeam,VideoMAE-only,6,20,127.387416893,data/ucf101_rescue/UCF-101/BalanceBeam/v_BalanceBeam_g01_c01.avi,data/backend_inputs/BalanceBeam_v_BalanceBeam_g01_c01/seed_42/rat_dp/rat_intermediate_merged.mp4,,,
E1,BalanceBeam_v_BalanceBeam_g01_c01,BalanceBeam,RAT+traj,7,20,127.387416893,data/ucf101_rescue/UCF-101/BalanceBeam/v_BalanceBeam_g01_c01.avi,data/backend_inputs/BalanceBeam_v_BalanceBeam_g01_c01/seed_42/rat_dp/rat_intermediate_merged.mp4,,,
E1,BalanceBeam_v_BalanceBeam_g01_c01,BalanceBeam,Motion-reference,7,20,127.387416893,data/ucf101_rescue/UCF-101/BalanceBeam/v_BalanceBeam_g01_c01.avi,data/backend_inputs/BalanceBeam_v_BalanceBeam_g01_c01/seed_42/rat_dp/rat_intermediate_merged.mp4,,,
E1,BalanceBeam_v_BalanceBeam_g01_c01,BalanceBeam,Random,7,20,127.387416893,data/ucf101_rescue/UCF-101/BalanceBeam/v_BalanceBeam_g01_c01.avi,data/backend_inputs/BalanceBeam_v_BalanceBeam_g01_c01/seed_42/rat_dp/rat_intermediate_merged.mp4,,,
E1,BalanceBeam_v_BalanceBeam_g01_c01,BalanceBeam,Shifted-RAT+traj,7,20,127.387416893,data/ucf101_rescue/UCF-101/BalanceBeam/v_BalanceBeam_g01_c01.avi,data/backend_inputs/BalanceBeam_v_BalanceBeam_g01_c01/seed_42/rat_dp/rat_intermediate_merged.mp4,,,
E1,BalanceBeam_v_BalanceBeam_g01_c01,BalanceBeam,RAT-fusion,7,20,127.387416893,data/ucf101_rescue/UCF-101/BalanceBeam/v_BalanceBeam_g01_c01.avi,data/backend_inputs/BalanceBeam_v_BalanceBeam_g01_c01/seed_42/rat_dp/rat_intermediate_merged.mp4,,,
E1,BalanceBeam_v_BalanceBeam_g01_c01,BalanceBeam,Shifted-RAT-fusion,7,20,127.387416893,data/ucf101_rescue/UCF-101/BalanceBeam/v_BalanceBeam_g01_c01.avi,data/backend_inputs/BalanceBeam_v_BalanceBeam_g01_c01/seed_42/rat_dp/rat_intermediate_merged.mp4,,,
E1,BalanceBeam_v_BalanceBeam_g01_c01,BalanceBeam,VideoMAE-only,7,20,127.387416893,data/ucf101_rescue/UCF-101/BalanceBeam/v_BalanceBeam_g01_c01.avi,data/backend_inputs/BalanceBeam_v_BalanceBeam_g01_c01/seed_42/rat_dp/rat_intermediate_merged.mp4,,,
E1,BalanceBeam_v_BalanceBeam_g01_c01,BalanceBeam,RAT+traj,8,20,127.387416893,data/ucf101_rescue/UCF-101/BalanceBeam/v_BalanceBeam_g01_c01.avi,data/backend_inputs/BalanceBeam_v_BalanceBeam_g01_c01/seed_42/rat_dp/rat_intermediate_merged.mp4,,,
E1,BalanceBeam_v_BalanceBeam_g01_c01,BalanceBeam,Motion-reference,8,20,127.387416893,data/ucf101_rescue/UCF-101/BalanceBeam/v_BalanceBeam_g01_c01.avi,data/backend_inputs/BalanceBeam_v_BalanceBeam_g01_c01/seed_42/rat_dp/rat_intermediate_merged.mp4,,,
E1,BalanceBeam_v_BalanceBeam_g01_c01,BalanceBeam,Random,8,20,127.387416893,data/ucf101_rescue/UCF-101/BalanceBeam/v_BalanceBeam_g01_c01.avi,data/backend_inputs/BalanceBeam_v_BalanceBeam_g01_c01/seed_42/rat_dp/rat_intermediate_merged.mp4,,,
E1,BalanceBeam_v_BalanceBeam_g01_c01,BalanceBeam,Shifted-RAT+traj,8,20,127.387416893,data/ucf101_rescue/UCF-101/BalanceBeam/v_BalanceBeam_g01_c01.avi,data/backend_inputs/BalanceBeam_v_BalanceBeam_g01_c01/seed_42/rat_dp/rat_intermediate_merged.mp4,,,
E1,BalanceBeam_v_BalanceBeam_g01_c01,BalanceBeam,RAT-fusion,8,20,127.387416893,data/ucf101_rescue/UCF-101/BalanceBeam/v_BalanceBeam_g01_c01.avi,data/backend_inputs/BalanceBeam_v_BalanceBeam_g01_c01/seed_42/rat_dp/rat_intermediate_merged.mp4,,,
E1,BalanceBeam_v_BalanceBeam_g01_c01,BalanceBeam,Shifted-RAT-fusion,8,20,127.387416893,data/ucf101_rescue/UCF-101/BalanceBeam/v_BalanceBeam_g01_c01.avi,data/backend_inputs/BalanceBeam_v_BalanceBeam_g01_c01/seed_42/rat_dp/rat_intermediate_merged.mp4,,,
E1,BalanceBeam_v_BalanceBeam_g01_c01,BalanceBeam,VideoMAE-only,8,20,127.387416893,data/ucf101_rescue/UCF-101/BalanceBeam/v_BalanceBeam_g01_c01.avi,data/backend_inputs/BalanceBeam_v_BalanceBeam_g01_c01/seed_42/rat_dp/rat_intermediate_merged.mp4,,,
E1,BalanceBeam_v_BalanceBeam_g01_c01,BalanceBeam,RAT+traj,42,20,127.387416893,data/ucf101_rescue/UCF-101/BalanceBeam/v_BalanceBeam_g01_c01.avi,data/backend_inputs/BalanceBeam_v_BalanceBeam_g01_c01/seed_42/rat_dp/rat_intermediate_merged.mp4,,,
E1,BalanceBeam_v_BalanceBeam_g01_c01,BalanceBeam,Motion-reference,42,20,127.387416893,data/ucf101_rescue/UCF-101/BalanceBeam/v_BalanceBeam_g01_c01.avi,data/backend_inputs/BalanceBeam_v_BalanceBeam_g01_c01/seed_42/rat_dp/rat_intermediate_merged.mp4,,,
E1,BalanceBeam_v_BalanceBeam_g01_c01,BalanceBeam,Random,42,20,127.387416893,data/ucf101_rescue/UCF-101/BalanceBeam/v_BalanceBeam_g01_c01.avi,data/backend_inputs/BalanceBeam_v_BalanceBeam_g01_c01/seed_42/rat_dp/rat_intermediate_merged.mp4,,,
E1,BalanceBeam_v_BalanceBeam_g01_c01,BalanceBeam,Shifted-RAT+traj,42,20,127.387416893,data/ucf101_rescue/UCF-101/BalanceBeam/v_BalanceBeam_g01_c01.avi,data/backend_inputs/BalanceBeam_v_BalanceBeam_g01_c01/seed_42/rat_dp/rat_intermediate_merged.mp4,,,
E1,BalanceBeam_v_BalanceBeam_g01_c01,BalanceBeam,RAT-fusion,42,20,127.387416893,data/ucf101_rescue/UCF-101/BalanceBeam/v_BalanceBeam_g01_c01.avi,data/backend_inputs/BalanceBeam_v_BalanceBeam_g01_c01/seed_42/rat_dp/rat_intermediate_merged.mp4,,,
E1,BalanceBeam_v_BalanceBeam_g01_c01,BalanceBeam,Shifted-RAT-fusion,42,20,127.387416893,data/ucf101_rescue/UCF-101/BalanceBeam/v_BalanceBeam_g01_c01.avi,data/backend_inputs/BalanceBeam_v_BalanceBeam_g01_c01/seed_42/rat_dp/rat_intermediate_merged.mp4,,,
E1,BalanceBeam_v_BalanceBeam_g01_c01,BalanceBeam,VideoMAE-only,42,20,127.387416893,data/ucf101_rescue/UCF-101/BalanceBeam/v_BalanceBeam_g01_c01.avi,data/backend_inputs/BalanceBeam_v_BalanceBeam_g01_c01/seed_42/rat_dp/rat_intermediate_merged.mp4,,,
E1,BalanceBeam_v_BalanceBeam_g02_c01,BalanceBeam,RAT+traj,0,20,103.175943963,data/ucf101_rescue/UCF-101/BalanceBeam/v_BalanceBeam_g02_c01.avi,data/backend_inputs/BalanceBeam_v_BalanceBeam_g02_c01/seed_42/rat_dp/rat_intermediate_merged.mp4,,,
E1,BalanceBeam_v_BalanceBeam_g02_c01,BalanceBeam,Motion-reference,0,20,103.175943963,data/ucf101_rescue/UCF-101/BalanceBeam/v_BalanceBeam_g02_c01.avi,data/backend_inputs/BalanceBeam_v_BalanceBeam_g02_c01/seed_42/rat_dp/rat_intermediate_merged.mp4,,,
E1,BalanceBeam_v_BalanceBeam_g02_c01,BalanceBeam,Random,0,20,103.175943963,data/ucf101_rescue/UCF-101/BalanceBeam/v_BalanceBeam_g02_c01.avi,data/backend_inputs/BalanceBeam_v_BalanceBeam_g02_c01/seed_42/rat_dp/rat_intermediate_merged.mp4,,,
E1,BalanceBeam_v_BalanceBeam_g02_c01,BalanceBeam,Shifted-RAT+traj,0,20,103.175943963,data/ucf101_rescue/UCF-101/BalanceBeam/v_BalanceBeam_g02_c01.avi,data/backend_inputs/BalanceBeam_v_BalanceBeam_g02_c01/seed_42/rat_dp/rat_intermediate_merged.mp4,,,
E1,BalanceBeam_v_BalanceBeam_g02_c01,BalanceBeam,RAT-fusion,0,20,103.175943963,data/ucf101_rescue/UCF-101/BalanceBeam/v_BalanceBeam_g02_c01.avi,data/backend_inputs/BalanceBeam_v_BalanceBeam_g02_c01/seed_42/rat_dp/rat_intermediate_merged.mp4,,,
E1,BalanceBeam_v_BalanceBeam_g02_c01,BalanceBeam,Shifted-RAT-fusion,0,20,103.175943963,data/ucf101_rescue/UCF-101/BalanceBeam/v_BalanceBeam_g02_c01.avi,data/backend_inputs/BalanceBeam_v_BalanceBeam_g02_c01/seed_42/rat_dp/rat_intermediate_merged.mp4,,,
E1,BalanceBeam_v_BalanceBeam_g02_c01,BalanceBeam,VideoMAE-only,0,20,103.175943963,data/ucf101_rescue/UCF-101/BalanceBeam/v_BalanceBeam_g02_c01.avi,data/backend_inputs/BalanceBeam_v_BalanceBeam_g02_c01/seed_42/rat_dp/rat_intermediate_merged.mp4,,,
E1,BalanceBeam_v_BalanceBeam_g02_c01,BalanceBeam,RAT+traj,1,20,103.175943963,data/ucf101_rescue/UCF-101/BalanceBeam/v_BalanceBeam_g02_c01.avi,data/backend_inputs/BalanceBeam_v_BalanceBeam_g02_c01/seed_42/rat_dp/rat_intermediate_merged.mp4,,,
E1,BalanceBeam_v_BalanceBeam_g02_c01,BalanceBeam,Motion-reference,1,20,103.175943963,data/ucf101_rescue/UCF-101/BalanceBeam/v_BalanceBeam_g02_c01.avi,data/backend_inputs/BalanceBeam_v_BalanceBeam_g02_c01/seed_42/rat_dp/rat_intermediate_merged.mp4,,,
E1,BalanceBeam_v_BalanceBeam_g02_c01,BalanceBeam,Random,1,20,103.175943963,data/ucf101_rescue/UCF-101/BalanceBeam/v_BalanceBeam_g02_c01.avi,data/backend_inputs/BalanceBeam_v_BalanceBeam_g02_c01/seed_42/rat_dp/rat_intermediate_merged.mp4,,,
E1,BalanceBeam_v_BalanceBeam_g02_c01,BalanceBeam,Shifted-RAT+traj,1,20,103.175943963,data/ucf101_rescue/UCF-101/BalanceBeam/v_BalanceBeam_g02_c01.avi,data/backend_inputs/BalanceBeam_v_BalanceBeam_g02_c01/seed_42/rat_dp/rat_intermediate_merged.mp4,,,
E1,BalanceBeam_v_BalanceBeam_g02_c01,BalanceBeam,RAT-fusion,1,20,103.175943963,data/ucf101_rescue/UCF-101/BalanceBeam/v_BalanceBeam_g02_c01.avi,data/backend_inputs/BalanceBeam_v_BalanceBeam_g02_c01/seed_42/rat_dp/rat_intermediate_merged.mp4,,,
E1,BalanceBeam_v_BalanceBeam_g02_c01,BalanceBeam,Shifted-RAT-fusion,1,20,103.175943963,data/ucf101_rescue/UCF-101/BalanceBeam/v_BalanceBeam_g02_c01.avi,data/backend_inputs/BalanceBeam_v_BalanceBeam_g02_c01/seed_42/rat_dp/rat_intermediate_merged.mp4,,,
E1,BalanceBeam_v_BalanceBeam_g02_c01,BalanceBeam,VideoMAE-only,1,20,103.175943963,data/ucf101_rescue/UCF-101/BalanceBeam/v_BalanceBeam_g02_c01.avi,data/backend_inputs/BalanceBeam_v_BalanceBeam_g02_c01/seed_42/rat_dp/rat_intermediate_merged.mp4,,,
E1,BalanceBeam_v_BalanceBeam_g02_c01,BalanceBeam,RAT+traj,2,20,103.175943963,data/ucf101_rescue/UCF-101/BalanceBeam/v_BalanceBeam_g02_c01.avi,data/backend_inputs/BalanceBeam_v_BalanceBeam_g02_c01/seed_42/rat_dp/rat_intermediate_merged.mp4,,,
E1,BalanceBeam_v_BalanceBeam_g02_c01,BalanceBeam,Motion-reference,2,20,103.175943963,data/ucf101_rescue/UCF-101/BalanceBeam/v_BalanceBeam_g02_c01.avi,data/backend_inputs/BalanceBeam_v_BalanceBeam_g02_c01/seed_42/rat_dp/rat_intermediate_merged.mp4,,,
E1,BalanceBeam_v_BalanceBeam_g02_c01,BalanceBeam,Random,2,20,103.175943963,data/ucf101_rescue/UCF-101/BalanceBeam/v_BalanceBeam_g02_c01.avi,data/backend_inputs/BalanceBeam_v_BalanceBeam_g02_c01/seed_42/rat_dp/rat_intermediate_merged.mp4,,,
E1,BalanceBeam_v_BalanceBeam_g02_c01,BalanceBeam,Shifted-RAT+traj,2,20,103.175943963,data/ucf101_rescue/UCF-101/BalanceBeam/v_BalanceBeam_g02_c01.avi,data/backend_inputs/BalanceBeam_v_BalanceBeam_g02_c01/seed_42/rat_dp/rat_intermediate_merged.mp4,,,
E1,BalanceBeam_v_BalanceBeam_g02_c01,BalanceBeam,RAT-fusion,2,20,103.175943963,data/ucf101_rescue/UCF-101/BalanceBeam/v_BalanceBeam_g02_c01.avi,data/backend_inputs/BalanceBeam_v_BalanceBeam_g02_c01/seed_42/rat_dp/rat_intermediate_merged.mp4,,,
E1,BalanceBeam_v_BalanceBeam_g02_c01,BalanceBeam,Shifted-RAT-fusion,2,20,103.175943963,data/ucf101_rescue/UCF-101/BalanceBeam/v_BalanceBeam_g02_c01.avi,data/backend_inputs/BalanceBeam_v_BalanceBeam_g02_c01/seed_42/rat_dp/rat_intermediate_merged.mp4,,,
E1,BalanceBeam_v_BalanceBeam_g02_c01,BalanceBeam,VideoMAE-only,2,20,103.175943963,data/ucf101_rescue/UCF-101/BalanceBeam/v_BalanceBeam_g02_c01.avi,data/backend_inputs/BalanceBeam_v_BalanceBeam_g02_c01/seed_42/rat_dp/rat_intermediate_merged.mp4,,,
E1,BalanceBeam_v_BalanceBeam_g02_c01,BalanceBeam,RAT+traj,3,20,103.175943963,data/ucf101_rescue/UCF-101/BalanceBeam/v_BalanceBeam_g02_c01.avi,data/backend_inputs/BalanceBeam_v_BalanceBeam_g02_c01/seed_42/rat_dp/rat_intermediate_merged.mp4,,,
E1,BalanceBeam_v_BalanceBeam_g02_c01,BalanceBeam,Motion-reference,3,20,103.175943963,data/ucf101_rescue/UCF-101/BalanceBeam/v_BalanceBeam_g02_c01.avi,data/backend_inputs/BalanceBeam_v_BalanceBeam_g02_c01/seed_42/rat_dp/rat_intermediate_merged.mp4,,,
E1,BalanceBeam_v_BalanceBeam_g02_c01,BalanceBeam,Random,3,20,103.175943963,data/ucf101_rescue/UCF-101/BalanceBeam/v_BalanceBeam_g02_c01.avi,data/backend_inputs/BalanceBeam_v_BalanceBeam_g02_c01/seed_42/rat_dp/rat_intermediate_merged.mp4,,,
E1,BalanceBeam_v_BalanceBeam_g02_c01,BalanceBeam,Shifted-RAT+traj,3,20,103.175943963,data/ucf101_rescue/UCF-101/BalanceBeam/v_BalanceBeam_g02_c01.avi,data/backend_inputs/BalanceBeam_v_BalanceBeam_g02_c01/seed_42/rat_dp/rat_intermediate_merged.mp4,,,
E1,BalanceBeam_v_BalanceBeam_g02_c01,BalanceBeam,RAT-fusion,3,20,103.175943963,data/ucf101_rescue/UCF-101/BalanceBeam/v_BalanceBeam_g02_c01.avi,data/backend_inputs/BalanceBeam_v_BalanceBeam_g02_c01/seed_42/rat_dp/rat_intermediate_merged.mp4,,,
E1,BalanceBeam_v_BalanceBeam_g02_c01,BalanceBeam,Shifted-RAT-fusion,3,20,103.175943963,data/ucf101_rescue/UCF-101/BalanceBeam/v_BalanceBeam_g02_c01.avi,data/backend_inputs/BalanceBeam_v_BalanceBeam_g02_c01/seed_42/rat_dp/rat_intermediate_merged.mp4,,,
E1,BalanceBeam_v_BalanceBeam_g02_c01,BalanceBeam,VideoMAE-only,3,20,103.175943963,data/ucf101_rescue/UCF-101/BalanceBeam/v_BalanceBeam_g02_c01.avi,data/backend_inputs/BalanceBeam_v_BalanceBeam_g02_c01/seed_42/rat_dp/rat_intermediate_merged.mp4,,,
E1,BalanceBeam_v_BalanceBeam_g02_c01,BalanceBeam,RAT+traj,4,20,103.175943963,data/ucf101_rescue/UCF-101/BalanceBeam/v_BalanceBeam_g02_c01.avi,data/backend_inputs/BalanceBeam_v_BalanceBeam_g02_c01/seed_42/rat_dp/rat_intermediate_merged.mp4,,,
E1,BalanceBeam_v_BalanceBeam_g02_c01,BalanceBeam,Motion-reference,4,20,103.175943963,data/ucf101_rescue/UCF-101/BalanceBeam/v_BalanceBeam_g02_c01.avi,data/backend_inputs/BalanceBeam_v_BalanceBeam_g02_c01/seed_42/rat_dp/rat_intermediate_merged.mp4,,,
E1,BalanceBeam_v_BalanceBeam_g02_c01,BalanceBeam,Random,4,20,103.175943963,data/ucf101_rescue/UCF-101/BalanceBeam/v_BalanceBeam_g02_c01.avi,data/backend_inputs/BalanceBeam_v_BalanceBeam_g02_c01/seed_42/rat_dp/rat_intermediate_merged.mp4,,,
E1,BalanceBeam_v_BalanceBeam_g02_c01,BalanceBeam,Shifted-RAT+traj,4,20,103.175943963,data/ucf101_rescue/UCF-101/BalanceBeam/v_BalanceBeam_g02_c01.avi,data/backend_inputs/BalanceBeam_v_BalanceBeam_g02_c01/seed_42/rat_dp/rat_intermediate_merged.mp4,,,
E1,BalanceBeam_v_BalanceBeam_g02_c01,BalanceBeam,RAT-fusion,4,20,103.175943963,data/ucf101_rescue/UCF-101/BalanceBeam/v_BalanceBeam_g02_c01.avi,data/backend_inputs/BalanceBeam_v_BalanceBeam_g02_c01/seed_42/rat_dp/rat_intermediate_merged.mp4,,,
E1,BalanceBeam_v_BalanceBeam_g02_c01,BalanceBeam,Shifted-RAT-fusion,4,20,103.175943963,data/ucf101_rescue/UCF-101/BalanceBeam/v_BalanceBeam_g02_c01.avi,data/backend_inputs/BalanceBeam_v_BalanceBeam_g02_c01/seed_42/rat_dp/rat_intermediate_merged.mp4,,,
E1,BalanceBeam_v_BalanceBeam_g02_c01,BalanceBeam,VideoMAE-only,4,20,103.175943963,data/ucf101_rescue/UCF-101/BalanceBeam/v_BalanceBeam_g02_c01.avi,data/backend_inputs/BalanceBeam_v_BalanceBeam_g02_c01/seed_42/rat_dp/rat_intermediate_merged.mp4,,,
E1,BalanceBeam_v_BalanceBeam_g02_c01,BalanceBeam,RAT+traj,5,20,103.175943963,data/ucf101_rescue/UCF-101/BalanceBeam/v_BalanceBeam_g02_c01.avi,data/backend_inputs/BalanceBeam_v_BalanceBeam_g02_c01/seed_42/rat_dp/rat_intermediate_merged.mp4,,,
E1,BalanceBeam_v_BalanceBeam_g02_c01,BalanceBeam,Motion-reference,5,20,103.175943963,data/ucf101_rescue/UCF-101/BalanceBeam/v_BalanceBeam_g02_c01.avi,data/backend_inputs/BalanceBeam_v_BalanceBeam_g02_c01/seed_42/rat_dp/rat_intermediate_merged.mp4,,,
E1,BalanceBeam_v_BalanceBeam_g02_c01,BalanceBeam,Random,5,20,103.175943963,data/ucf101_rescue/UCF-101/BalanceBeam/v_BalanceBeam_g02_c01.avi,data/backend_inputs/BalanceBeam_v_BalanceBeam_g02_c01/seed_42/rat_dp/rat_intermediate_merged.mp4,,,
E1,BalanceBeam_v_BalanceBeam_g02_c01,BalanceBeam,Shifted-RAT+traj,5,20,103.175943963,data/ucf101_rescue/UCF-101/BalanceBeam/v_BalanceBeam_g02_c01.avi,data/backend_inputs/BalanceBeam_v_BalanceBeam_g02_c01/seed_42/rat_dp/rat_intermediate_merged.mp4,,,
E1,BalanceBeam_v_BalanceBeam_g02_c01,BalanceBeam,RAT-fusion,5,20,103.175943963,data/ucf101_rescue/UCF-101/BalanceBeam/v_BalanceBeam_g02_c01.avi,data/backend_inputs/BalanceBeam_v_BalanceBeam_g02_c01/seed_42/rat_dp/rat_intermediate_merged.mp4,,,
E1,BalanceBeam_v_BalanceBeam_g02_c01,BalanceBeam,Shifted-RAT-fusion,5,20,103.175943963,data/ucf101_rescue/UCF-101/BalanceBeam/v_BalanceBeam_g02_c01.avi,data/backend_inputs/BalanceBeam_v_BalanceBeam_g02_c01/seed_42/rat_dp/rat_intermediate_merged.mp4,,,
E1,BalanceBeam_v_BalanceBeam_g02_c01,BalanceBeam,VideoMAE-only,5,20,103.175943963,data/ucf101_rescue/UCF-101/BalanceBeam/v_BalanceBeam_g02_c01.avi,data/backend_inputs/BalanceBeam_v_BalanceBeam_g02_c01/seed_42/rat_dp/rat_intermediate_merged.mp4,,,
E1,BalanceBeam_v_BalanceBeam_g02_c01,BalanceBeam,RAT+traj,6,20,103.175943963,data/ucf101_rescue/UCF-101/BalanceBeam/v_BalanceBeam_g02_c01.avi,data/backend_inputs/BalanceBeam_v_BalanceBeam_g02_c01/seed_42/rat_dp/rat_intermediate_merged.mp4,,,
E1,BalanceBeam_v_BalanceBeam_g02_c01,BalanceBeam,Motion-reference,6,20,103.175943963,data/ucf101_rescue/UCF-101/BalanceBeam/v_BalanceBeam_g02_c01.avi,data/backend_inputs/BalanceBeam_v_BalanceBeam_g02_c01/seed_42/rat_dp/rat_intermediate_merged.mp4,,,
E1,BalanceBeam_v_BalanceBeam_g02_c01,BalanceBeam,Random,6,20,103.175943963,data/ucf101_rescue/UCF-101/BalanceBeam/v_BalanceBeam_g02_c01.avi,data/backend_inputs/BalanceBeam_v_BalanceBeam_g02_c01/seed_42/rat_dp/rat_intermediate_merged.mp4,,,
E1,BalanceBeam_v_BalanceBeam_g02_c01,BalanceBeam,Shifted-RAT+traj,6,20,103.175943963,data/ucf101_rescue/UCF-101/BalanceBeam/v_BalanceBeam_g02_c01.avi,data/backend_inputs/BalanceBeam_v_BalanceBeam_g02_c01/seed_42/rat_dp/rat_intermediate_merged.mp4,,,
E1,BalanceBeam_v_BalanceBeam_g02_c01,BalanceBeam,RAT-fusion,6,20,103.175943963,data/ucf101_rescue/UCF-101/BalanceBeam/v_BalanceBeam_g02_c01.avi,data/backend_inputs/BalanceBeam_v_BalanceBeam_g02_c01/seed_42/rat_dp/rat_intermediate_merged.mp4,,,
E1,BalanceBeam_v_BalanceBeam_g02_c01,BalanceBeam,Shifted-RAT-fusion,6,20,103.175943963,data/ucf101_rescue/UCF-101/BalanceBeam/v_BalanceBeam_g02_c01.avi,data/backend_inputs/BalanceBeam_v_BalanceBeam_g02_c01/seed_42/rat_dp/rat_intermediate_merged.mp4,,,
E1,BalanceBeam_v_BalanceBeam_g02_c01,BalanceBeam,VideoMAE-only,6,20,103.175943963,data/ucf101_rescue/UCF-101/BalanceBeam/v_BalanceBeam_g02_c01.avi,data/backend_inputs/BalanceBeam_v_BalanceBeam_g02_c01/seed_42/rat_dp/rat_intermediate_merged.mp4,,,
E1,BalanceBeam_v_BalanceBeam_g02_c01,BalanceBeam,RAT+traj,7,20,103.175943963,data/ucf101_rescue/UCF-101/BalanceBeam/v_BalanceBeam_g02_c01.avi,data/backend_inputs/BalanceBeam_v_BalanceBeam_g02_c01/seed_42/rat_dp/rat_intermediate_merged.mp4,,,
E1,BalanceBeam_v_BalanceBeam_g02_c01,BalanceBeam,Motion-reference,7,20,103.175943963,data/ucf101_rescue/UCF-101/BalanceBeam/v_BalanceBeam_g02_c01.avi,data/backend_inputs/BalanceBeam_v_BalanceBeam_g02_c01/seed_42/rat_dp/rat_intermediate_merged.mp4,,,
E1,BalanceBeam_v_BalanceBeam_g02_c01,BalanceBeam,Random,7,20,103.175943963,data/ucf101_rescue/UCF-101/BalanceBeam/v_BalanceBeam_g02_c01.avi,data/backend_inputs/BalanceBeam_v_BalanceBeam_g02_c01/seed_42/rat_dp/rat_intermediate_merged.mp4,,,
E1,BalanceBeam_v_BalanceBeam_g02_c01,BalanceBeam,Shifted-RAT+traj,7,20,103.175943963,data/ucf101_rescue/UCF-101/BalanceBeam/v_BalanceBeam_g02_c01.avi,data/backend_inputs/BalanceBeam_v_BalanceBeam_g02_c01/seed_42/rat_dp/rat_intermediate_merged.mp4,,,
E1,BalanceBeam_v_BalanceBeam_g02_c01,BalanceBeam,RAT-fusion,7,20,103.175943963,data/ucf101_rescue/UCF-101/BalanceBeam/v_BalanceBeam_g02_c01.avi,data/backend_inputs/BalanceBeam_v_BalanceBeam_g02_c01/seed_42/rat_dp/rat_intermediate_merged.mp4,,,
E1,BalanceBeam_v_BalanceBeam_g02_c01,BalanceBeam,Shifted-RAT-fusion,7,20,103.175943963,data/ucf101_rescue/UCF-101/BalanceBeam/v_BalanceBeam_g02_c01.avi,data/backend_inputs/BalanceBeam_v_BalanceBeam_g02_c01/seed_42/rat_dp/rat_intermediate_merged.mp4,,,
E1,BalanceBeam_v_BalanceBeam_g02_c01,BalanceBeam,VideoMAE-only,7,20,103.175943963,data/ucf101_rescue/UCF-101/BalanceBeam/v_BalanceBeam_g02_c01.avi,data/backend_inputs/BalanceBeam_v_BalanceBeam_g02_c01/seed_42/rat_dp/rat_intermediate_merged.mp4,,,
E1,BalanceBeam_v_BalanceBeam_g02_c01,BalanceBeam,RAT+traj,8,20,103.175943963,data/ucf101_rescue/UCF-101/BalanceBeam/v_BalanceBeam_g02_c01.avi,data/backend_inputs/BalanceBeam_v_BalanceBeam_g02_c01/seed_42/rat_dp/rat_intermediate_merged.mp4,,,
E1,BalanceBeam_v_BalanceBeam_g02_c01,BalanceBeam,Motion-reference,8,20,103.175943963,data/ucf101_rescue/UCF-101/BalanceBeam/v_BalanceBeam_g02_c01.avi,data/backend_inputs/BalanceBeam_v_BalanceBeam_g02_c01/seed_42/rat_dp/rat_intermediate_merged.mp4,,,
E1,BalanceBeam_v_BalanceBeam_g02_c01,BalanceBeam,Random,8,20,103.175943963,data/ucf101_rescue/UCF-101/BalanceBeam/v_BalanceBeam_g02_c01.avi,data/backend_inputs/BalanceBeam_v_BalanceBeam_g02_c01/seed_42/rat_dp/rat_intermediate_merged.mp4,,,
E1,BalanceBeam_v_BalanceBeam_g02_c01,BalanceBeam,Shifted-RAT+traj,8,20,103.175943963,data/ucf101_rescue/UCF-101/BalanceBeam/v_BalanceBeam_g02_c01.avi,data/backend_inputs/BalanceBeam_v_BalanceBeam_g02_c01/seed_42/rat_dp/rat_intermediate_merged.mp4,,,
E1,BalanceBeam_v_BalanceBeam_g02_c01,BalanceBeam,RAT-fusion,8,20,103.175943963,data/ucf101_rescue/UCF-101/BalanceBeam/v_BalanceBeam_g02_c01.avi,data/backend_inputs/BalanceBeam_v_BalanceBeam_g02_c01/seed_42/rat_dp/rat_intermediate_merged.mp4,,,
E1,BalanceBeam_v_BalanceBeam_g02_c01,BalanceBeam,Shifted-RAT-fusion,8,20,103.175943963,data/ucf101_rescue/UCF-101/BalanceBeam/v_BalanceBeam_g02_c01.avi,data/backend_inputs/BalanceBeam_v_BalanceBeam_g02_c01/seed_42/rat_dp/rat_intermediate_merged.mp4,,,
E1,BalanceBeam_v_BalanceBeam_g02_c01,BalanceBeam,VideoMAE-only,8,20,103.175943963,data/ucf101_rescue/UCF-101/BalanceBeam/v_BalanceBeam_g02_c01.avi,data/backend_inputs/BalanceBeam_v_BalanceBeam_g02_c01/seed_42/rat_dp/rat_intermediate_merged.mp4,,,
E1,BalanceBeam_v_BalanceBeam_g02_c01,BalanceBeam,RAT+traj,42,20,103.175943963,data/ucf101_rescue/UCF-101/BalanceBeam/v_BalanceBeam_g02_c01.avi,data/backend_inputs/BalanceBeam_v_BalanceBeam_g02_c01/seed_42/rat_dp/rat_intermediate_merged.mp4,,,
E1,BalanceBeam_v_BalanceBeam_g02_c01,BalanceBeam,Motion-reference,42,20,103.175943963,data/ucf101_rescue/UCF-101/BalanceBeam/v_BalanceBeam_g02_c01.avi,data/backend_inputs/BalanceBeam_v_BalanceBeam_g02_c01/seed_42/rat_dp/rat_intermediate_merged.mp4,,,
E1,BalanceBeam_v_BalanceBeam_g02_c01,BalanceBeam,Random,42,20,103.175943963,data/ucf101_rescue/UCF-101/BalanceBeam/v_BalanceBeam_g02_c01.avi,data/backend_inputs/BalanceBeam_v_BalanceBeam_g02_c01/seed_42/rat_dp/rat_intermediate_merged.mp4,,,
E1,BalanceBeam_v_BalanceBeam_g02_c01,BalanceBeam,Shifted-RAT+traj,42,20,103.175943963,data/ucf101_rescue/UCF-101/BalanceBeam/v_BalanceBeam_g02_c01.avi,data/backend_inputs/BalanceBeam_v_BalanceBeam_g02_c01/seed_42/rat_dp/rat_intermediate_merged.mp4,,,
E1,BalanceBeam_v_BalanceBeam_g02_c01,BalanceBeam,RAT-fusion,42,20,103.175943963,data/ucf101_rescue/UCF-101/BalanceBeam/v_BalanceBeam_g02_c01.avi,data/backend_inputs/BalanceBeam_v_BalanceBeam_g02_c01/seed_42/rat_dp/rat_intermediate_merged.mp4,,,
E1,BalanceBeam_v_BalanceBeam_g02_c01,BalanceBeam,Shifted-RAT-fusion,42,20,103.175943963,data/ucf101_rescue/UCF-101/BalanceBeam/v_BalanceBeam_g02_c01.avi,data/backend_inputs/BalanceBeam_v_BalanceBeam_g02_c01/seed_42/rat_dp/rat_intermediate_merged.mp4,,,
E1,BalanceBeam_v_BalanceBeam_g02_c01,BalanceBeam,VideoMAE-only,42,20,103.175943963,data/ucf101_rescue/UCF-101/BalanceBeam/v_BalanceBeam_g02_c01.avi,data/backend_inputs/BalanceBeam_v_BalanceBeam_g02_c01/seed_42/rat_dp/rat_intermediate_merged.mp4,,,
E1,BalanceBeam_v_BalanceBeam_g03_c01,BalanceBeam,RAT+traj,0,20,159.920683705,data/ucf101_rescue/UCF-101/BalanceBeam/v_BalanceBeam_g03_c01.avi,data/backend_inputs/BalanceBeam_v_BalanceBeam_g03_c01/seed_42/rat_dp/rat_intermediate_merged.mp4,,,
E1,BalanceBeam_v_BalanceBeam_g03_c01,BalanceBeam,Motion-reference,0,20,159.920683705,data/ucf101_rescue/UCF-101/BalanceBeam/v_BalanceBeam_g03_c01.avi,data/backend_inputs/BalanceBeam_v_BalanceBeam_g03_c01/seed_42/rat_dp/rat_intermediate_merged.mp4,,,
E1,BalanceBeam_v_BalanceBeam_g03_c01,BalanceBeam,Random,0,20,159.920683705,data/ucf101_rescue/UCF-101/BalanceBeam/v_BalanceBeam_g03_c01.avi,data/backend_inputs/BalanceBeam_v_BalanceBeam_g03_c01/seed_42/rat_dp/rat_intermediate_merged.mp4,,,
E1,BalanceBeam_v_BalanceBeam_g03_c01,BalanceBeam,Shifted-RAT+traj,0,20,159.920683705,data/ucf101_rescue/UCF-101/BalanceBeam/v_BalanceBeam_g03_c01.avi,data/backend_inputs/BalanceBeam_v_BalanceBeam_g03_c01/seed_42/rat_dp/rat_intermediate_merged.mp4,,,
E1,BalanceBeam_v_BalanceBeam_g03_c01,BalanceBeam,RAT-fusion,0,20,159.920683705,data/ucf101_rescue/UCF-101/BalanceBeam/v_BalanceBeam_g03_c01.avi,data/backend_inputs/BalanceBeam_v_BalanceBeam_g03_c01/seed_42/rat_dp/rat_intermediate_merged.mp4,,,
E1,BalanceBeam_v_BalanceBeam_g03_c01,BalanceBeam,Shifted-RAT-fusion,0,20,159.920683705,data/ucf101_rescue/UCF-101/BalanceBeam/v_BalanceBeam_g03_c01.avi,data/backend_inputs/BalanceBeam_v_BalanceBeam_g03_c01/seed_42/rat_dp/rat_intermediate_merged.mp4,,,
E1,BalanceBeam_v_BalanceBeam_g03_c01,BalanceBeam,VideoMAE-only,0,20,159.920683705,data/ucf101_rescue/UCF-101/BalanceBeam/v_BalanceBeam_g03_c01.avi,data/backend_inputs/BalanceBeam_v_BalanceBeam_g03_c01/seed_42/rat_dp/rat_intermediate_merged.mp4,,,
E1,BalanceBeam_v_BalanceBeam_g03_c01,BalanceBeam,RAT+traj,1,20,159.920683705,data/ucf101_rescue/UCF-101/BalanceBeam/v_BalanceBeam_g03_c01.avi,data/backend_inputs/BalanceBeam_v_BalanceBeam_g03_c01/seed_42/rat_dp/rat_intermediate_merged.mp4,,,
E1,BalanceBeam_v_BalanceBeam_g03_c01,BalanceBeam,Motion-reference,1,20,159.920683705,data/ucf101_rescue/UCF-101/BalanceBeam/v_BalanceBeam_g03_c01.avi,data/backend_inputs/BalanceBeam_v_BalanceBeam_g03_c01/seed_42/rat_dp/rat_intermediate_merged.mp4,,,
E1,BalanceBeam_v_BalanceBeam_g03_c01,BalanceBeam,Random,1,20,159.920683705,data/ucf101_rescue/UCF-101/BalanceBeam/v_BalanceBeam_g03_c01.avi,data/backend_inputs/BalanceBeam_v_BalanceBeam_g03_c01/seed_42/rat_dp/rat_intermediate_merged.mp4,,,
E1,BalanceBeam_v_BalanceBeam_g03_c01,BalanceBeam,Shifted-RAT+traj,1,20,159.920683705,data/ucf101_rescue/UCF-101/BalanceBeam/v_BalanceBeam_g03_c01.avi,data/backend_inputs/BalanceBeam_v_BalanceBeam_g03_c01/seed_42/rat_dp/rat_intermediate_merged.mp4,,,
E1,BalanceBeam_v_BalanceBeam_g03_c01,BalanceBeam,RAT-fusion,1,20,159.920683705,data/ucf101_rescue/UCF-101/BalanceBeam/v_BalanceBeam_g03_c01.avi,data/backend_inputs/BalanceBeam_v_BalanceBeam_g03_c01/seed_42/rat_dp/rat_intermediate_merged.mp4,,,
E1,BalanceBeam_v_BalanceBeam_g03_c01,BalanceBeam,Shifted-RAT-fusion,1,20,159.920683705,data/ucf101_rescue/UCF-101/BalanceBeam/v_BalanceBeam_g03_c01.avi,data/backend_inputs/BalanceBeam_v_BalanceBeam_g03_c01/seed_42/rat_dp/rat_intermediate_merged.mp4,,,
E1,BalanceBeam_v_BalanceBeam_g03_c01,BalanceBeam,VideoMAE-only,1,20,159.920683705,data/ucf101_rescue/UCF-101/BalanceBeam/v_BalanceBeam_g03_c01.avi,data/backend_inputs/BalanceBeam_v_BalanceBeam_g03_c01/seed_42/rat_dp/rat_intermediate_merged.mp4,,,
E1,BalanceBeam_v_BalanceBeam_g03_c01,BalanceBeam,RAT+traj,2,20,159.920683705,data/ucf101_rescue/UCF-101/BalanceBeam/v_BalanceBeam_g03_c01.avi,data/backend_inputs/BalanceBeam_v_BalanceBeam_g03_c01/seed_42/rat_dp/rat_intermediate_merged.mp4,,,
E1,BalanceBeam_v_BalanceBeam_g03_c01,BalanceBeam,Motion-reference,2,20,159.920683705,data/ucf101_rescue/UCF-101/BalanceBeam/v_BalanceBeam_g03_c01.avi,data/backend_inputs/BalanceBeam_v_BalanceBeam_g03_c01/seed_42/rat_dp/rat_intermediate_merged.mp4,,,
E1,BalanceBeam_v_BalanceBeam_g03_c01,BalanceBeam,Random,2,20,159.920683705,data/ucf101_rescue/UCF-101/BalanceBeam/v_BalanceBeam_g03_c01.avi,data/backend_inputs/BalanceBeam_v_BalanceBeam_g03_c01/seed_42/rat_dp/rat_intermediate_merged.mp4,,,
E1,BalanceBeam_v_BalanceBeam_g03_c01,BalanceBeam,Shifted-RAT+traj,2,20,159.920683705,data/ucf101_rescue/UCF-101/BalanceBeam/v_BalanceBeam_g03_c01.avi,data/backend_inputs/BalanceBeam_v_BalanceBeam_g03_c01/seed_42/rat_dp/rat_intermediate_merged.mp4,,,
E1,BalanceBeam_v_BalanceBeam_g03_c01,BalanceBeam,RAT-fusion,2,20,159.920683705,data/ucf101_rescue/UCF-101/BalanceBeam/v_BalanceBeam_g03_c01.avi,data/backend_inputs/BalanceBeam_v_BalanceBeam_g03_c01/seed_42/rat_dp/rat_intermediate_merged.mp4,,,
E1,BalanceBeam_v_BalanceBeam_g03_c01,BalanceBeam,Shifted-RAT-fusion,2,20,159.920683705,data/ucf101_rescue/UCF-101/BalanceBeam/v_BalanceBeam_g03_c01.avi,data/backend_inputs/BalanceBeam_v_BalanceBeam_g03_c01/seed_42/rat_dp/rat_intermediate_merged.mp4,,,
E1,BalanceBeam_v_BalanceBeam_g03_c01,BalanceBeam,VideoMAE-only,2,20,159.920683705,data/ucf101_rescue/UCF-101/BalanceBeam/v_BalanceBeam_g03_c01.avi,data/backend_inputs/BalanceBeam_v_BalanceBeam_g03_c01/seed_42/rat_dp/rat_intermediate_merged.mp4,,,
E1,BalanceBeam_v_BalanceBeam_g03_c01,BalanceBeam,RAT+traj,3,20,159.920683705,data/ucf101_rescue/UCF-101/BalanceBeam/v_BalanceBeam_g03_c01.avi,data/backend_inputs/BalanceBeam_v_BalanceBeam_g03_c01/seed_42/rat_dp/rat_intermediate_merged.mp4,,,
E1,BalanceBeam_v_BalanceBeam_g03_c01,BalanceBeam,Motion-reference,3,20,159.920683705,data/ucf101_rescue/UCF-101/BalanceBeam/v_BalanceBeam_g03_c01.avi,data/backend_inputs/BalanceBeam_v_BalanceBeam_g03_c01/seed_42/rat_dp/rat_intermediate_merged.mp4,,,
E1,BalanceBeam_v_BalanceBeam_g03_c01,BalanceBeam,Random,3,20,159.920683705,data/ucf101_rescue/UCF-101/BalanceBeam/v_BalanceBeam_g03_c01.avi,data/backend_inputs/BalanceBeam_v_BalanceBeam_g03_c01/seed_42/rat_dp/rat_intermediate_merged.mp4,,,
E1,BalanceBeam_v_BalanceBeam_g03_c01,BalanceBeam,Shifted-RAT+traj,3,20,159.920683705,data/ucf101_rescue/UCF-101/BalanceBeam/v_BalanceBeam_g03_c01.avi,data/backend_inputs/BalanceBeam_v_BalanceBeam_g03_c01/seed_42/rat_dp/rat_intermediate_merged.mp4,,,
E1,BalanceBeam_v_BalanceBeam_g03_c01,BalanceBeam,RAT-fusion,3,20,159.920683705,data/ucf101_rescue/UCF-101/BalanceBeam/v_BalanceBeam_g03_c01.avi,data/backend_inputs/BalanceBeam_v_BalanceBeam_g03_c01/seed_42/rat_dp/rat_intermediate_merged.mp4,,,
E1,BalanceBeam_v_BalanceBeam_g03_c01,BalanceBeam,Shifted-RAT-fusion,3,20,159.920683705,data/ucf101_rescue/UCF-101/BalanceBeam/v_BalanceBeam_g03_c01.avi,data/backend_inputs/BalanceBeam_v_BalanceBeam_g03_c01/seed_42/rat_dp/rat_intermediate_merged.mp4,,,
E1,BalanceBeam_v_BalanceBeam_g03_c01,BalanceBeam,VideoMAE-only,3,20,159.920683705,data/ucf101_rescue/UCF-101/BalanceBeam/v_BalanceBeam_g03_c01.avi,data/backend_inputs/BalanceBeam_v_BalanceBeam_g03_c01/seed_42/rat_dp/rat_intermediate_merged.mp4,,,
E1,BalanceBeam_v_BalanceBeam_g03_c01,BalanceBeam,RAT+traj,4,20,159.920683705,data/ucf101_rescue/UCF-101/BalanceBeam/v_BalanceBeam_g03_c01.avi,data/backend_inputs/BalanceBeam_v_BalanceBeam_g03_c01/seed_42/rat_dp/rat_intermediate_merged.mp4,,,
E1,BalanceBeam_v_BalanceBeam_g03_c01,BalanceBeam,Motion-reference,4,20,159.920683705,data/ucf101_rescue/UCF-101/BalanceBeam/v_BalanceBeam_g03_c01.avi,data/backend_inputs/BalanceBeam_v_BalanceBeam_g03_c01/seed_42/rat_dp/rat_intermediate_merged.mp4,,,
E1,BalanceBeam_v_BalanceBeam_g03_c01,BalanceBeam,Random,4,20,159.920683705,data/ucf101_rescue/UCF-101/BalanceBeam/v_BalanceBeam_g03_c01.avi,data/backend_inputs/BalanceBeam_v_BalanceBeam_g03_c01/seed_42/rat_dp/rat_intermediate_merged.mp4,,,
E1,BalanceBeam_v_BalanceBeam_g03_c01,BalanceBeam,Shifted-RAT+traj,4,20,159.920683705,data/ucf101_rescue/UCF-101/BalanceBeam/v_BalanceBeam_g03_c01.avi,data/backend_inputs/BalanceBeam_v_BalanceBeam_g03_c01/seed_42/rat_dp/rat_intermediate_merged.mp4,,,
E1,BalanceBeam_v_BalanceBeam_g03_c01,BalanceBeam,RAT-fusion,4,20,159.920683705,data/ucf101_rescue/UCF-101/BalanceBeam/v_BalanceBeam_g03_c01.avi,data/backend_inputs/BalanceBeam_v_BalanceBeam_g03_c01/seed_42/rat_dp/rat_intermediate_merged.mp4,,,
E1,BalanceBeam_v_BalanceBeam_g03_c01,BalanceBeam,Shifted-RAT-fusion,4,20,159.920683705,data/ucf101_rescue/UCF-101/BalanceBeam/v_BalanceBeam_g03_c01.avi,data/backend_inputs/BalanceBeam_v_BalanceBeam_g03_c01/seed_42/rat_dp/rat_intermediate_merged.mp4,,,
E1,BalanceBeam_v_BalanceBeam_g03_c01,BalanceBeam,VideoMAE-only,4,20,159.920683705,data/ucf101_rescue/UCF-101/BalanceBeam/v_BalanceBeam_g03_c01.avi,data/backend_inputs/BalanceBeam_v_BalanceBeam_g03_c01/seed_42/rat_dp/rat_intermediate_merged.mp4,,,
E1,BalanceBeam_v_BalanceBeam_g03_c01,BalanceBeam,RAT+traj,5,20,159.920683705,data/ucf101_rescue/UCF-101/BalanceBeam/v_BalanceBeam_g03_c01.avi,data/backend_inputs/BalanceBeam_v_BalanceBeam_g03_c01/seed_42/rat_dp/rat_intermediate_merged.mp4,,,
E1,BalanceBeam_v_BalanceBeam_g03_c01,BalanceBeam,Motion-reference,5,20,159.920683705,data/ucf101_rescue/UCF-101/BalanceBeam/v_BalanceBeam_g03_c01.avi,data/backend_inputs/BalanceBeam_v_BalanceBeam_g03_c01/seed_42/rat_dp/rat_intermediate_merged.mp4,,,
E1,BalanceBeam_v_BalanceBeam_g03_c01,BalanceBeam,Random,5,20,159.920683705,data/ucf101_rescue/UCF-101/BalanceBeam/v_BalanceBeam_g03_c01.avi,data/backend_inputs/BalanceBeam_v_BalanceBeam_g03_c01/seed_42/rat_dp/rat_intermediate_merged.mp4,,,
E1,BalanceBeam_v_BalanceBeam_g03_c01,BalanceBeam,Shifted-RAT+traj,5,20,159.920683705,data/ucf101_rescue/UCF-101/BalanceBeam/v_BalanceBeam_g03_c01.avi,data/backend_inputs/BalanceBeam_v_BalanceBeam_g03_c01/seed_42/rat_dp/rat_intermediate_merged.mp4,,,
E1,BalanceBeam_v_BalanceBeam_g03_c01,BalanceBeam,RAT-fusion,5,20,159.920683705,data/ucf101_rescue/UCF-101/BalanceBeam/v_BalanceBeam_g03_c01.avi,data/backend_inputs/BalanceBeam_v_BalanceBeam_g03_c01/seed_42/rat_dp/rat_intermediate_merged.mp4,,,
E1,BalanceBeam_v_BalanceBeam_g03_c01,BalanceBeam,Shifted-RAT-fusion,5,20,159.920683705,data/ucf101_rescue/UCF-101/BalanceBeam/v_BalanceBeam_g03_c01.avi,data/backend_inputs/BalanceBeam_v_BalanceBeam_g03_c01/seed_42/rat_dp/rat_intermediate_merged.mp4,,,
E1,BalanceBeam_v_BalanceBeam_g03_c01,BalanceBeam,VideoMAE-only,5,20,159.920683705,data/ucf101_rescue/UCF-101/BalanceBeam/v_BalanceBeam_g03_c01.avi,data/backend_inputs/BalanceBeam_v_BalanceBeam_g03_c01/seed_42/rat_dp/rat_intermediate_merged.mp4,,,
E1,BalanceBeam_v_BalanceBeam_g03_c01,BalanceBeam,RAT+traj,6,20,159.920683705,data/ucf101_rescue/UCF-101/BalanceBeam/v_BalanceBeam_g03_c01.avi,data/backend_inputs/BalanceBeam_v_BalanceBeam_g03_c01/seed_42/rat_dp/rat_intermediate_merged.mp4,,,
E1,BalanceBeam_v_BalanceBeam_g03_c01,BalanceBeam,Motion-reference,6,20,159.920683705,data/ucf101_rescue/UCF-101/BalanceBeam/v_BalanceBeam_g03_c01.avi,data/backend_inputs/BalanceBeam_v_BalanceBeam_g03_c01/seed_42/rat_dp/rat_intermediate_merged.mp4,,,
E1,BalanceBeam_v_BalanceBeam_g03_c01,BalanceBeam,Random,6,20,159.920683705,data/ucf101_rescue/UCF-101/BalanceBeam/v_BalanceBeam_g03_c01.avi,data/backend_inputs/BalanceBeam_v_BalanceBeam_g03_c01/seed_42/rat_dp/rat_intermediate_merged.mp4,,,
E1,BalanceBeam_v_BalanceBeam_g03_c01,BalanceBeam,Shifted-RAT+traj,6,20,159.920683705,data/ucf101_rescue/UCF-101/BalanceBeam/v_BalanceBeam_g03_c01.avi,data/backend_inputs/BalanceBeam_v_BalanceBeam_g03_c01/seed_42/rat_dp/rat_intermediate_merged.mp4,,,
E1,BalanceBeam_v_BalanceBeam_g03_c01,BalanceBeam,RAT-fusion,6,20,159.920683705,data/ucf101_rescue/UCF-101/BalanceBeam/v_BalanceBeam_g03_c01.avi,data/backend_inputs/BalanceBeam_v_BalanceBeam_g03_c01/seed_42/rat_dp/rat_intermediate_merged.mp4,,,
E1,BalanceBeam_v_BalanceBeam_g03_c01,BalanceBeam,Shifted-RAT-fusion,6,20,159.920683705,data/ucf101_rescue/UCF-101/BalanceBeam/v_BalanceBeam_g03_c01.avi,data/backend_inputs/BalanceBeam_v_BalanceBeam_g03_c01/seed_42/rat_dp/rat_intermediate_merged.mp4,,,
E1,BalanceBeam_v_BalanceBeam_g03_c01,BalanceBeam,VideoMAE-only,6,20,159.920683705,data/ucf101_rescue/UCF-101/BalanceBeam/v_BalanceBeam_g03_c01.avi,data/backend_inputs/BalanceBeam_v_BalanceBeam_g03_c01/seed_42/rat_dp/rat_intermediate_merged.mp4,,,
E1,BalanceBeam_v_BalanceBeam_g03_c01,BalanceBeam,RAT+traj,7,20,159.920683705,data/ucf101_rescue/UCF-101/BalanceBeam/v_BalanceBeam_g03_c01.avi,data/backend_inputs/BalanceBeam_v_BalanceBeam_g03_c01/seed_42/rat_dp/rat_intermediate_merged.mp4,,,
E1,BalanceBeam_v_BalanceBeam_g03_c01,BalanceBeam,Motion-reference,7,20,159.920683705,data/ucf101_rescue/UCF-101/BalanceBeam/v_BalanceBeam_g03_c01.avi,data/backend_inputs/BalanceBeam_v_BalanceBeam_g03_c01/seed_42/rat_dp/rat_intermediate_merged.mp4,,,
E1,BalanceBeam_v_BalanceBeam_g03_c01,BalanceBeam,Random,7,20,159.920683705,data/ucf101_rescue/UCF-101/BalanceBeam/v_BalanceBeam_g03_c01.avi,data/backend_inputs/BalanceBeam_v_BalanceBeam_g03_c01/seed_42/rat_dp/rat_intermediate_merged.mp4,,,
E1,BalanceBeam_v_BalanceBeam_g03_c01,BalanceBeam,Shifted-RAT+traj,7,20,159.920683705,data/ucf101_rescue/UCF-101/BalanceBeam/v_BalanceBeam_g03_c01.avi,data/backend_inputs/BalanceBeam_v_BalanceBeam_g03_c01/seed_42/rat_dp/rat_intermediate_merged.mp4,,,
E1,BalanceBeam_v_BalanceBeam_g03_c01,BalanceBeam,RAT-fusion,7,20,159.920683705,data/ucf101_rescue/UCF-101/BalanceBeam/v_BalanceBeam_g03_c01.avi,data/backend_inputs/BalanceBeam_v_BalanceBeam_g03_c01/seed_42/rat_dp/rat_intermediate_merged.mp4,,,
E1,BalanceBeam_v_BalanceBeam_g03_c01,BalanceBeam,Shifted-RAT-fusion,7,20,159.920683705,data/ucf101_rescue/UCF-101/BalanceBeam/v_BalanceBeam_g03_c01.avi,data/backend_inputs/BalanceBeam_v_BalanceBeam_g03_c01/seed_42/rat_dp/rat_intermediate_merged.mp4,,,
E1,BalanceBeam_v_BalanceBeam_g03_c01,BalanceBeam,VideoMAE-only,7,20,159.920683705,data/ucf101_rescue/UCF-101/BalanceBeam/v_BalanceBeam_g03_c01.avi,data/backend_inputs/BalanceBeam_v_BalanceBeam_g03_c01/seed_42/rat_dp/rat_intermediate_merged.mp4,,,
E1,BalanceBeam_v_BalanceBeam_g03_c01,BalanceBeam,RAT+traj,8,20,159.920683705,data/ucf101_rescue/UCF-101/BalanceBeam/v_BalanceBeam_g03_c01.avi,data/backend_inputs/BalanceBeam_v_BalanceBeam_g03_c01/seed_42/rat_dp/rat_intermediate_merged.mp4,,,
E1,BalanceBeam_v_BalanceBeam_g03_c01,BalanceBeam,Motion-reference,8,20,159.920683705,data/ucf101_rescue/UCF-101/BalanceBeam/v_BalanceBeam_g03_c01.avi,data/backend_inputs/BalanceBeam_v_BalanceBeam_g03_c01/seed_42/rat_dp/rat_intermediate_merged.mp4,,,
E1,BalanceBeam_v_BalanceBeam_g03_c01,BalanceBeam,Random,8,20,159.920683705,data/ucf101_rescue/UCF-101/BalanceBeam/v_BalanceBeam_g03_c01.avi,data/backend_inputs/BalanceBeam_v_BalanceBeam_g03_c01/seed_42/rat_dp/rat_intermediate_merged.mp4,,,
E1,BalanceBeam_v_BalanceBeam_g03_c01,BalanceBeam,Shifted-RAT+traj,8,20,159.920683705,data/ucf101_rescue/UCF-101/BalanceBeam/v_BalanceBeam_g03_c01.avi,data/backend_inputs/BalanceBeam_v_BalanceBeam_g03_c01/seed_42/rat_dp/rat_intermediate_merged.mp4,,,
E1,BalanceBeam_v_BalanceBeam_g03_c01,BalanceBeam,RAT-fusion,8,20,159.920683705,data/ucf101_rescue/UCF-101/BalanceBeam/v_BalanceBeam_g03_c01.avi,data/backend_inputs/BalanceBeam_v_BalanceBeam_g03_c01/seed_42/rat_dp/rat_intermediate_merged.mp4,,,
E1,BalanceBeam_v_BalanceBeam_g03_c01,BalanceBeam,Shifted-RAT-fusion,8,20,159.920683705,data/ucf101_rescue/UCF-101/BalanceBeam/v_BalanceBeam_g03_c01.avi,data/backend_inputs/BalanceBeam_v_BalanceBeam_g03_c01/seed_42/rat_dp/rat_intermediate_merged.mp4,,,
E1,BalanceBeam_v_BalanceBeam_g03_c01,BalanceBeam,VideoMAE-only,8,20,159.920683705,data/ucf101_rescue/UCF-101/BalanceBeam/v_BalanceBeam_g03_c01.avi,data/backend_inputs/BalanceBeam_v_BalanceBeam_g03_c01/seed_42/rat_dp/rat_intermediate_merged.mp4,,,
E1,BalanceBeam_v_BalanceBeam_g03_c01,BalanceBeam,RAT+traj,42,20,159.920683705,data/ucf101_rescue/UCF-101/BalanceBeam/v_BalanceBeam_g03_c01.avi,data/backend_inputs/BalanceBeam_v_BalanceBeam_g03_c01/seed_42/rat_dp/rat_intermediate_merged.mp4,,,
E1,BalanceBeam_v_BalanceBeam_g03_c01,BalanceBeam,Motion-reference,42,20,159.920683705,data/ucf101_rescue/UCF-101/BalanceBeam/v_BalanceBeam_g03_c01.avi,data/backend_inputs/BalanceBeam_v_BalanceBeam_g03_c01/seed_42/rat_dp/rat_intermediate_merged.mp4,,,
E1,BalanceBeam_v_BalanceBeam_g03_c01,BalanceBeam,Random,42,20,159.920683705,data/ucf101_rescue/UCF-101/BalanceBeam/v_BalanceBeam_g03_c01.avi,data/backend_inputs/BalanceBeam_v_BalanceBeam_g03_c01/seed_42/rat_dp/rat_intermediate_merged.mp4,,,
E1,BalanceBeam_v_BalanceBeam_g03_c01,BalanceBeam,Shifted-RAT+traj,42,20,159.920683705,data/ucf101_rescue/UCF-101/BalanceBeam/v_BalanceBeam_g03_c01.avi,data/backend_inputs/BalanceBeam_v_BalanceBeam_g03_c01/seed_42/rat_dp/rat_intermediate_merged.mp4,,,
E1,BalanceBeam_v_BalanceBeam_g03_c01,BalanceBeam,RAT-fusion,42,20,159.920683705,data/ucf101_rescue/UCF-101/BalanceBeam/v_BalanceBeam_g03_c01.avi,data/backend_inputs/BalanceBeam_v_BalanceBeam_g03_c01/seed_42/rat_dp/rat_intermediate_merged.mp4,,,
E1,BalanceBeam_v_BalanceBeam_g03_c01,BalanceBeam,Shifted-RAT-fusion,42,20,159.920683705,data/ucf101_rescue/UCF-101/BalanceBeam/v_BalanceBeam_g03_c01.avi,data/backend_inputs/BalanceBeam_v_BalanceBeam_g03_c01/seed_42/rat_dp/rat_intermediate_merged.mp4,,,
E1,BalanceBeam_v_BalanceBeam_g03_c01,BalanceBeam,VideoMAE-only,42,20,159.920683705,data/ucf101_rescue/UCF-101/BalanceBeam/v_BalanceBeam_g03_c01.avi,data/backend_inputs/BalanceBeam_v_BalanceBeam_g03_c01/seed_42/rat_dp/rat_intermediate_merged.mp4,,,
E1,BalanceBeam_v_BalanceBeam_g10_c03,BalanceBeam,RAT+traj,0,20,116.752496100,data/ucf101_rescue/UCF-101/BalanceBeam/v_BalanceBeam_g10_c03.avi,data/backend_inputs/BalanceBeam_v_BalanceBeam_g10_c03/seed_42/rat_dp/rat_intermediate_merged.mp4,,,
E1,BalanceBeam_v_BalanceBeam_g10_c03,BalanceBeam,Motion-reference,0,20,116.752496100,data/ucf101_rescue/UCF-101/BalanceBeam/v_BalanceBeam_g10_c03.avi,data/backend_inputs/BalanceBeam_v_BalanceBeam_g10_c03/seed_42/rat_dp/rat_intermediate_merged.mp4,,,
E1,BalanceBeam_v_BalanceBeam_g10_c03,BalanceBeam,Random,0,20,116.752496100,data/ucf101_rescue/UCF-101/BalanceBeam/v_BalanceBeam_g10_c03.avi,data/backend_inputs/BalanceBeam_v_BalanceBeam_g10_c03/seed_42/rat_dp/rat_intermediate_merged.mp4,,,
E1,BalanceBeam_v_BalanceBeam_g10_c03,BalanceBeam,Shifted-RAT+traj,0,20,116.752496100,data/ucf101_rescue/UCF-101/BalanceBeam/v_BalanceBeam_g10_c03.avi,data/backend_inputs/BalanceBeam_v_BalanceBeam_g10_c03/seed_42/rat_dp/rat_intermediate_merged.mp4,,,
E1,BalanceBeam_v_BalanceBeam_g10_c03,BalanceBeam,RAT-fusion,0,20,116.752496100,data/ucf101_rescue/UCF-101/BalanceBeam/v_BalanceBeam_g10_c03.avi,data/backend_inputs/BalanceBeam_v_BalanceBeam_g10_c03/seed_42/rat_dp/rat_intermediate_merged.mp4,,,
E1,BalanceBeam_v_BalanceBeam_g10_c03,BalanceBeam,Shifted-RAT-fusion,0,20,116.752496100,data/ucf101_rescue/UCF-101/BalanceBeam/v_BalanceBeam_g10_c03.avi,data/backend_inputs/BalanceBeam_v_BalanceBeam_g10_c03/seed_42/rat_dp/rat_intermediate_merged.mp4,,,
E1,BalanceBeam_v_BalanceBeam_g10_c03,BalanceBeam,VideoMAE-only,0,20,116.752496100,data/ucf101_rescue/UCF-101/BalanceBeam/v_BalanceBeam_g10_c03.avi,data/backend_inputs/BalanceBeam_v_BalanceBeam_g10_c03/seed_42/rat_dp/rat_intermediate_merged.mp4,,,
E1,BalanceBeam_v_BalanceBeam_g10_c03,BalanceBeam,RAT+traj,1,20,116.752496100,data/ucf101_rescue/UCF-101/BalanceBeam/v_BalanceBeam_g10_c03.avi,data/backend_inputs/BalanceBeam_v_BalanceBeam_g10_c03/seed_42/rat_dp/rat_intermediate_merged.mp4,,,
E1,BalanceBeam_v_BalanceBeam_g10_c03,BalanceBeam,Motion-reference,1,20,116.752496100,data/ucf101_rescue/UCF-101/BalanceBeam/v_BalanceBeam_g10_c03.avi,data/backend_inputs/BalanceBeam_v_BalanceBeam_g10_c03/seed_42/rat_dp/rat_intermediate_merged.mp4,,,
E1,BalanceBeam_v_BalanceBeam_g10_c03,BalanceBeam,Random,1,20,116.752496100,data/ucf101_rescue/UCF-101/BalanceBeam/v_BalanceBeam_g10_c03.avi,data/backend_inputs/BalanceBeam_v_BalanceBeam_g10_c03/seed_42/rat_dp/rat_intermediate_merged.mp4,,,
E1,BalanceBeam_v_BalanceBeam_g10_c03,BalanceBeam,Shifted-RAT+traj,1,20,116.752496100,data/ucf101_rescue/UCF-101/BalanceBeam/v_BalanceBeam_g10_c03.avi,data/backend_inputs/BalanceBeam_v_BalanceBeam_g10_c03/seed_42/rat_dp/rat_intermediate_merged.mp4,,,
E1,BalanceBeam_v_BalanceBeam_g10_c03,BalanceBeam,RAT-fusion,1,20,116.752496100,data/ucf101_rescue/UCF-101/BalanceBeam/v_BalanceBeam_g10_c03.avi,data/backend_inputs/BalanceBeam_v_BalanceBeam_g10_c03/seed_42/rat_dp/rat_intermediate_merged.mp4,,,
E1,BalanceBeam_v_BalanceBeam_g10_c03,BalanceBeam,Shifted-RAT-fusion,1,20,116.752496100,data/ucf101_rescue/UCF-101/BalanceBeam/v_BalanceBeam_g10_c03.avi,data/backend_inputs/BalanceBeam_v_BalanceBeam_g10_c03/seed_42/rat_dp/rat_intermediate_merged.mp4,,,
E1,BalanceBeam_v_BalanceBeam_g10_c03,BalanceBeam,VideoMAE-only,1,20,116.752496100,data/ucf101_rescue/UCF-101/BalanceBeam/v_BalanceBeam_g10_c03.avi,data/backend_inputs/BalanceBeam_v_BalanceBeam_g10_c03/seed_42/rat_dp/rat_intermediate_merged.mp4,,,
E1,BalanceBeam_v_BalanceBeam_g10_c03,BalanceBeam,RAT+traj,2,20,116.752496100,data/ucf101_rescue/UCF-101/BalanceBeam/v_BalanceBeam_g10_c03.avi,data/backend_inputs/BalanceBeam_v_BalanceBeam_g10_c03/seed_42/rat_dp/rat_intermediate_merged.mp4,,,
E1,BalanceBeam_v_BalanceBeam_g10_c03,BalanceBeam,Motion-reference,2,20,116.752496100,data/ucf101_rescue/UCF-101/BalanceBeam/v_BalanceBeam_g10_c03.avi,data/backend_inputs/BalanceBeam_v_BalanceBeam_g10_c03/seed_42/rat_dp/rat_intermediate_merged.mp4,,,
E1,BalanceBeam_v_BalanceBeam_g10_c03,BalanceBeam,Random,2,20,116.752496100,data/ucf101_rescue/UCF-101/BalanceBeam/v_BalanceBeam_g10_c03.avi,data/backend_inputs/BalanceBeam_v_BalanceBeam_g10_c03/seed_42/rat_dp/rat_intermediate_merged.mp4,,,
E1,BalanceBeam_v_BalanceBeam_g10_c03,BalanceBeam,Shifted-RAT+traj,2,20,116.752496100,data/ucf101_rescue/UCF-101/BalanceBeam/v_BalanceBeam_g10_c03.avi,data/backend_inputs/BalanceBeam_v_BalanceBeam_g10_c03/seed_42/rat_dp/rat_intermediate_merged.mp4,,,
E1,BalanceBeam_v_BalanceBeam_g10_c03,BalanceBeam,RAT-fusion,2,20,116.752496100,data/ucf101_rescue/UCF-101/BalanceBeam/v_BalanceBeam_g10_c03.avi,data/backend_inputs/BalanceBeam_v_BalanceBeam_g10_c03/seed_42/rat_dp/rat_intermediate_merged.mp4,,,
E1,BalanceBeam_v_BalanceBeam_g10_c03,BalanceBeam,Shifted-RAT-fusion,2,20,116.752496100,data/ucf101_rescue/UCF-101/BalanceBeam/v_BalanceBeam_g10_c03.avi,data/backend_inputs/BalanceBeam_v_BalanceBeam_g10_c03/seed_42/rat_dp/rat_intermediate_merged.mp4,,,
E1,BalanceBeam_v_BalanceBeam_g10_c03,BalanceBeam,VideoMAE-only,2,20,116.752496100,data/ucf101_rescue/UCF-101/BalanceBeam/v_BalanceBeam_g10_c03.avi,data/backend_inputs/BalanceBeam_v_BalanceBeam_g10_c03/seed_42/rat_dp/rat_intermediate_merged.mp4,,,
E1,BalanceBeam_v_BalanceBeam_g10_c03,BalanceBeam,RAT+traj,3,20,116.752496100,data/ucf101_rescue/UCF-101/BalanceBeam/v_BalanceBeam_g10_c03.avi,data/backend_inputs/BalanceBeam_v_BalanceBeam_g10_c03/seed_42/rat_dp/rat_intermediate_merged.mp4,,,
E1,BalanceBeam_v_BalanceBeam_g10_c03,BalanceBeam,Motion-reference,3,20,116.752496100,data/ucf101_rescue/UCF-101/BalanceBeam/v_BalanceBeam_g10_c03.avi,data/backend_inputs/BalanceBeam_v_BalanceBeam_g10_c03/seed_42/rat_dp/rat_intermediate_merged.mp4,,,
E1,BalanceBeam_v_BalanceBeam_g10_c03,BalanceBeam,Random,3,20,116.752496100,data/ucf101_rescue/UCF-101/BalanceBeam/v_BalanceBeam_g10_c03.avi,data/backend_inputs/BalanceBeam_v_BalanceBeam_g10_c03/seed_42/rat_dp/rat_intermediate_merged.mp4,,,
E1,BalanceBeam_v_BalanceBeam_g10_c03,BalanceBeam,Shifted-RAT+traj,3,20,116.752496100,data/ucf101_rescue/UCF-101/BalanceBeam/v_BalanceBeam_g10_c03.avi,data/backend_inputs/BalanceBeam_v_BalanceBeam_g10_c03/seed_42/rat_dp/rat_intermediate_merged.mp4,,,
E1,BalanceBeam_v_BalanceBeam_g10_c03,BalanceBeam,RAT-fusion,3,20,116.752496100,data/ucf101_rescue/UCF-101/BalanceBeam/v_BalanceBeam_g10_c03.avi,data/backend_inputs/BalanceBeam_v_BalanceBeam_g10_c03/seed_42/rat_dp/rat_intermediate_merged.mp4,,,
E1,BalanceBeam_v_BalanceBeam_g10_c03,BalanceBeam,Shifted-RAT-fusion,3,20,116.752496100,data/ucf101_rescue/UCF-101/BalanceBeam/v_BalanceBeam_g10_c03.avi,data/backend_inputs/BalanceBeam_v_BalanceBeam_g10_c03/seed_42/rat_dp/rat_intermediate_merged.mp4,,,
E1,BalanceBeam_v_BalanceBeam_g10_c03,BalanceBeam,VideoMAE-only,3,20,116.752496100,data/ucf101_rescue/UCF-101/BalanceBeam/v_BalanceBeam_g10_c03.avi,data/backend_inputs/BalanceBeam_v_BalanceBeam_g10_c03/seed_42/rat_dp/rat_intermediate_merged.mp4,,,
E1,BalanceBeam_v_BalanceBeam_g10_c03,BalanceBeam,RAT+traj,4,20,116.752496100,data/ucf101_rescue/UCF-101/BalanceBeam/v_BalanceBeam_g10_c03.avi,data/backend_inputs/BalanceBeam_v_BalanceBeam_g10_c03/seed_42/rat_dp/rat_intermediate_merged.mp4,,,
E1,BalanceBeam_v_BalanceBeam_g10_c03,BalanceBeam,Motion-reference,4,20,116.752496100,data/ucf101_rescue/UCF-101/BalanceBeam/v_BalanceBeam_g10_c03.avi,data/backend_inputs/BalanceBeam_v_BalanceBeam_g10_c03/seed_42/rat_dp/rat_intermediate_merged.mp4,,,
E1,BalanceBeam_v_BalanceBeam_g10_c03,BalanceBeam,Random,4,20,116.752496100,data/ucf101_rescue/UCF-101/BalanceBeam/v_BalanceBeam_g10_c03.avi,data/backend_inputs/BalanceBeam_v_BalanceBeam_g10_c03/seed_42/rat_dp/rat_intermediate_merged.mp4,,,
E1,BalanceBeam_v_BalanceBeam_g10_c03,BalanceBeam,Shifted-RAT+traj,4,20,116.752496100,data/ucf101_rescue/UCF-101/BalanceBeam/v_BalanceBeam_g10_c03.avi,data/backend_inputs/BalanceBeam_v_BalanceBeam_g10_c03/seed_42/rat_dp/rat_intermediate_merged.mp4,,,
E1,BalanceBeam_v_BalanceBeam_g10_c03,BalanceBeam,RAT-fusion,4,20,116.752496100,data/ucf101_rescue/UCF-101/BalanceBeam/v_BalanceBeam_g10_c03.avi,data/backend_inputs/BalanceBeam_v_BalanceBeam_g10_c03/seed_42/rat_dp/rat_intermediate_merged.mp4,,,
E1,BalanceBeam_v_BalanceBeam_g10_c03,BalanceBeam,Shifted-RAT-fusion,4,20,116.752496100,data/ucf101_rescue/UCF-101/BalanceBeam/v_BalanceBeam_g10_c03.avi,data/backend_inputs/BalanceBeam_v_BalanceBeam_g10_c03/seed_42/rat_dp/rat_intermediate_merged.mp4,,,
E1,BalanceBeam_v_BalanceBeam_g10_c03,BalanceBeam,VideoMAE-only,4,20,116.752496100,data/ucf101_rescue/UCF-101/BalanceBeam/v_BalanceBeam_g10_c03.avi,data/backend_inputs/BalanceBeam_v_BalanceBeam_g10_c03/seed_42/rat_dp/rat_intermediate_merged.mp4,,,
E1,BalanceBeam_v_BalanceBeam_g10_c03,BalanceBeam,RAT+traj,5,20,116.752496100,data/ucf101_rescue/UCF-101/BalanceBeam/v_BalanceBeam_g10_c03.avi,data/backend_inputs/BalanceBeam_v_BalanceBeam_g10_c03/seed_42/rat_dp/rat_intermediate_merged.mp4,,,
E1,BalanceBeam_v_BalanceBeam_g10_c03,BalanceBeam,Motion-reference,5,20,116.752496100,data/ucf101_rescue/UCF-101/BalanceBeam/v_BalanceBeam_g10_c03.avi,data/backend_inputs/BalanceBeam_v_BalanceBeam_g10_c03/seed_42/rat_dp/rat_intermediate_merged.mp4,,,
E1,BalanceBeam_v_BalanceBeam_g10_c03,BalanceBeam,Random,5,20,116.752496100,data/ucf101_rescue/UCF-101/BalanceBeam/v_BalanceBeam_g10_c03.avi,data/backend_inputs/BalanceBeam_v_BalanceBeam_g10_c03/seed_42/rat_dp/rat_intermediate_merged.mp4,,,
E1,BalanceBeam_v_BalanceBeam_g10_c03,BalanceBeam,Shifted-RAT+traj,5,20,116.752496100,data/ucf101_rescue/UCF-101/BalanceBeam/v_BalanceBeam_g10_c03.avi,data/backend_inputs/BalanceBeam_v_BalanceBeam_g10_c03/seed_42/rat_dp/rat_intermediate_merged.mp4,,,
E1,BalanceBeam_v_BalanceBeam_g10_c03,BalanceBeam,RAT-fusion,5,20,116.752496100,data/ucf101_rescue/UCF-101/BalanceBeam/v_BalanceBeam_g10_c03.avi,data/backend_inputs/BalanceBeam_v_BalanceBeam_g10_c03/seed_42/rat_dp/rat_intermediate_merged.mp4,,,
E1,BalanceBeam_v_BalanceBeam_g10_c03,BalanceBeam,Shifted-RAT-fusion,5,20,116.752496100,data/ucf101_rescue/UCF-101/BalanceBeam/v_BalanceBeam_g10_c03.avi,data/backend_inputs/BalanceBeam_v_BalanceBeam_g10_c03/seed_42/rat_dp/rat_intermediate_merged.mp4,,,
E1,BalanceBeam_v_BalanceBeam_g10_c03,BalanceBeam,VideoMAE-only,5,20,116.752496100,data/ucf101_rescue/UCF-101/BalanceBeam/v_BalanceBeam_g10_c03.avi,data/backend_inputs/BalanceBeam_v_BalanceBeam_g10_c03/seed_42/rat_dp/rat_intermediate_merged.mp4,,,
E1,BalanceBeam_v_BalanceBeam_g10_c03,BalanceBeam,RAT+traj,6,20,116.752496100,data/ucf101_rescue/UCF-101/BalanceBeam/v_BalanceBeam_g10_c03.avi,data/backend_inputs/BalanceBeam_v_BalanceBeam_g10_c03/seed_42/rat_dp/rat_intermediate_merged.mp4,,,
E1,BalanceBeam_v_BalanceBeam_g10_c03,BalanceBeam,Motion-reference,6,20,116.752496100,data/ucf101_rescue/UCF-101/BalanceBeam/v_BalanceBeam_g10_c03.avi,data/backend_inputs/BalanceBeam_v_BalanceBeam_g10_c03/seed_42/rat_dp/rat_intermediate_merged.mp4,,,
E1,BalanceBeam_v_BalanceBeam_g10_c03,BalanceBeam,Random,6,20,116.752496100,data/ucf101_rescue/UCF-101/BalanceBeam/v_BalanceBeam_g10_c03.avi,data/backend_inputs/BalanceBeam_v_BalanceBeam_g10_c03/seed_42/rat_dp/rat_intermediate_merged.mp4,,,
E1,BalanceBeam_v_BalanceBeam_g10_c03,BalanceBeam,Shifted-RAT+traj,6,20,116.752496100,data/ucf101_rescue/UCF-101/BalanceBeam/v_BalanceBeam_g10_c03.avi,data/backend_inputs/BalanceBeam_v_BalanceBeam_g10_c03/seed_42/rat_dp/rat_intermediate_merged.mp4,,,
E1,BalanceBeam_v_BalanceBeam_g10_c03,BalanceBeam,RAT-fusion,6,20,116.752496100,data/ucf101_rescue/UCF-101/BalanceBeam/v_BalanceBeam_g10_c03.avi,data/backend_inputs/BalanceBeam_v_BalanceBeam_g10_c03/seed_42/rat_dp/rat_intermediate_merged.mp4,,,
E1,BalanceBeam_v_BalanceBeam_g10_c03,BalanceBeam,Shifted-RAT-fusion,6,20,116.752496100,data/ucf101_rescue/UCF-101/BalanceBeam/v_BalanceBeam_g10_c03.avi,data/backend_inputs/BalanceBeam_v_BalanceBeam_g10_c03/seed_42/rat_dp/rat_intermediate_merged.mp4,,,
E1,BalanceBeam_v_BalanceBeam_g10_c03,BalanceBeam,VideoMAE-only,6,20,116.752496100,data/ucf101_rescue/UCF-101/BalanceBeam/v_BalanceBeam_g10_c03.avi,data/backend_inputs/BalanceBeam_v_BalanceBeam_g10_c03/seed_42/rat_dp/rat_intermediate_merged.mp4,,,
E1,BalanceBeam_v_BalanceBeam_g10_c03,BalanceBeam,RAT+traj,7,20,116.752496100,data/ucf101_rescue/UCF-101/BalanceBeam/v_BalanceBeam_g10_c03.avi,data/backend_inputs/BalanceBeam_v_BalanceBeam_g10_c03/seed_42/rat_dp/rat_intermediate_merged.mp4,,,
E1,BalanceBeam_v_BalanceBeam_g10_c03,BalanceBeam,Motion-reference,7,20,116.752496100,data/ucf101_rescue/UCF-101/BalanceBeam/v_BalanceBeam_g10_c03.avi,data/backend_inputs/BalanceBeam_v_BalanceBeam_g10_c03/seed_42/rat_dp/rat_intermediate_merged.mp4,,,
E1,BalanceBeam_v_BalanceBeam_g10_c03,BalanceBeam,Random,7,20,116.752496100,data/ucf101_rescue/UCF-101/BalanceBeam/v_BalanceBeam_g10_c03.avi,data/backend_inputs/BalanceBeam_v_BalanceBeam_g10_c03/seed_42/rat_dp/rat_intermediate_merged.mp4,,,
E1,BalanceBeam_v_BalanceBeam_g10_c03,BalanceBeam,Shifted-RAT+traj,7,20,116.752496100,data/ucf101_rescue/UCF-101/BalanceBeam/v_BalanceBeam_g10_c03.avi,data/backend_inputs/BalanceBeam_v_BalanceBeam_g10_c03/seed_42/rat_dp/rat_intermediate_merged.mp4,,,
E1,BalanceBeam_v_BalanceBeam_g10_c03,BalanceBeam,RAT-fusion,7,20,116.752496100,data/ucf101_rescue/UCF-101/BalanceBeam/v_BalanceBeam_g10_c03.avi,data/backend_inputs/BalanceBeam_v_BalanceBeam_g10_c03/seed_42/rat_dp/rat_intermediate_merged.mp4,,,
E1,BalanceBeam_v_BalanceBeam_g10_c03,BalanceBeam,Shifted-RAT-fusion,7,20,116.752496100,data/ucf101_rescue/UCF-101/BalanceBeam/v_BalanceBeam_g10_c03.avi,data/backend_inputs/BalanceBeam_v_BalanceBeam_g10_c03/seed_42/rat_dp/rat_intermediate_merged.mp4,,,
E1,BalanceBeam_v_BalanceBeam_g10_c03,BalanceBeam,VideoMAE-only,7,20,116.752496100,data/ucf101_rescue/UCF-101/BalanceBeam/v_BalanceBeam_g10_c03.avi,data/backend_inputs/BalanceBeam_v_BalanceBeam_g10_c03/seed_42/rat_dp/rat_intermediate_merged.mp4,,,
E1,BalanceBeam_v_BalanceBeam_g10_c03,BalanceBeam,RAT+traj,8,20,116.752496100,data/ucf101_rescue/UCF-101/BalanceBeam/v_BalanceBeam_g10_c03.avi,data/backend_inputs/BalanceBeam_v_BalanceBeam_g10_c03/seed_42/rat_dp/rat_intermediate_merged.mp4,,,
E1,BalanceBeam_v_BalanceBeam_g10_c03,BalanceBeam,Motion-reference,8,20,116.752496100,data/ucf101_rescue/UCF-101/BalanceBeam/v_BalanceBeam_g10_c03.avi,data/backend_inputs/BalanceBeam_v_BalanceBeam_g10_c03/seed_42/rat_dp/rat_intermediate_merged.mp4,,,
E1,BalanceBeam_v_BalanceBeam_g10_c03,BalanceBeam,Random,8,20,116.752496100,data/ucf101_rescue/UCF-101/BalanceBeam/v_BalanceBeam_g10_c03.avi,data/backend_inputs/BalanceBeam_v_BalanceBeam_g10_c03/seed_42/rat_dp/rat_intermediate_merged.mp4,,,
E1,BalanceBeam_v_BalanceBeam_g10_c03,BalanceBeam,Shifted-RAT+traj,8,20,116.752496100,data/ucf101_rescue/UCF-101/BalanceBeam/v_BalanceBeam_g10_c03.avi,data/backend_inputs/BalanceBeam_v_BalanceBeam_g10_c03/seed_42/rat_dp/rat_intermediate_merged.mp4,,,
E1,BalanceBeam_v_BalanceBeam_g10_c03,BalanceBeam,RAT-fusion,8,20,116.752496100,data/ucf101_rescue/UCF-101/BalanceBeam/v_BalanceBeam_g10_c03.avi,data/backend_inputs/BalanceBeam_v_BalanceBeam_g10_c03/seed_42/rat_dp/rat_intermediate_merged.mp4,,,
E1,BalanceBeam_v_BalanceBeam_g10_c03,BalanceBeam,Shifted-RAT-fusion,8,20,116.752496100,data/ucf101_rescue/UCF-101/BalanceBeam/v_BalanceBeam_g10_c03.avi,data/backend_inputs/BalanceBeam_v_BalanceBeam_g10_c03/seed_42/rat_dp/rat_intermediate_merged.mp4,,,
E1,BalanceBeam_v_BalanceBeam_g10_c03,BalanceBeam,VideoMAE-only,8,20,116.752496100,data/ucf101_rescue/UCF-101/BalanceBeam/v_BalanceBeam_g10_c03.avi,data/backend_inputs/BalanceBeam_v_BalanceBeam_g10_c03/seed_42/rat_dp/rat_intermediate_merged.mp4,,,
E1,BalanceBeam_v_BalanceBeam_g10_c03,BalanceBeam,RAT+traj,42,20,116.752496100,data/ucf101_rescue/UCF-101/BalanceBeam/v_BalanceBeam_g10_c03.avi,data/backend_inputs/BalanceBeam_v_BalanceBeam_g10_c03/seed_42/rat_dp/rat_intermediate_merged.mp4,,,
E1,BalanceBeam_v_BalanceBeam_g10_c03,BalanceBeam,Motion-reference,42,20,116.752496100,data/ucf101_rescue/UCF-101/BalanceBeam/v_BalanceBeam_g10_c03.avi,data/backend_inputs/BalanceBeam_v_BalanceBeam_g10_c03/seed_42/rat_dp/rat_intermediate_merged.mp4,,,
E1,BalanceBeam_v_BalanceBeam_g10_c03,BalanceBeam,Random,42,20,116.752496100,data/ucf101_rescue/UCF-101/BalanceBeam/v_BalanceBeam_g10_c03.avi,data/backend_inputs/BalanceBeam_v_BalanceBeam_g10_c03/seed_42/rat_dp/rat_intermediate_merged.mp4,,,
E1,BalanceBeam_v_BalanceBeam_g10_c03,BalanceBeam,Shifted-RAT+traj,42,20,116.752496100,data/ucf101_rescue/UCF-101/BalanceBeam/v_BalanceBeam_g10_c03.avi,data/backend_inputs/BalanceBeam_v_BalanceBeam_g10_c03/seed_42/rat_dp/rat_intermediate_merged.mp4,,,
E1,BalanceBeam_v_BalanceBeam_g10_c03,BalanceBeam,RAT-fusion,42,20,116.752496100,data/ucf101_rescue/UCF-101/BalanceBeam/v_BalanceBeam_g10_c03.avi,data/backend_inputs/BalanceBeam_v_BalanceBeam_g10_c03/seed_42/rat_dp/rat_intermediate_merged.mp4,,,
E1,BalanceBeam_v_BalanceBeam_g10_c03,BalanceBeam,Shifted-RAT-fusion,42,20,116.752496100,data/ucf101_rescue/UCF-101/BalanceBeam/v_BalanceBeam_g10_c03.avi,data/backend_inputs/BalanceBeam_v_BalanceBeam_g10_c03/seed_42/rat_dp/rat_intermediate_merged.mp4,,,
E1,BalanceBeam_v_BalanceBeam_g10_c03,BalanceBeam,VideoMAE-only,42,20,116.752496100,data/ucf101_rescue/UCF-101/BalanceBeam/v_BalanceBeam_g10_c03.avi,data/backend_inputs/BalanceBeam_v_BalanceBeam_g10_c03/seed_42/rat_dp/rat_intermediate_merged.mp4,,,
E1,Basketball_v_Basketball_g01_c01,Basketball,RAT+traj,0,20,135.294792555,data/ucf101_rescue/UCF-101/Basketball/v_Basketball_g01_c01.avi,data/backend_inputs/Basketball_v_Basketball_g01_c01/seed_42/rat_dp/rat_intermediate_merged.mp4,,,
E1,Basketball_v_Basketball_g01_c01,Basketball,Motion-reference,0,20,135.294792555,data/ucf101_rescue/UCF-101/Basketball/v_Basketball_g01_c01.avi,data/backend_inputs/Basketball_v_Basketball_g01_c01/seed_42/rat_dp/rat_intermediate_merged.mp4,,,
E1,Basketball_v_Basketball_g01_c01,Basketball,Random,0,20,135.294792555,data/ucf101_rescue/UCF-101/Basketball/v_Basketball_g01_c01.avi,data/backend_inputs/Basketball_v_Basketball_g01_c01/seed_42/rat_dp/rat_intermediate_merged.mp4,,,
E1,Basketball_v_Basketball_g01_c01,Basketball,Shifted-RAT+traj,0,20,135.294792555,data/ucf101_rescue/UCF-101/Basketball/v_Basketball_g01_c01.avi,data/backend_inputs/Basketball_v_Basketball_g01_c01/seed_42/rat_dp/rat_intermediate_merged.mp4,,,
E1,Basketball_v_Basketball_g01_c01,Basketball,RAT-fusion,0,20,135.294792555,data/ucf101_rescue/UCF-101/Basketball/v_Basketball_g01_c01.avi,data/backend_inputs/Basketball_v_Basketball_g01_c01/seed_42/rat_dp/rat_intermediate_merged.mp4,,,
E1,Basketball_v_Basketball_g01_c01,Basketball,Shifted-RAT-fusion,0,20,135.294792555,data/ucf101_rescue/UCF-101/Basketball/v_Basketball_g01_c01.avi,data/backend_inputs/Basketball_v_Basketball_g01_c01/seed_42/rat_dp/rat_intermediate_merged.mp4,,,
E1,Basketball_v_Basketball_g01_c01,Basketball,VideoMAE-only,0,20,135.294792555,data/ucf101_rescue/UCF-101/Basketball/v_Basketball_g01_c01.avi,data/backend_inputs/Basketball_v_Basketball_g01_c01/seed_42/rat_dp/rat_intermediate_merged.mp4,,,
E1,Basketball_v_Basketball_g01_c01,Basketball,RAT+traj,1,20,135.294792555,data/ucf101_rescue/UCF-101/Basketball/v_Basketball_g01_c01.avi,data/backend_inputs/Basketball_v_Basketball_g01_c01/seed_42/rat_dp/rat_intermediate_merged.mp4,,,
E1,Basketball_v_Basketball_g01_c01,Basketball,Motion-reference,1,20,135.294792555,data/ucf101_rescue/UCF-101/Basketball/v_Basketball_g01_c01.avi,data/backend_inputs/Basketball_v_Basketball_g01_c01/seed_42/rat_dp/rat_intermediate_merged.mp4,,,
E1,Basketball_v_Basketball_g01_c01,Basketball,Random,1,20,135.294792555,data/ucf101_rescue/UCF-101/Basketball/v_Basketball_g01_c01.avi,data/backend_inputs/Basketball_v_Basketball_g01_c01/seed_42/rat_dp/rat_intermediate_merged.mp4,,,
E1,Basketball_v_Basketball_g01_c01,Basketball,Shifted-RAT+traj,1,20,135.294792555,data/ucf101_rescue/UCF-101/Basketball/v_Basketball_g01_c01.avi,data/backend_inputs/Basketball_v_Basketball_g01_c01/seed_42/rat_dp/rat_intermediate_merged.mp4,,,
E1,Basketball_v_Basketball_g01_c01,Basketball,RAT-fusion,1,20,135.294792555,data/ucf101_rescue/UCF-101/Basketball/v_Basketball_g01_c01.avi,data/backend_inputs/Basketball_v_Basketball_g01_c01/seed_42/rat_dp/rat_intermediate_merged.mp4,,,
E1,Basketball_v_Basketball_g01_c01,Basketball,Shifted-RAT-fusion,1,20,135.294792555,data/ucf101_rescue/UCF-101/Basketball/v_Basketball_g01_c01.avi,data/backend_inputs/Basketball_v_Basketball_g01_c01/seed_42/rat_dp/rat_intermediate_merged.mp4,,,
E1,Basketball_v_Basketball_g01_c01,Basketball,VideoMAE-only,1,20,135.294792555,data/ucf101_rescue/UCF-101/Basketball/v_Basketball_g01_c01.avi,data/backend_inputs/Basketball_v_Basketball_g01_c01/seed_42/rat_dp/rat_intermediate_merged.mp4,,,
E1,Basketball_v_Basketball_g01_c01,Basketball,RAT+traj,2,20,135.294792555,data/ucf101_rescue/UCF-101/Basketball/v_Basketball_g01_c01.avi,data/backend_inputs/Basketball_v_Basketball_g01_c01/seed_42/rat_dp/rat_intermediate_merged.mp4,,,
E1,Basketball_v_Basketball_g01_c01,Basketball,Motion-reference,2,20,135.294792555,data/ucf101_rescue/UCF-101/Basketball/v_Basketball_g01_c01.avi,data/backend_inputs/Basketball_v_Basketball_g01_c01/seed_42/rat_dp/rat_intermediate_merged.mp4,,,
E1,Basketball_v_Basketball_g01_c01,Basketball,Random,2,20,135.294792555,data/ucf101_rescue/UCF-101/Basketball/v_Basketball_g01_c01.avi,data/backend_inputs/Basketball_v_Basketball_g01_c01/seed_42/rat_dp/rat_intermediate_merged.mp4,,,
E1,Basketball_v_Basketball_g01_c01,Basketball,Shifted-RAT+traj,2,20,135.294792555,data/ucf101_rescue/UCF-101/Basketball/v_Basketball_g01_c01.avi,data/backend_inputs/Basketball_v_Basketball_g01_c01/seed_42/rat_dp/rat_intermediate_merged.mp4,,,
E1,Basketball_v_Basketball_g01_c01,Basketball,RAT-fusion,2,20,135.294792555,data/ucf101_rescue/UCF-101/Basketball/v_Basketball_g01_c01.avi,data/backend_inputs/Basketball_v_Basketball_g01_c01/seed_42/rat_dp/rat_intermediate_merged.mp4,,,
E1,Basketball_v_Basketball_g01_c01,Basketball,Shifted-RAT-fusion,2,20,135.294792555,data/ucf101_rescue/UCF-101/Basketball/v_Basketball_g01_c01.avi,data/backend_inputs/Basketball_v_Basketball_g01_c01/seed_42/rat_dp/rat_intermediate_merged.mp4,,,
E1,Basketball_v_Basketball_g01_c01,Basketball,VideoMAE-only,2,20,135.294792555,data/ucf101_rescue/UCF-101/Basketball/v_Basketball_g01_c01.avi,data/backend_inputs/Basketball_v_Basketball_g01_c01/seed_42/rat_dp/rat_intermediate_merged.mp4,,,
E1,Basketball_v_Basketball_g01_c01,Basketball,RAT+traj,3,20,135.294792555,data/ucf101_rescue/UCF-101/Basketball/v_Basketball_g01_c01.avi,data/backend_inputs/Basketball_v_Basketball_g01_c01/seed_42/rat_dp/rat_intermediate_merged.mp4,,,
E1,Basketball_v_Basketball_g01_c01,Basketball,Motion-reference,3,20,135.294792555,data/ucf101_rescue/UCF-101/Basketball/v_Basketball_g01_c01.avi,data/backend_inputs/Basketball_v_Basketball_g01_c01/seed_42/rat_dp/rat_intermediate_merged.mp4,,,
E1,Basketball_v_Basketball_g01_c01,Basketball,Random,3,20,135.294792555,data/ucf101_rescue/UCF-101/Basketball/v_Basketball_g01_c01.avi,data/backend_inputs/Basketball_v_Basketball_g01_c01/seed_42/rat_dp/rat_intermediate_merged.mp4,,,
E1,Basketball_v_Basketball_g01_c01,Basketball,Shifted-RAT+traj,3,20,135.294792555,data/ucf101_rescue/UCF-101/Basketball/v_Basketball_g01_c01.avi,data/backend_inputs/Basketball_v_Basketball_g01_c01/seed_42/rat_dp/rat_intermediate_merged.mp4,,,
E1,Basketball_v_Basketball_g01_c01,Basketball,RAT-fusion,3,20,135.294792555,data/ucf101_rescue/UCF-101/Basketball/v_Basketball_g01_c01.avi,data/backend_inputs/Basketball_v_Basketball_g01_c01/seed_42/rat_dp/rat_intermediate_merged.mp4,,,
E1,Basketball_v_Basketball_g01_c01,Basketball,Shifted-RAT-fusion,3,20,135.294792555,data/ucf101_rescue/UCF-101/Basketball/v_Basketball_g01_c01.avi,data/backend_inputs/Basketball_v_Basketball_g01_c01/seed_42/rat_dp/rat_intermediate_merged.mp4,,,
E1,Basketball_v_Basketball_g01_c01,Basketball,VideoMAE-only,3,20,135.294792555,data/ucf101_rescue/UCF-101/Basketball/v_Basketball_g01_c01.avi,data/backend_inputs/Basketball_v_Basketball_g01_c01/seed_42/rat_dp/rat_intermediate_merged.mp4,,,
E1,Basketball_v_Basketball_g01_c01,Basketball,RAT+traj,4,20,135.294792555,data/ucf101_rescue/UCF-101/Basketball/v_Basketball_g01_c01.avi,data/backend_inputs/Basketball_v_Basketball_g01_c01/seed_42/rat_dp/rat_intermediate_merged.mp4,,,
E1,Basketball_v_Basketball_g01_c01,Basketball,Motion-reference,4,20,135.294792555,data/ucf101_rescue/UCF-101/Basketball/v_Basketball_g01_c01.avi,data/backend_inputs/Basketball_v_Basketball_g01_c01/seed_42/rat_dp/rat_intermediate_merged.mp4,,,
E1,Basketball_v_Basketball_g01_c01,Basketball,Random,4,20,135.294792555,data/ucf101_rescue/UCF-101/Basketball/v_Basketball_g01_c01.avi,data/backend_inputs/Basketball_v_Basketball_g01_c01/seed_42/rat_dp/rat_intermediate_merged.mp4,,,
E1,Basketball_v_Basketball_g01_c01,Basketball,Shifted-RAT+traj,4,20,135.294792555,data/ucf101_rescue/UCF-101/Basketball/v_Basketball_g01_c01.avi,data/backend_inputs/Basketball_v_Basketball_g01_c01/seed_42/rat_dp/rat_intermediate_merged.mp4,,,
E1,Basketball_v_Basketball_g01_c01,Basketball,RAT-fusion,4,20,135.294792555,data/ucf101_rescue/UCF-101/Basketball/v_Basketball_g01_c01.avi,data/backend_inputs/Basketball_v_Basketball_g01_c01/seed_42/rat_dp/rat_intermediate_merged.mp4,,,
E1,Basketball_v_Basketball_g01_c01,Basketball,Shifted-RAT-fusion,4,20,135.294792555,data/ucf101_rescue/UCF-101/Basketball/v_Basketball_g01_c01.avi,data/backend_inputs/Basketball_v_Basketball_g01_c01/seed_42/rat_dp/rat_intermediate_merged.mp4,,,
E1,Basketball_v_Basketball_g01_c01,Basketball,VideoMAE-only,4,20,135.294792555,data/ucf101_rescue/UCF-101/Basketball/v_Basketball_g01_c01.avi,data/backend_inputs/Basketball_v_Basketball_g01_c01/seed_42/rat_dp/rat_intermediate_merged.mp4,,,
E1,Basketball_v_Basketball_g01_c01,Basketball,RAT+traj,5,20,135.294792555,data/ucf101_rescue/UCF-101/Basketball/v_Basketball_g01_c01.avi,data/backend_inputs/Basketball_v_Basketball_g01_c01/seed_42/rat_dp/rat_intermediate_merged.mp4,,,
E1,Basketball_v_Basketball_g01_c01,Basketball,Motion-reference,5,20,135.294792555,data/ucf101_rescue/UCF-101/Basketball/v_Basketball_g01_c01.avi,data/backend_inputs/Basketball_v_Basketball_g01_c01/seed_42/rat_dp/rat_intermediate_merged.mp4,,,
E1,Basketball_v_Basketball_g01_c01,Basketball,Random,5,20,135.294792555,data/ucf101_rescue/UCF-101/Basketball/v_Basketball_g01_c01.avi,data/backend_inputs/Basketball_v_Basketball_g01_c01/seed_42/rat_dp/rat_intermediate_merged.mp4,,,
E1,Basketball_v_Basketball_g01_c01,Basketball,Shifted-RAT+traj,5,20,135.294792555,data/ucf101_rescue/UCF-101/Basketball/v_Basketball_g01_c01.avi,data/backend_inputs/Basketball_v_Basketball_g01_c01/seed_42/rat_dp/rat_intermediate_merged.mp4,,,
E1,Basketball_v_Basketball_g01_c01,Basketball,RAT-fusion,5,20,135.294792555,data/ucf101_rescue/UCF-101/Basketball/v_Basketball_g01_c01.avi,data/backend_inputs/Basketball_v_Basketball_g01_c01/seed_42/rat_dp/rat_intermediate_merged.mp4,,,
E1,Basketball_v_Basketball_g01_c01,Basketball,Shifted-RAT-fusion,5,20,135.294792555,data/ucf101_rescue/UCF-101/Basketball/v_Basketball_g01_c01.avi,data/backend_inputs/Basketball_v_Basketball_g01_c01/seed_42/rat_dp/rat_intermediate_merged.mp4,,,
E1,Basketball_v_Basketball_g01_c01,Basketball,VideoMAE-only,5,20,135.294792555,data/ucf101_rescue/UCF-101/Basketball/v_Basketball_g01_c01.avi,data/backend_inputs/Basketball_v_Basketball_g01_c01/seed_42/rat_dp/rat_intermediate_merged.mp4,,,
E1,Basketball_v_Basketball_g01_c01,Basketball,RAT+traj,6,20,135.294792555,data/ucf101_rescue/UCF-101/Basketball/v_Basketball_g01_c01.avi,data/backend_inputs/Basketball_v_Basketball_g01_c01/seed_42/rat_dp/rat_intermediate_merged.mp4,,,
E1,Basketball_v_Basketball_g01_c01,Basketball,Motion-reference,6,20,135.294792555,data/ucf101_rescue/UCF-101/Basketball/v_Basketball_g01_c01.avi,data/backend_inputs/Basketball_v_Basketball_g01_c01/seed_42/rat_dp/rat_intermediate_merged.mp4,,,
E1,Basketball_v_Basketball_g01_c01,Basketball,Random,6,20,135.294792555,data/ucf101_rescue/UCF-101/Basketball/v_Basketball_g01_c01.avi,data/backend_inputs/Basketball_v_Basketball_g01_c01/seed_42/rat_dp/rat_intermediate_merged.mp4,,,
E1,Basketball_v_Basketball_g01_c01,Basketball,Shifted-RAT+traj,6,20,135.294792555,data/ucf101_rescue/UCF-101/Basketball/v_Basketball_g01_c01.avi,data/backend_inputs/Basketball_v_Basketball_g01_c01/seed_42/rat_dp/rat_intermediate_merged.mp4,,,
E1,Basketball_v_Basketball_g01_c01,Basketball,RAT-fusion,6,20,135.294792555,data/ucf101_rescue/UCF-101/Basketball/v_Basketball_g01_c01.avi,data/backend_inputs/Basketball_v_Basketball_g01_c01/seed_42/rat_dp/rat_intermediate_merged.mp4,,,
E1,Basketball_v_Basketball_g01_c01,Basketball,Shifted-RAT-fusion,6,20,135.294792555,data/ucf101_rescue/UCF-101/Basketball/v_Basketball_g01_c01.avi,data/backend_inputs/Basketball_v_Basketball_g01_c01/seed_42/rat_dp/rat_intermediate_merged.mp4,,,
E1,Basketball_v_Basketball_g01_c01,Basketball,VideoMAE-only,6,20,135.294792555,data/ucf101_rescue/UCF-101/Basketball/v_Basketball_g01_c01.avi,data/backend_inputs/Basketball_v_Basketball_g01_c01/seed_42/rat_dp/rat_intermediate_merged.mp4,,,
E1,Basketball_v_Basketball_g01_c01,Basketball,RAT+traj,7,20,135.294792555,data/ucf101_rescue/UCF-101/Basketball/v_Basketball_g01_c01.avi,data/backend_inputs/Basketball_v_Basketball_g01_c01/seed_42/rat_dp/rat_intermediate_merged.mp4,,,
E1,Basketball_v_Basketball_g01_c01,Basketball,Motion-reference,7,20,135.294792555,data/ucf101_rescue/UCF-101/Basketball/v_Basketball_g01_c01.avi,data/backend_inputs/Basketball_v_Basketball_g01_c01/seed_42/rat_dp/rat_intermediate_merged.mp4,,,
E1,Basketball_v_Basketball_g01_c01,Basketball,Random,7,20,135.294792555,data/ucf101_rescue/UCF-101/Basketball/v_Basketball_g01_c01.avi,data/backend_inputs/Basketball_v_Basketball_g01_c01/seed_42/rat_dp/rat_intermediate_merged.mp4,,,
E1,Basketball_v_Basketball_g01_c01,Basketball,Shifted-RAT+traj,7,20,135.294792555,data/ucf101_rescue/UCF-101/Basketball/v_Basketball_g01_c01.avi,data/backend_inputs/Basketball_v_Basketball_g01_c01/seed_42/rat_dp/rat_intermediate_merged.mp4,,,
E1,Basketball_v_Basketball_g01_c01,Basketball,RAT-fusion,7,20,135.294792555,data/ucf101_rescue/UCF-101/Basketball/v_Basketball_g01_c01.avi,data/backend_inputs/Basketball_v_Basketball_g01_c01/seed_42/rat_dp/rat_intermediate_merged.mp4,,,
E1,Basketball_v_Basketball_g01_c01,Basketball,Shifted-RAT-fusion,7,20,135.294792555,data/ucf101_rescue/UCF-101/Basketball/v_Basketball_g01_c01.avi,data/backend_inputs/Basketball_v_Basketball_g01_c01/seed_42/rat_dp/rat_intermediate_merged.mp4,,,
E1,Basketball_v_Basketball_g01_c01,Basketball,VideoMAE-only,7,20,135.294792555,data/ucf101_rescue/UCF-101/Basketball/v_Basketball_g01_c01.avi,data/backend_inputs/Basketball_v_Basketball_g01_c01/seed_42/rat_dp/rat_intermediate_merged.mp4,,,
E1,Basketball_v_Basketball_g01_c01,Basketball,RAT+traj,8,20,135.294792555,data/ucf101_rescue/UCF-101/Basketball/v_Basketball_g01_c01.avi,data/backend_inputs/Basketball_v_Basketball_g01_c01/seed_42/rat_dp/rat_intermediate_merged.mp4,,,
E1,Basketball_v_Basketball_g01_c01,Basketball,Motion-reference,8,20,135.294792555,data/ucf101_rescue/UCF-101/Basketball/v_Basketball_g01_c01.avi,data/backend_inputs/Basketball_v_Basketball_g01_c01/seed_42/rat_dp/rat_intermediate_merged.mp4,,,
E1,Basketball_v_Basketball_g01_c01,Basketball,Random,8,20,135.294792555,data/ucf101_rescue/UCF-101/Basketball/v_Basketball_g01_c01.avi,data/backend_inputs/Basketball_v_Basketball_g01_c01/seed_42/rat_dp/rat_intermediate_merged.mp4,,,
E1,Basketball_v_Basketball_g01_c01,Basketball,Shifted-RAT+traj,8,20,135.294792555,data/ucf101_rescue/UCF-101/Basketball/v_Basketball_g01_c01.avi,data/backend_inputs/Basketball_v_Basketball_g01_c01/seed_42/rat_dp/rat_intermediate_merged.mp4,,,
E1,Basketball_v_Basketball_g01_c01,Basketball,RAT-fusion,8,20,135.294792555,data/ucf101_rescue/UCF-101/Basketball/v_Basketball_g01_c01.avi,data/backend_inputs/Basketball_v_Basketball_g01_c01/seed_42/rat_dp/rat_intermediate_merged.mp4,,,
E1,Basketball_v_Basketball_g01_c01,Basketball,Shifted-RAT-fusion,8,20,135.294792555,data/ucf101_rescue/UCF-101/Basketball/v_Basketball_g01_c01.avi,data/backend_inputs/Basketball_v_Basketball_g01_c01/seed_42/rat_dp/rat_intermediate_merged.mp4,,,
E1,Basketball_v_Basketball_g01_c01,Basketball,VideoMAE-only,8,20,135.294792555,data/ucf101_rescue/UCF-101/Basketball/v_Basketball_g01_c01.avi,data/backend_inputs/Basketball_v_Basketball_g01_c01/seed_42/rat_dp/rat_intermediate_merged.mp4,,,
E1,Basketball_v_Basketball_g01_c01,Basketball,RAT+traj,42,20,135.294792555,data/ucf101_rescue/UCF-101/Basketball/v_Basketball_g01_c01.avi,data/backend_inputs/Basketball_v_Basketball_g01_c01/seed_42/rat_dp/rat_intermediate_merged.mp4,,,
E1,Basketball_v_Basketball_g01_c01,Basketball,Motion-reference,42,20,135.294792555,data/ucf101_rescue/UCF-101/Basketball/v_Basketball_g01_c01.avi,data/backend_inputs/Basketball_v_Basketball_g01_c01/seed_42/rat_dp/rat_intermediate_merged.mp4,,,
E1,Basketball_v_Basketball_g01_c01,Basketball,Random,42,20,135.294792555,data/ucf101_rescue/UCF-101/Basketball/v_Basketball_g01_c01.avi,data/backend_inputs/Basketball_v_Basketball_g01_c01/seed_42/rat_dp/rat_intermediate_merged.mp4,,,
E1,Basketball_v_Basketball_g01_c01,Basketball,Shifted-RAT+traj,42,20,135.294792555,data/ucf101_rescue/UCF-101/Basketball/v_Basketball_g01_c01.avi,data/backend_inputs/Basketball_v_Basketball_g01_c01/seed_42/rat_dp/rat_intermediate_merged.mp4,,,
E1,Basketball_v_Basketball_g01_c01,Basketball,RAT-fusion,42,20,135.294792555,data/ucf101_rescue/UCF-101/Basketball/v_Basketball_g01_c01.avi,data/backend_inputs/Basketball_v_Basketball_g01_c01/seed_42/rat_dp/rat_intermediate_merged.mp4,,,
E1,Basketball_v_Basketball_g01_c01,Basketball,Shifted-RAT-fusion,42,20,135.294792555,data/ucf101_rescue/UCF-101/Basketball/v_Basketball_g01_c01.avi,data/backend_inputs/Basketball_v_Basketball_g01_c01/seed_42/rat_dp/rat_intermediate_merged.mp4,,,
E1,Basketball_v_Basketball_g01_c01,Basketball,VideoMAE-only,42,20,135.294792555,data/ucf101_rescue/UCF-101/Basketball/v_Basketball_g01_c01.avi,data/backend_inputs/Basketball_v_Basketball_g01_c01/seed_42/rat_dp/rat_intermediate_merged.mp4,,,
E1,Basketball_v_Basketball_g02_c01,Basketball,RAT+traj,0,20,82.948676232,data/ucf101_rescue/UCF-101/Basketball/v_Basketball_g02_c01.avi,data/backend_inputs/Basketball_v_Basketball_g02_c01/seed_42/rat_dp/rat_intermediate_merged.mp4,,,
E1,Basketball_v_Basketball_g02_c01,Basketball,Motion-reference,0,20,82.948676232,data/ucf101_rescue/UCF-101/Basketball/v_Basketball_g02_c01.avi,data/backend_inputs/Basketball_v_Basketball_g02_c01/seed_42/rat_dp/rat_intermediate_merged.mp4,,,
E1,Basketball_v_Basketball_g02_c01,Basketball,Random,0,20,82.948676232,data/ucf101_rescue/UCF-101/Basketball/v_Basketball_g02_c01.avi,data/backend_inputs/Basketball_v_Basketball_g02_c01/seed_42/rat_dp/rat_intermediate_merged.mp4,,,
E1,Basketball_v_Basketball_g02_c01,Basketball,Shifted-RAT+traj,0,20,82.948676232,data/ucf101_rescue/UCF-101/Basketball/v_Basketball_g02_c01.avi,data/backend_inputs/Basketball_v_Basketball_g02_c01/seed_42/rat_dp/rat_intermediate_merged.mp4,,,
E1,Basketball_v_Basketball_g02_c01,Basketball,RAT-fusion,0,20,82.948676232,data/ucf101_rescue/UCF-101/Basketball/v_Basketball_g02_c01.avi,data/backend_inputs/Basketball_v_Basketball_g02_c01/seed_42/rat_dp/rat_intermediate_merged.mp4,,,
E1,Basketball_v_Basketball_g02_c01,Basketball,Shifted-RAT-fusion,0,20,82.948676232,data/ucf101_rescue/UCF-101/Basketball/v_Basketball_g02_c01.avi,data/backend_inputs/Basketball_v_Basketball_g02_c01/seed_42/rat_dp/rat_intermediate_merged.mp4,,,
E1,Basketball_v_Basketball_g02_c01,Basketball,VideoMAE-only,0,20,82.948676232,data/ucf101_rescue/UCF-101/Basketball/v_Basketball_g02_c01.avi,data/backend_inputs/Basketball_v_Basketball_g02_c01/seed_42/rat_dp/rat_intermediate_merged.mp4,,,
E1,Basketball_v_Basketball_g02_c01,Basketball,RAT+traj,1,20,82.948676232,data/ucf101_rescue/UCF-101/Basketball/v_Basketball_g02_c01.avi,data/backend_inputs/Basketball_v_Basketball_g02_c01/seed_42/rat_dp/rat_intermediate_merged.mp4,,,
E1,Basketball_v_Basketball_g02_c01,Basketball,Motion-reference,1,20,82.948676232,data/ucf101_rescue/UCF-101/Basketball/v_Basketball_g02_c01.avi,data/backend_inputs/Basketball_v_Basketball_g02_c01/seed_42/rat_dp/rat_intermediate_merged.mp4,,,
E1,Basketball_v_Basketball_g02_c01,Basketball,Random,1,20,82.948676232,data/ucf101_rescue/UCF-101/Basketball/v_Basketball_g02_c01.avi,data/backend_inputs/Basketball_v_Basketball_g02_c01/seed_42/rat_dp/rat_intermediate_merged.mp4,,,
E1,Basketball_v_Basketball_g02_c01,Basketball,Shifted-RAT+traj,1,20,82.948676232,data/ucf101_rescue/UCF-101/Basketball/v_Basketball_g02_c01.avi,data/backend_inputs/Basketball_v_Basketball_g02_c01/seed_42/rat_dp/rat_intermediate_merged.mp4,,,
E1,Basketball_v_Basketball_g02_c01,Basketball,RAT-fusion,1,20,82.948676232,data/ucf101_rescue/UCF-101/Basketball/v_Basketball_g02_c01.avi,data/backend_inputs/Basketball_v_Basketball_g02_c01/seed_42/rat_dp/rat_intermediate_merged.mp4,,,
E1,Basketball_v_Basketball_g02_c01,Basketball,Shifted-RAT-fusion,1,20,82.948676232,data/ucf101_rescue/UCF-101/Basketball/v_Basketball_g02_c01.avi,data/backend_inputs/Basketball_v_Basketball_g02_c01/seed_42/rat_dp/rat_intermediate_merged.mp4,,,
E1,Basketball_v_Basketball_g02_c01,Basketball,VideoMAE-only,1,20,82.948676232,data/ucf101_rescue/UCF-101/Basketball/v_Basketball_g02_c01.avi,data/backend_inputs/Basketball_v_Basketball_g02_c01/seed_42/rat_dp/rat_intermediate_merged.mp4,,,
E1,Basketball_v_Basketball_g02_c01,Basketball,RAT+traj,2,20,82.948676232,data/ucf101_rescue/UCF-101/Basketball/v_Basketball_g02_c01.avi,data/backend_inputs/Basketball_v_Basketball_g02_c01/seed_42/rat_dp/rat_intermediate_merged.mp4,,,
E1,Basketball_v_Basketball_g02_c01,Basketball,Motion-reference,2,20,82.948676232,data/ucf101_rescue/UCF-101/Basketball/v_Basketball_g02_c01.avi,data/backend_inputs/Basketball_v_Basketball_g02_c01/seed_42/rat_dp/rat_intermediate_merged.mp4,,,
E1,Basketball_v_Basketball_g02_c01,Basketball,Random,2,20,82.948676232,data/ucf101_rescue/UCF-101/Basketball/v_Basketball_g02_c01.avi,data/backend_inputs/Basketball_v_Basketball_g02_c01/seed_42/rat_dp/rat_intermediate_merged.mp4,,,
E1,Basketball_v_Basketball_g02_c01,Basketball,Shifted-RAT+traj,2,20,82.948676232,data/ucf101_rescue/UCF-101/Basketball/v_Basketball_g02_c01.avi,data/backend_inputs/Basketball_v_Basketball_g02_c01/seed_42/rat_dp/rat_intermediate_merged.mp4,,,
E1,Basketball_v_Basketball_g02_c01,Basketball,RAT-fusion,2,20,82.948676232,data/ucf101_rescue/UCF-101/Basketball/v_Basketball_g02_c01.avi,data/backend_inputs/Basketball_v_Basketball_g02_c01/seed_42/rat_dp/rat_intermediate_merged.mp4,,,
E1,Basketball_v_Basketball_g02_c01,Basketball,Shifted-RAT-fusion,2,20,82.948676232,data/ucf101_rescue/UCF-101/Basketball/v_Basketball_g02_c01.avi,data/backend_inputs/Basketball_v_Basketball_g02_c01/seed_42/rat_dp/rat_intermediate_merged.mp4,,,
E1,Basketball_v_Basketball_g02_c01,Basketball,VideoMAE-only,2,20,82.948676232,data/ucf101_rescue/UCF-101/Basketball/v_Basketball_g02_c01.avi,data/backend_inputs/Basketball_v_Basketball_g02_c01/seed_42/rat_dp/rat_intermediate_merged.mp4,,,
E1,Basketball_v_Basketball_g02_c01,Basketball,RAT+traj,3,20,82.948676232,data/ucf101_rescue/UCF-101/Basketball/v_Basketball_g02_c01.avi,data/backend_inputs/Basketball_v_Basketball_g02_c01/seed_42/rat_dp/rat_intermediate_merged.mp4,,,
E1,Basketball_v_Basketball_g02_c01,Basketball,Motion-reference,3,20,82.948676232,data/ucf101_rescue/UCF-101/Basketball/v_Basketball_g02_c01.avi,data/backend_inputs/Basketball_v_Basketball_g02_c01/seed_42/rat_dp/rat_intermediate_merged.mp4,,,
E1,Basketball_v_Basketball_g02_c01,Basketball,Random,3,20,82.948676232,data/ucf101_rescue/UCF-101/Basketball/v_Basketball_g02_c01.avi,data/backend_inputs/Basketball_v_Basketball_g02_c01/seed_42/rat_dp/rat_intermediate_merged.mp4,,,
E1,Basketball_v_Basketball_g02_c01,Basketball,Shifted-RAT+traj,3,20,82.948676232,data/ucf101_rescue/UCF-101/Basketball/v_Basketball_g02_c01.avi,data/backend_inputs/Basketball_v_Basketball_g02_c01/seed_42/rat_dp/rat_intermediate_merged.mp4,,,
E1,Basketball_v_Basketball_g02_c01,Basketball,RAT-fusion,3,20,82.948676232,data/ucf101_rescue/UCF-101/Basketball/v_Basketball_g02_c01.avi,data/backend_inputs/Basketball_v_Basketball_g02_c01/seed_42/rat_dp/rat_intermediate_merged.mp4,,,
E1,Basketball_v_Basketball_g02_c01,Basketball,Shifted-RAT-fusion,3,20,82.948676232,data/ucf101_rescue/UCF-101/Basketball/v_Basketball_g02_c01.avi,data/backend_inputs/Basketball_v_Basketball_g02_c01/seed_42/rat_dp/rat_intermediate_merged.mp4,,,
E1,Basketball_v_Basketball_g02_c01,Basketball,VideoMAE-only,3,20,82.948676232,data/ucf101_rescue/UCF-101/Basketball/v_Basketball_g02_c01.avi,data/backend_inputs/Basketball_v_Basketball_g02_c01/seed_42/rat_dp/rat_intermediate_merged.mp4,,,
E1,Basketball_v_Basketball_g02_c01,Basketball,RAT+traj,4,20,82.948676232,data/ucf101_rescue/UCF-101/Basketball/v_Basketball_g02_c01.avi,data/backend_inputs/Basketball_v_Basketball_g02_c01/seed_42/rat_dp/rat_intermediate_merged.mp4,,,
E1,Basketball_v_Basketball_g02_c01,Basketball,Motion-reference,4,20,82.948676232,data/ucf101_rescue/UCF-101/Basketball/v_Basketball_g02_c01.avi,data/backend_inputs/Basketball_v_Basketball_g02_c01/seed_42/rat_dp/rat_intermediate_merged.mp4,,,
E1,Basketball_v_Basketball_g02_c01,Basketball,Random,4,20,82.948676232,data/ucf101_rescue/UCF-101/Basketball/v_Basketball_g02_c01.avi,data/backend_inputs/Basketball_v_Basketball_g02_c01/seed_42/rat_dp/rat_intermediate_merged.mp4,,,
E1,Basketball_v_Basketball_g02_c01,Basketball,Shifted-RAT+traj,4,20,82.948676232,data/ucf101_rescue/UCF-101/Basketball/v_Basketball_g02_c01.avi,data/backend_inputs/Basketball_v_Basketball_g02_c01/seed_42/rat_dp/rat_intermediate_merged.mp4,,,
E1,Basketball_v_Basketball_g02_c01,Basketball,RAT-fusion,4,20,82.948676232,data/ucf101_rescue/UCF-101/Basketball/v_Basketball_g02_c01.avi,data/backend_inputs/Basketball_v_Basketball_g02_c01/seed_42/rat_dp/rat_intermediate_merged.mp4,,,
E1,Basketball_v_Basketball_g02_c01,Basketball,Shifted-RAT-fusion,4,20,82.948676232,data/ucf101_rescue/UCF-101/Basketball/v_Basketball_g02_c01.avi,data/backend_inputs/Basketball_v_Basketball_g02_c01/seed_42/rat_dp/rat_intermediate_merged.mp4,,,
E1,Basketball_v_Basketball_g02_c01,Basketball,VideoMAE-only,4,20,82.948676232,data/ucf101_rescue/UCF-101/Basketball/v_Basketball_g02_c01.avi,data/backend_inputs/Basketball_v_Basketball_g02_c01/seed_42/rat_dp/rat_intermediate_merged.mp4,,,
E1,Basketball_v_Basketball_g02_c01,Basketball,RAT+traj,5,20,82.948676232,data/ucf101_rescue/UCF-101/Basketball/v_Basketball_g02_c01.avi,data/backend_inputs/Basketball_v_Basketball_g02_c01/seed_42/rat_dp/rat_intermediate_merged.mp4,,,
E1,Basketball_v_Basketball_g02_c01,Basketball,Motion-reference,5,20,82.948676232,data/ucf101_rescue/UCF-101/Basketball/v_Basketball_g02_c01.avi,data/backend_inputs/Basketball_v_Basketball_g02_c01/seed_42/rat_dp/rat_intermediate_merged.mp4,,,
E1,Basketball_v_Basketball_g02_c01,Basketball,Random,5,20,82.948676232,data/ucf101_rescue/UCF-101/Basketball/v_Basketball_g02_c01.avi,data/backend_inputs/Basketball_v_Basketball_g02_c01/seed_42/rat_dp/rat_intermediate_merged.mp4,,,
E1,Basketball_v_Basketball_g02_c01,Basketball,Shifted-RAT+traj,5,20,82.948676232,data/ucf101_rescue/UCF-101/Basketball/v_Basketball_g02_c01.avi,data/backend_inputs/Basketball_v_Basketball_g02_c01/seed_42/rat_dp/rat_intermediate_merged.mp4,,,
E1,Basketball_v_Basketball_g02_c01,Basketball,RAT-fusion,5,20,82.948676232,data/ucf101_rescue/UCF-101/Basketball/v_Basketball_g02_c01.avi,data/backend_inputs/Basketball_v_Basketball_g02_c01/seed_42/rat_dp/rat_intermediate_merged.mp4,,,
E1,Basketball_v_Basketball_g02_c01,Basketball,Shifted-RAT-fusion,5,20,82.948676232,data/ucf101_rescue/UCF-101/Basketball/v_Basketball_g02_c01.avi,data/backend_inputs/Basketball_v_Basketball_g02_c01/seed_42/rat_dp/rat_intermediate_merged.mp4,,,
E1,Basketball_v_Basketball_g02_c01,Basketball,VideoMAE-only,5,20,82.948676232,data/ucf101_rescue/UCF-101/Basketball/v_Basketball_g02_c01.avi,data/backend_inputs/Basketball_v_Basketball_g02_c01/seed_42/rat_dp/rat_intermediate_merged.mp4,,,
E1,Basketball_v_Basketball_g02_c01,Basketball,RAT+traj,6,20,82.948676232,data/ucf101_rescue/UCF-101/Basketball/v_Basketball_g02_c01.avi,data/backend_inputs/Basketball_v_Basketball_g02_c01/seed_42/rat_dp/rat_intermediate_merged.mp4,,,
E1,Basketball_v_Basketball_g02_c01,Basketball,Motion-reference,6,20,82.948676232,data/ucf101_rescue/UCF-101/Basketball/v_Basketball_g02_c01.avi,data/backend_inputs/Basketball_v_Basketball_g02_c01/seed_42/rat_dp/rat_intermediate_merged.mp4,,,
E1,Basketball_v_Basketball_g02_c01,Basketball,Random,6,20,82.948676232,data/ucf101_rescue/UCF-101/Basketball/v_Basketball_g02_c01.avi,data/backend_inputs/Basketball_v_Basketball_g02_c01/seed_42/rat_dp/rat_intermediate_merged.mp4,,,
E1,Basketball_v_Basketball_g02_c01,Basketball,Shifted-RAT+traj,6,20,82.948676232,data/ucf101_rescue/UCF-101/Basketball/v_Basketball_g02_c01.avi,data/backend_inputs/Basketball_v_Basketball_g02_c01/seed_42/rat_dp/rat_intermediate_merged.mp4,,,
E1,Basketball_v_Basketball_g02_c01,Basketball,RAT-fusion,6,20,82.948676232,data/ucf101_rescue/UCF-101/Basketball/v_Basketball_g02_c01.avi,data/backend_inputs/Basketball_v_Basketball_g02_c01/seed_42/rat_dp/rat_intermediate_merged.mp4,,,
E1,Basketball_v_Basketball_g02_c01,Basketball,Shifted-RAT-fusion,6,20,82.948676232,data/ucf101_rescue/UCF-101/Basketball/v_Basketball_g02_c01.avi,data/backend_inputs/Basketball_v_Basketball_g02_c01/seed_42/rat_dp/rat_intermediate_merged.mp4,,,
E1,Basketball_v_Basketball_g02_c01,Basketball,VideoMAE-only,6,20,82.948676232,data/ucf101_rescue/UCF-101/Basketball/v_Basketball_g02_c01.avi,data/backend_inputs/Basketball_v_Basketball_g02_c01/seed_42/rat_dp/rat_intermediate_merged.mp4,,,
E1,Basketball_v_Basketball_g02_c01,Basketball,RAT+traj,7,20,82.948676232,data/ucf101_rescue/UCF-101/Basketball/v_Basketball_g02_c01.avi,data/backend_inputs/Basketball_v_Basketball_g02_c01/seed_42/rat_dp/rat_intermediate_merged.mp4,,,
E1,Basketball_v_Basketball_g02_c01,Basketball,Motion-reference,7,20,82.948676232,data/ucf101_rescue/UCF-101/Basketball/v_Basketball_g02_c01.avi,data/backend_inputs/Basketball_v_Basketball_g02_c01/seed_42/rat_dp/rat_intermediate_merged.mp4,,,
E1,Basketball_v_Basketball_g02_c01,Basketball,Random,7,20,82.948676232,data/ucf101_rescue/UCF-101/Basketball/v_Basketball_g02_c01.avi,data/backend_inputs/Basketball_v_Basketball_g02_c01/seed_42/rat_dp/rat_intermediate_merged.mp4,,,
E1,Basketball_v_Basketball_g02_c01,Basketball,Shifted-RAT+traj,7,20,82.948676232,data/ucf101_rescue/UCF-101/Basketball/v_Basketball_g02_c01.avi,data/backend_inputs/Basketball_v_Basketball_g02_c01/seed_42/rat_dp/rat_intermediate_merged.mp4,,,
E1,Basketball_v_Basketball_g02_c01,Basketball,RAT-fusion,7,20,82.948676232,data/ucf101_rescue/UCF-101/Basketball/v_Basketball_g02_c01.avi,data/backend_inputs/Basketball_v_Basketball_g02_c01/seed_42/rat_dp/rat_intermediate_merged.mp4,,,
E1,Basketball_v_Basketball_g02_c01,Basketball,Shifted-RAT-fusion,7,20,82.948676232,data/ucf101_rescue/UCF-101/Basketball/v_Basketball_g02_c01.avi,data/backend_inputs/Basketball_v_Basketball_g02_c01/seed_42/rat_dp/rat_intermediate_merged.mp4,,,
E1,Basketball_v_Basketball_g02_c01,Basketball,VideoMAE-only,7,20,82.948676232,data/ucf101_rescue/UCF-101/Basketball/v_Basketball_g02_c01.avi,data/backend_inputs/Basketball_v_Basketball_g02_c01/seed_42/rat_dp/rat_intermediate_merged.mp4,,,
E1,Basketball_v_Basketball_g02_c01,Basketball,RAT+traj,8,20,82.948676232,data/ucf101_rescue/UCF-101/Basketball/v_Basketball_g02_c01.avi,data/backend_inputs/Basketball_v_Basketball_g02_c01/seed_42/rat_dp/rat_intermediate_merged.mp4,,,
E1,Basketball_v_Basketball_g02_c01,Basketball,Motion-reference,8,20,82.948676232,data/ucf101_rescue/UCF-101/Basketball/v_Basketball_g02_c01.avi,data/backend_inputs/Basketball_v_Basketball_g02_c01/seed_42/rat_dp/rat_intermediate_merged.mp4,,,
E1,Basketball_v_Basketball_g02_c01,Basketball,Random,8,20,82.948676232,data/ucf101_rescue/UCF-101/Basketball/v_Basketball_g02_c01.avi,data/backend_inputs/Basketball_v_Basketball_g02_c01/seed_42/rat_dp/rat_intermediate_merged.mp4,,,
E1,Basketball_v_Basketball_g02_c01,Basketball,Shifted-RAT+traj,8,20,82.948676232,data/ucf101_rescue/UCF-101/Basketball/v_Basketball_g02_c01.avi,data/backend_inputs/Basketball_v_Basketball_g02_c01/seed_42/rat_dp/rat_intermediate_merged.mp4,,,
E1,Basketball_v_Basketball_g02_c01,Basketball,RAT-fusion,8,20,82.948676232,data/ucf101_rescue/UCF-101/Basketball/v_Basketball_g02_c01.avi,data/backend_inputs/Basketball_v_Basketball_g02_c01/seed_42/rat_dp/rat_intermediate_merged.mp4,,,
E1,Basketball_v_Basketball_g02_c01,Basketball,Shifted-RAT-fusion,8,20,82.948676232,data/ucf101_rescue/UCF-101/Basketball/v_Basketball_g02_c01.avi,data/backend_inputs/Basketball_v_Basketball_g02_c01/seed_42/rat_dp/rat_intermediate_merged.mp4,,,
E1,Basketball_v_Basketball_g02_c01,Basketball,VideoMAE-only,8,20,82.948676232,data/ucf101_rescue/UCF-101/Basketball/v_Basketball_g02_c01.avi,data/backend_inputs/Basketball_v_Basketball_g02_c01/seed_42/rat_dp/rat_intermediate_merged.mp4,,,
E1,Basketball_v_Basketball_g02_c01,Basketball,RAT+traj,42,20,82.948676232,data/ucf101_rescue/UCF-101/Basketball/v_Basketball_g02_c01.avi,data/backend_inputs/Basketball_v_Basketball_g02_c01/seed_42/rat_dp/rat_intermediate_merged.mp4,,,
E1,Basketball_v_Basketball_g02_c01,Basketball,Motion-reference,42,20,82.948676232,data/ucf101_rescue/UCF-101/Basketball/v_Basketball_g02_c01.avi,data/backend_inputs/Basketball_v_Basketball_g02_c01/seed_42/rat_dp/rat_intermediate_merged.mp4,,,
E1,Basketball_v_Basketball_g02_c01,Basketball,Random,42,20,82.948676232,data/ucf101_rescue/UCF-101/Basketball/v_Basketball_g02_c01.avi,data/backend_inputs/Basketball_v_Basketball_g02_c01/seed_42/rat_dp/rat_intermediate_merged.mp4,,,
E1,Basketball_v_Basketball_g02_c01,Basketball,Shifted-RAT+traj,42,20,82.948676232,data/ucf101_rescue/UCF-101/Basketball/v_Basketball_g02_c01.avi,data/backend_inputs/Basketball_v_Basketball_g02_c01/seed_42/rat_dp/rat_intermediate_merged.mp4,,,
E1,Basketball_v_Basketball_g02_c01,Basketball,RAT-fusion,42,20,82.948676232,data/ucf101_rescue/UCF-101/Basketball/v_Basketball_g02_c01.avi,data/backend_inputs/Basketball_v_Basketball_g02_c01/seed_42/rat_dp/rat_intermediate_merged.mp4,,,
E1,Basketball_v_Basketball_g02_c01,Basketball,Shifted-RAT-fusion,42,20,82.948676232,data/ucf101_rescue/UCF-101/Basketball/v_Basketball_g02_c01.avi,data/backend_inputs/Basketball_v_Basketball_g02_c01/seed_42/rat_dp/rat_intermediate_merged.mp4,,,
E1,Basketball_v_Basketball_g02_c01,Basketball,VideoMAE-only,42,20,82.948676232,data/ucf101_rescue/UCF-101/Basketball/v_Basketball_g02_c01.avi,data/backend_inputs/Basketball_v_Basketball_g02_c01/seed_42/rat_dp/rat_intermediate_merged.mp4,,,
E1,Basketball_v_Basketball_g03_c01,Basketball,RAT+traj,0,20,133.847747822,data/ucf101_rescue/UCF-101/Basketball/v_Basketball_g03_c01.avi,data/backend_inputs/Basketball_v_Basketball_g03_c01/seed_42/rat_dp/rat_intermediate_merged.mp4,,,
E1,Basketball_v_Basketball_g03_c01,Basketball,Motion-reference,0,20,133.847747822,data/ucf101_rescue/UCF-101/Basketball/v_Basketball_g03_c01.avi,data/backend_inputs/Basketball_v_Basketball_g03_c01/seed_42/rat_dp/rat_intermediate_merged.mp4,,,
E1,Basketball_v_Basketball_g03_c01,Basketball,Random,0,20,133.847747822,data/ucf101_rescue/UCF-101/Basketball/v_Basketball_g03_c01.avi,data/backend_inputs/Basketball_v_Basketball_g03_c01/seed_42/rat_dp/rat_intermediate_merged.mp4,,,
E1,Basketball_v_Basketball_g03_c01,Basketball,Shifted-RAT+traj,0,20,133.847747822,data/ucf101_rescue/UCF-101/Basketball/v_Basketball_g03_c01.avi,data/backend_inputs/Basketball_v_Basketball_g03_c01/seed_42/rat_dp/rat_intermediate_merged.mp4,,,
E1,Basketball_v_Basketball_g03_c01,Basketball,RAT-fusion,0,20,133.847747822,data/ucf101_rescue/UCF-101/Basketball/v_Basketball_g03_c01.avi,data/backend_inputs/Basketball_v_Basketball_g03_c01/seed_42/rat_dp/rat_intermediate_merged.mp4,,,
E1,Basketball_v_Basketball_g03_c01,Basketball,Shifted-RAT-fusion,0,20,133.847747822,data/ucf101_rescue/UCF-101/Basketball/v_Basketball_g03_c01.avi,data/backend_inputs/Basketball_v_Basketball_g03_c01/seed_42/rat_dp/rat_intermediate_merged.mp4,,,
E1,Basketball_v_Basketball_g03_c01,Basketball,VideoMAE-only,0,20,133.847747822,data/ucf101_rescue/UCF-101/Basketball/v_Basketball_g03_c01.avi,data/backend_inputs/Basketball_v_Basketball_g03_c01/seed_42/rat_dp/rat_intermediate_merged.mp4,,,
E1,Basketball_v_Basketball_g03_c01,Basketball,RAT+traj,1,20,133.847747822,data/ucf101_rescue/UCF-101/Basketball/v_Basketball_g03_c01.avi,data/backend_inputs/Basketball_v_Basketball_g03_c01/seed_42/rat_dp/rat_intermediate_merged.mp4,,,
E1,Basketball_v_Basketball_g03_c01,Basketball,Motion-reference,1,20,133.847747822,data/ucf101_rescue/UCF-101/Basketball/v_Basketball_g03_c01.avi,data/backend_inputs/Basketball_v_Basketball_g03_c01/seed_42/rat_dp/rat_intermediate_merged.mp4,,,
E1,Basketball_v_Basketball_g03_c01,Basketball,Random,1,20,133.847747822,data/ucf101_rescue/UCF-101/Basketball/v_Basketball_g03_c01.avi,data/backend_inputs/Basketball_v_Basketball_g03_c01/seed_42/rat_dp/rat_intermediate_merged.mp4,,,
E1,Basketball_v_Basketball_g03_c01,Basketball,Shifted-RAT+traj,1,20,133.847747822,data/ucf101_rescue/UCF-101/Basketball/v_Basketball_g03_c01.avi,data/backend_inputs/Basketball_v_Basketball_g03_c01/seed_42/rat_dp/rat_intermediate_merged.mp4,,,
E1,Basketball_v_Basketball_g03_c01,Basketball,RAT-fusion,1,20,133.847747822,data/ucf101_rescue/UCF-101/Basketball/v_Basketball_g03_c01.avi,data/backend_inputs/Basketball_v_Basketball_g03_c01/seed_42/rat_dp/rat_intermediate_merged.mp4,,,
E1,Basketball_v_Basketball_g03_c01,Basketball,Shifted-RAT-fusion,1,20,133.847747822,data/ucf101_rescue/UCF-101/Basketball/v_Basketball_g03_c01.avi,data/backend_inputs/Basketball_v_Basketball_g03_c01/seed_42/rat_dp/rat_intermediate_merged.mp4,,,
E1,Basketball_v_Basketball_g03_c01,Basketball,VideoMAE-only,1,20,133.847747822,data/ucf101_rescue/UCF-101/Basketball/v_Basketball_g03_c01.avi,data/backend_inputs/Basketball_v_Basketball_g03_c01/seed_42/rat_dp/rat_intermediate_merged.mp4,,,
E1,Basketball_v_Basketball_g03_c01,Basketball,RAT+traj,2,20,133.847747822,data/ucf101_rescue/UCF-101/Basketball/v_Basketball_g03_c01.avi,data/backend_inputs/Basketball_v_Basketball_g03_c01/seed_42/rat_dp/rat_intermediate_merged.mp4,,,
E1,Basketball_v_Basketball_g03_c01,Basketball,Motion-reference,2,20,133.847747822,data/ucf101_rescue/UCF-101/Basketball/v_Basketball_g03_c01.avi,data/backend_inputs/Basketball_v_Basketball_g03_c01/seed_42/rat_dp/rat_intermediate_merged.mp4,,,
E1,Basketball_v_Basketball_g03_c01,Basketball,Random,2,20,133.847747822,data/ucf101_rescue/UCF-101/Basketball/v_Basketball_g03_c01.avi,data/backend_inputs/Basketball_v_Basketball_g03_c01/seed_42/rat_dp/rat_intermediate_merged.mp4,,,
E1,Basketball_v_Basketball_g03_c01,Basketball,Shifted-RAT+traj,2,20,133.847747822,data/ucf101_rescue/UCF-101/Basketball/v_Basketball_g03_c01.avi,data/backend_inputs/Basketball_v_Basketball_g03_c01/seed_42/rat_dp/rat_intermediate_merged.mp4,,,
E1,Basketball_v_Basketball_g03_c01,Basketball,RAT-fusion,2,20,133.847747822,data/ucf101_rescue/UCF-101/Basketball/v_Basketball_g03_c01.avi,data/backend_inputs/Basketball_v_Basketball_g03_c01/seed_42/rat_dp/rat_intermediate_merged.mp4,,,
E1,Basketball_v_Basketball_g03_c01,Basketball,Shifted-RAT-fusion,2,20,133.847747822,data/ucf101_rescue/UCF-101/Basketball/v_Basketball_g03_c01.avi,data/backend_inputs/Basketball_v_Basketball_g03_c01/seed_42/rat_dp/rat_intermediate_merged.mp4,,,
E1,Basketball_v_Basketball_g03_c01,Basketball,VideoMAE-only,2,20,133.847747822,data/ucf101_rescue/UCF-101/Basketball/v_Basketball_g03_c01.avi,data/backend_inputs/Basketball_v_Basketball_g03_c01/seed_42/rat_dp/rat_intermediate_merged.mp4,,,
E1,Basketball_v_Basketball_g03_c01,Basketball,RAT+traj,3,20,133.847747822,data/ucf101_rescue/UCF-101/Basketball/v_Basketball_g03_c01.avi,data/backend_inputs/Basketball_v_Basketball_g03_c01/seed_42/rat_dp/rat_intermediate_merged.mp4,,,
E1,Basketball_v_Basketball_g03_c01,Basketball,Motion-reference,3,20,133.847747822,data/ucf101_rescue/UCF-101/Basketball/v_Basketball_g03_c01.avi,data/backend_inputs/Basketball_v_Basketball_g03_c01/seed_42/rat_dp/rat_intermediate_merged.mp4,,,
E1,Basketball_v_Basketball_g03_c01,Basketball,Random,3,20,133.847747822,data/ucf101_rescue/UCF-101/Basketball/v_Basketball_g03_c01.avi,data/backend_inputs/Basketball_v_Basketball_g03_c01/seed_42/rat_dp/rat_intermediate_merged.mp4,,,
E1,Basketball_v_Basketball_g03_c01,Basketball,Shifted-RAT+traj,3,20,133.847747822,data/ucf101_rescue/UCF-101/Basketball/v_Basketball_g03_c01.avi,data/backend_inputs/Basketball_v_Basketball_g03_c01/seed_42/rat_dp/rat_intermediate_merged.mp4,,,
E1,Basketball_v_Basketball_g03_c01,Basketball,RAT-fusion,3,20,133.847747822,data/ucf101_rescue/UCF-101/Basketball/v_Basketball_g03_c01.avi,data/backend_inputs/Basketball_v_Basketball_g03_c01/seed_42/rat_dp/rat_intermediate_merged.mp4,,,
E1,Basketball_v_Basketball_g03_c01,Basketball,Shifted-RAT-fusion,3,20,133.847747822,data/ucf101_rescue/UCF-101/Basketball/v_Basketball_g03_c01.avi,data/backend_inputs/Basketball_v_Basketball_g03_c01/seed_42/rat_dp/rat_intermediate_merged.mp4,,,
E1,Basketball_v_Basketball_g03_c01,Basketball,VideoMAE-only,3,20,133.847747822,data/ucf101_rescue/UCF-101/Basketball/v_Basketball_g03_c01.avi,data/backend_inputs/Basketball_v_Basketball_g03_c01/seed_42/rat_dp/rat_intermediate_merged.mp4,,,
E1,Basketball_v_Basketball_g03_c01,Basketball,RAT+traj,4,20,133.847747822,data/ucf101_rescue/UCF-101/Basketball/v_Basketball_g03_c01.avi,data/backend_inputs/Basketball_v_Basketball_g03_c01/seed_42/rat_dp/rat_intermediate_merged.mp4,,,
E1,Basketball_v_Basketball_g03_c01,Basketball,Motion-reference,4,20,133.847747822,data/ucf101_rescue/UCF-101/Basketball/v_Basketball_g03_c01.avi,data/backend_inputs/Basketball_v_Basketball_g03_c01/seed_42/rat_dp/rat_intermediate_merged.mp4,,,
E1,Basketball_v_Basketball_g03_c01,Basketball,Random,4,20,133.847747822,data/ucf101_rescue/UCF-101/Basketball/v_Basketball_g03_c01.avi,data/backend_inputs/Basketball_v_Basketball_g03_c01/seed_42/rat_dp/rat_intermediate_merged.mp4,,,
E1,Basketball_v_Basketball_g03_c01,Basketball,Shifted-RAT+traj,4,20,133.847747822,data/ucf101_rescue/UCF-101/Basketball/v_Basketball_g03_c01.avi,data/backend_inputs/Basketball_v_Basketball_g03_c01/seed_42/rat_dp/rat_intermediate_merged.mp4,,,
E1,Basketball_v_Basketball_g03_c01,Basketball,RAT-fusion,4,20,133.847747822,data/ucf101_rescue/UCF-101/Basketball/v_Basketball_g03_c01.avi,data/backend_inputs/Basketball_v_Basketball_g03_c01/seed_42/rat_dp/rat_intermediate_merged.mp4,,,
E1,Basketball_v_Basketball_g03_c01,Basketball,Shifted-RAT-fusion,4,20,133.847747822,data/ucf101_rescue/UCF-101/Basketball/v_Basketball_g03_c01.avi,data/backend_inputs/Basketball_v_Basketball_g03_c01/seed_42/rat_dp/rat_intermediate_merged.mp4,,,
E1,Basketball_v_Basketball_g03_c01,Basketball,VideoMAE-only,4,20,133.847747822,data/ucf101_rescue/UCF-101/Basketball/v_Basketball_g03_c01.avi,data/backend_inputs/Basketball_v_Basketball_g03_c01/seed_42/rat_dp/rat_intermediate_merged.mp4,,,
E1,Basketball_v_Basketball_g03_c01,Basketball,RAT+traj,5,20,133.847747822,data/ucf101_rescue/UCF-101/Basketball/v_Basketball_g03_c01.avi,data/backend_inputs/Basketball_v_Basketball_g03_c01/seed_42/rat_dp/rat_intermediate_merged.mp4,,,
E1,Basketball_v_Basketball_g03_c01,Basketball,Motion-reference,5,20,133.847747822,data/ucf101_rescue/UCF-101/Basketball/v_Basketball_g03_c01.avi,data/backend_inputs/Basketball_v_Basketball_g03_c01/seed_42/rat_dp/rat_intermediate_merged.mp4,,,
E1,Basketball_v_Basketball_g03_c01,Basketball,Random,5,20,133.847747822,data/ucf101_rescue/UCF-101/Basketball/v_Basketball_g03_c01.avi,data/backend_inputs/Basketball_v_Basketball_g03_c01/seed_42/rat_dp/rat_intermediate_merged.mp4,,,
E1,Basketball_v_Basketball_g03_c01,Basketball,Shifted-RAT+traj,5,20,133.847747822,data/ucf101_rescue/UCF-101/Basketball/v_Basketball_g03_c01.avi,data/backend_inputs/Basketball_v_Basketball_g03_c01/seed_42/rat_dp/rat_intermediate_merged.mp4,,,
E1,Basketball_v_Basketball_g03_c01,Basketball,RAT-fusion,5,20,133.847747822,data/ucf101_rescue/UCF-101/Basketball/v_Basketball_g03_c01.avi,data/backend_inputs/Basketball_v_Basketball_g03_c01/seed_42/rat_dp/rat_intermediate_merged.mp4,,,
E1,Basketball_v_Basketball_g03_c01,Basketball,Shifted-RAT-fusion,5,20,133.847747822,data/ucf101_rescue/UCF-101/Basketball/v_Basketball_g03_c01.avi,data/backend_inputs/Basketball_v_Basketball_g03_c01/seed_42/rat_dp/rat_intermediate_merged.mp4,,,
E1,Basketball_v_Basketball_g03_c01,Basketball,VideoMAE-only,5,20,133.847747822,data/ucf101_rescue/UCF-101/Basketball/v_Basketball_g03_c01.avi,data/backend_inputs/Basketball_v_Basketball_g03_c01/seed_42/rat_dp/rat_intermediate_merged.mp4,,,
E1,Basketball_v_Basketball_g03_c01,Basketball,RAT+traj,6,20,133.847747822,data/ucf101_rescue/UCF-101/Basketball/v_Basketball_g03_c01.avi,data/backend_inputs/Basketball_v_Basketball_g03_c01/seed_42/rat_dp/rat_intermediate_merged.mp4,,,
E1,Basketball_v_Basketball_g03_c01,Basketball,Motion-reference,6,20,133.847747822,data/ucf101_rescue/UCF-101/Basketball/v_Basketball_g03_c01.avi,data/backend_inputs/Basketball_v_Basketball_g03_c01/seed_42/rat_dp/rat_intermediate_merged.mp4,,,
E1,Basketball_v_Basketball_g03_c01,Basketball,Random,6,20,133.847747822,data/ucf101_rescue/UCF-101/Basketball/v_Basketball_g03_c01.avi,data/backend_inputs/Basketball_v_Basketball_g03_c01/seed_42/rat_dp/rat_intermediate_merged.mp4,,,
E1,Basketball_v_Basketball_g03_c01,Basketball,Shifted-RAT+traj,6,20,133.847747822,data/ucf101_rescue/UCF-101/Basketball/v_Basketball_g03_c01.avi,data/backend_inputs/Basketball_v_Basketball_g03_c01/seed_42/rat_dp/rat_intermediate_merged.mp4,,,
E1,Basketball_v_Basketball_g03_c01,Basketball,RAT-fusion,6,20,133.847747822,data/ucf101_rescue/UCF-101/Basketball/v_Basketball_g03_c01.avi,data/backend_inputs/Basketball_v_Basketball_g03_c01/seed_42/rat_dp/rat_intermediate_merged.mp4,,,
E1,Basketball_v_Basketball_g03_c01,Basketball,Shifted-RAT-fusion,6,20,133.847747822,data/ucf101_rescue/UCF-101/Basketball/v_Basketball_g03_c01.avi,data/backend_inputs/Basketball_v_Basketball_g03_c01/seed_42/rat_dp/rat_intermediate_merged.mp4,,,
E1,Basketball_v_Basketball_g03_c01,Basketball,VideoMAE-only,6,20,133.847747822,data/ucf101_rescue/UCF-101/Basketball/v_Basketball_g03_c01.avi,data/backend_inputs/Basketball_v_Basketball_g03_c01/seed_42/rat_dp/rat_intermediate_merged.mp4,,,
E1,Basketball_v_Basketball_g03_c01,Basketball,RAT+traj,7,20,133.847747822,data/ucf101_rescue/UCF-101/Basketball/v_Basketball_g03_c01.avi,data/backend_inputs/Basketball_v_Basketball_g03_c01/seed_42/rat_dp/rat_intermediate_merged.mp4,,,
E1,Basketball_v_Basketball_g03_c01,Basketball,Motion-reference,7,20,133.847747822,data/ucf101_rescue/UCF-101/Basketball/v_Basketball_g03_c01.avi,data/backend_inputs/Basketball_v_Basketball_g03_c01/seed_42/rat_dp/rat_intermediate_merged.mp4,,,
E1,Basketball_v_Basketball_g03_c01,Basketball,Random,7,20,133.847747822,data/ucf101_rescue/UCF-101/Basketball/v_Basketball_g03_c01.avi,data/backend_inputs/Basketball_v_Basketball_g03_c01/seed_42/rat_dp/rat_intermediate_merged.mp4,,,
E1,Basketball_v_Basketball_g03_c01,Basketball,Shifted-RAT+traj,7,20,133.847747822,data/ucf101_rescue/UCF-101/Basketball/v_Basketball_g03_c01.avi,data/backend_inputs/Basketball_v_Basketball_g03_c01/seed_42/rat_dp/rat_intermediate_merged.mp4,,,
E1,Basketball_v_Basketball_g03_c01,Basketball,RAT-fusion,7,20,133.847747822,data/ucf101_rescue/UCF-101/Basketball/v_Basketball_g03_c01.avi,data/backend_inputs/Basketball_v_Basketball_g03_c01/seed_42/rat_dp/rat_intermediate_merged.mp4,,,
E1,Basketball_v_Basketball_g03_c01,Basketball,Shifted-RAT-fusion,7,20,133.847747822,data/ucf101_rescue/UCF-101/Basketball/v_Basketball_g03_c01.avi,data/backend_inputs/Basketball_v_Basketball_g03_c01/seed_42/rat_dp/rat_intermediate_merged.mp4,,,
E1,Basketball_v_Basketball_g03_c01,Basketball,VideoMAE-only,7,20,133.847747822,data/ucf101_rescue/UCF-101/Basketball/v_Basketball_g03_c01.avi,data/backend_inputs/Basketball_v_Basketball_g03_c01/seed_42/rat_dp/rat_intermediate_merged.mp4,,,
E1,Basketball_v_Basketball_g03_c01,Basketball,RAT+traj,8,20,133.847747822,data/ucf101_rescue/UCF-101/Basketball/v_Basketball_g03_c01.avi,data/backend_inputs/Basketball_v_Basketball_g03_c01/seed_42/rat_dp/rat_intermediate_merged.mp4,,,
E1,Basketball_v_Basketball_g03_c01,Basketball,Motion-reference,8,20,133.847747822,data/ucf101_rescue/UCF-101/Basketball/v_Basketball_g03_c01.avi,data/backend_inputs/Basketball_v_Basketball_g03_c01/seed_42/rat_dp/rat_intermediate_merged.mp4,,,
E1,Basketball_v_Basketball_g03_c01,Basketball,Random,8,20,133.847747822,data/ucf101_rescue/UCF-101/Basketball/v_Basketball_g03_c01.avi,data/backend_inputs/Basketball_v_Basketball_g03_c01/seed_42/rat_dp/rat_intermediate_merged.mp4,,,
E1,Basketball_v_Basketball_g03_c01,Basketball,Shifted-RAT+traj,8,20,133.847747822,data/ucf101_rescue/UCF-101/Basketball/v_Basketball_g03_c01.avi,data/backend_inputs/Basketball_v_Basketball_g03_c01/seed_42/rat_dp/rat_intermediate_merged.mp4,,,
E1,Basketball_v_Basketball_g03_c01,Basketball,RAT-fusion,8,20,133.847747822,data/ucf101_rescue/UCF-101/Basketball/v_Basketball_g03_c01.avi,data/backend_inputs/Basketball_v_Basketball_g03_c01/seed_42/rat_dp/rat_intermediate_merged.mp4,,,
E1,Basketball_v_Basketball_g03_c01,Basketball,Shifted-RAT-fusion,8,20,133.847747822,data/ucf101_rescue/UCF-101/Basketball/v_Basketball_g03_c01.avi,data/backend_inputs/Basketball_v_Basketball_g03_c01/seed_42/rat_dp/rat_intermediate_merged.mp4,,,
E1,Basketball_v_Basketball_g03_c01,Basketball,VideoMAE-only,8,20,133.847747822,data/ucf101_rescue/UCF-101/Basketball/v_Basketball_g03_c01.avi,data/backend_inputs/Basketball_v_Basketball_g03_c01/seed_42/rat_dp/rat_intermediate_merged.mp4,,,
E1,Basketball_v_Basketball_g03_c01,Basketball,RAT+traj,42,20,133.847747822,data/ucf101_rescue/UCF-101/Basketball/v_Basketball_g03_c01.avi,data/backend_inputs/Basketball_v_Basketball_g03_c01/seed_42/rat_dp/rat_intermediate_merged.mp4,,,
E1,Basketball_v_Basketball_g03_c01,Basketball,Motion-reference,42,20,133.847747822,data/ucf101_rescue/UCF-101/Basketball/v_Basketball_g03_c01.avi,data/backend_inputs/Basketball_v_Basketball_g03_c01/seed_42/rat_dp/rat_intermediate_merged.mp4,,,
E1,Basketball_v_Basketball_g03_c01,Basketball,Random,42,20,133.847747822,data/ucf101_rescue/UCF-101/Basketball/v_Basketball_g03_c01.avi,data/backend_inputs/Basketball_v_Basketball_g03_c01/seed_42/rat_dp/rat_intermediate_merged.mp4,,,
E1,Basketball_v_Basketball_g03_c01,Basketball,Shifted-RAT+traj,42,20,133.847747822,data/ucf101_rescue/UCF-101/Basketball/v_Basketball_g03_c01.avi,data/backend_inputs/Basketball_v_Basketball_g03_c01/seed_42/rat_dp/rat_intermediate_merged.mp4,,,
E1,Basketball_v_Basketball_g03_c01,Basketball,RAT-fusion,42,20,133.847747822,data/ucf101_rescue/UCF-101/Basketball/v_Basketball_g03_c01.avi,data/backend_inputs/Basketball_v_Basketball_g03_c01/seed_42/rat_dp/rat_intermediate_merged.mp4,,,
E1,Basketball_v_Basketball_g03_c01,Basketball,Shifted-RAT-fusion,42,20,133.847747822,data/ucf101_rescue/UCF-101/Basketball/v_Basketball_g03_c01.avi,data/backend_inputs/Basketball_v_Basketball_g03_c01/seed_42/rat_dp/rat_intermediate_merged.mp4,,,
E1,Basketball_v_Basketball_g03_c01,Basketball,VideoMAE-only,42,20,133.847747822,data/ucf101_rescue/UCF-101/Basketball/v_Basketball_g03_c01.avi,data/backend_inputs/Basketball_v_Basketball_g03_c01/seed_42/rat_dp/rat_intermediate_merged.mp4,,,
E1,Basketball_v_Basketball_g04_c01,Basketball,RAT+traj,0,20,118.955567642,data/ucf101_rescue/UCF-101/Basketball/v_Basketball_g04_c01.avi,data/backend_inputs/Basketball_v_Basketball_g04_c01/seed_42/rat_dp/rat_intermediate_merged.mp4,,,
E1,Basketball_v_Basketball_g04_c01,Basketball,Motion-reference,0,20,118.955567642,data/ucf101_rescue/UCF-101/Basketball/v_Basketball_g04_c01.avi,data/backend_inputs/Basketball_v_Basketball_g04_c01/seed_42/rat_dp/rat_intermediate_merged.mp4,,,
E1,Basketball_v_Basketball_g04_c01,Basketball,Random,0,20,118.955567642,data/ucf101_rescue/UCF-101/Basketball/v_Basketball_g04_c01.avi,data/backend_inputs/Basketball_v_Basketball_g04_c01/seed_42/rat_dp/rat_intermediate_merged.mp4,,,
E1,Basketball_v_Basketball_g04_c01,Basketball,Shifted-RAT+traj,0,20,118.955567642,data/ucf101_rescue/UCF-101/Basketball/v_Basketball_g04_c01.avi,data/backend_inputs/Basketball_v_Basketball_g04_c01/seed_42/rat_dp/rat_intermediate_merged.mp4,,,
E1,Basketball_v_Basketball_g04_c01,Basketball,RAT-fusion,0,20,118.955567642,data/ucf101_rescue/UCF-101/Basketball/v_Basketball_g04_c01.avi,data/backend_inputs/Basketball_v_Basketball_g04_c01/seed_42/rat_dp/rat_intermediate_merged.mp4,,,
E1,Basketball_v_Basketball_g04_c01,Basketball,Shifted-RAT-fusion,0,20,118.955567642,data/ucf101_rescue/UCF-101/Basketball/v_Basketball_g04_c01.avi,data/backend_inputs/Basketball_v_Basketball_g04_c01/seed_42/rat_dp/rat_intermediate_merged.mp4,,,
E1,Basketball_v_Basketball_g04_c01,Basketball,VideoMAE-only,0,20,118.955567642,data/ucf101_rescue/UCF-101/Basketball/v_Basketball_g04_c01.avi,data/backend_inputs/Basketball_v_Basketball_g04_c01/seed_42/rat_dp/rat_intermediate_merged.mp4,,,
E1,Basketball_v_Basketball_g04_c01,Basketball,RAT+traj,1,20,118.955567642,data/ucf101_rescue/UCF-101/Basketball/v_Basketball_g04_c01.avi,data/backend_inputs/Basketball_v_Basketball_g04_c01/seed_42/rat_dp/rat_intermediate_merged.mp4,,,
E1,Basketball_v_Basketball_g04_c01,Basketball,Motion-reference,1,20,118.955567642,data/ucf101_rescue/UCF-101/Basketball/v_Basketball_g04_c01.avi,data/backend_inputs/Basketball_v_Basketball_g04_c01/seed_42/rat_dp/rat_intermediate_merged.mp4,,,
E1,Basketball_v_Basketball_g04_c01,Basketball,Random,1,20,118.955567642,data/ucf101_rescue/UCF-101/Basketball/v_Basketball_g04_c01.avi,data/backend_inputs/Basketball_v_Basketball_g04_c01/seed_42/rat_dp/rat_intermediate_merged.mp4,,,
E1,Basketball_v_Basketball_g04_c01,Basketball,Shifted-RAT+traj,1,20,118.955567642,data/ucf101_rescue/UCF-101/Basketball/v_Basketball_g04_c01.avi,data/backend_inputs/Basketball_v_Basketball_g04_c01/seed_42/rat_dp/rat_intermediate_merged.mp4,,,
E1,Basketball_v_Basketball_g04_c01,Basketball,RAT-fusion,1,20,118.955567642,data/ucf101_rescue/UCF-101/Basketball/v_Basketball_g04_c01.avi,data/backend_inputs/Basketball_v_Basketball_g04_c01/seed_42/rat_dp/rat_intermediate_merged.mp4,,,
E1,Basketball_v_Basketball_g04_c01,Basketball,Shifted-RAT-fusion,1,20,118.955567642,data/ucf101_rescue/UCF-101/Basketball/v_Basketball_g04_c01.avi,data/backend_inputs/Basketball_v_Basketball_g04_c01/seed_42/rat_dp/rat_intermediate_merged.mp4,,,
E1,Basketball_v_Basketball_g04_c01,Basketball,VideoMAE-only,1,20,118.955567642,data/ucf101_rescue/UCF-101/Basketball/v_Basketball_g04_c01.avi,data/backend_inputs/Basketball_v_Basketball_g04_c01/seed_42/rat_dp/rat_intermediate_merged.mp4,,,
E1,Basketball_v_Basketball_g04_c01,Basketball,RAT+traj,2,20,118.955567642,data/ucf101_rescue/UCF-101/Basketball/v_Basketball_g04_c01.avi,data/backend_inputs/Basketball_v_Basketball_g04_c01/seed_42/rat_dp/rat_intermediate_merged.mp4,,,
E1,Basketball_v_Basketball_g04_c01,Basketball,Motion-reference,2,20,118.955567642,data/ucf101_rescue/UCF-101/Basketball/v_Basketball_g04_c01.avi,data/backend_inputs/Basketball_v_Basketball_g04_c01/seed_42/rat_dp/rat_intermediate_merged.mp4,,,
E1,Basketball_v_Basketball_g04_c01,Basketball,Random,2,20,118.955567642,data/ucf101_rescue/UCF-101/Basketball/v_Basketball_g04_c01.avi,data/backend_inputs/Basketball_v_Basketball_g04_c01/seed_42/rat_dp/rat_intermediate_merged.mp4,,,
E1,Basketball_v_Basketball_g04_c01,Basketball,Shifted-RAT+traj,2,20,118.955567642,data/ucf101_rescue/UCF-101/Basketball/v_Basketball_g04_c01.avi,data/backend_inputs/Basketball_v_Basketball_g04_c01/seed_42/rat_dp/rat_intermediate_merged.mp4,,,
E1,Basketball_v_Basketball_g04_c01,Basketball,RAT-fusion,2,20,118.955567642,data/ucf101_rescue/UCF-101/Basketball/v_Basketball_g04_c01.avi,data/backend_inputs/Basketball_v_Basketball_g04_c01/seed_42/rat_dp/rat_intermediate_merged.mp4,,,
E1,Basketball_v_Basketball_g04_c01,Basketball,Shifted-RAT-fusion,2,20,118.955567642,data/ucf101_rescue/UCF-101/Basketball/v_Basketball_g04_c01.avi,data/backend_inputs/Basketball_v_Basketball_g04_c01/seed_42/rat_dp/rat_intermediate_merged.mp4,,,
E1,Basketball_v_Basketball_g04_c01,Basketball,VideoMAE-only,2,20,118.955567642,data/ucf101_rescue/UCF-101/Basketball/v_Basketball_g04_c01.avi,data/backend_inputs/Basketball_v_Basketball_g04_c01/seed_42/rat_dp/rat_intermediate_merged.mp4,,,
E1,Basketball_v_Basketball_g04_c01,Basketball,RAT+traj,3,20,118.955567642,data/ucf101_rescue/UCF-101/Basketball/v_Basketball_g04_c01.avi,data/backend_inputs/Basketball_v_Basketball_g04_c01/seed_42/rat_dp/rat_intermediate_merged.mp4,,,
E1,Basketball_v_Basketball_g04_c01,Basketball,Motion-reference,3,20,118.955567642,data/ucf101_rescue/UCF-101/Basketball/v_Basketball_g04_c01.avi,data/backend_inputs/Basketball_v_Basketball_g04_c01/seed_42/rat_dp/rat_intermediate_merged.mp4,,,
E1,Basketball_v_Basketball_g04_c01,Basketball,Random,3,20,118.955567642,data/ucf101_rescue/UCF-101/Basketball/v_Basketball_g04_c01.avi,data/backend_inputs/Basketball_v_Basketball_g04_c01/seed_42/rat_dp/rat_intermediate_merged.mp4,,,
E1,Basketball_v_Basketball_g04_c01,Basketball,Shifted-RAT+traj,3,20,118.955567642,data/ucf101_rescue/UCF-101/Basketball/v_Basketball_g04_c01.avi,data/backend_inputs/Basketball_v_Basketball_g04_c01/seed_42/rat_dp/rat_intermediate_merged.mp4,,,
E1,Basketball_v_Basketball_g04_c01,Basketball,RAT-fusion,3,20,118.955567642,data/ucf101_rescue/UCF-101/Basketball/v_Basketball_g04_c01.avi,data/backend_inputs/Basketball_v_Basketball_g04_c01/seed_42/rat_dp/rat_intermediate_merged.mp4,,,
E1,Basketball_v_Basketball_g04_c01,Basketball,Shifted-RAT-fusion,3,20,118.955567642,data/ucf101_rescue/UCF-101/Basketball/v_Basketball_g04_c01.avi,data/backend_inputs/Basketball_v_Basketball_g04_c01/seed_42/rat_dp/rat_intermediate_merged.mp4,,,
E1,Basketball_v_Basketball_g04_c01,Basketball,VideoMAE-only,3,20,118.955567642,data/ucf101_rescue/UCF-101/Basketball/v_Basketball_g04_c01.avi,data/backend_inputs/Basketball_v_Basketball_g04_c01/seed_42/rat_dp/rat_intermediate_merged.mp4,,,
E1,Basketball_v_Basketball_g04_c01,Basketball,RAT+traj,4,20,118.955567642,data/ucf101_rescue/UCF-101/Basketball/v_Basketball_g04_c01.avi,data/backend_inputs/Basketball_v_Basketball_g04_c01/seed_42/rat_dp/rat_intermediate_merged.mp4,,,
E1,Basketball_v_Basketball_g04_c01,Basketball,Motion-reference,4,20,118.955567642,data/ucf101_rescue/UCF-101/Basketball/v_Basketball_g04_c01.avi,data/backend_inputs/Basketball_v_Basketball_g04_c01/seed_42/rat_dp/rat_intermediate_merged.mp4,,,
E1,Basketball_v_Basketball_g04_c01,Basketball,Random,4,20,118.955567642,data/ucf101_rescue/UCF-101/Basketball/v_Basketball_g04_c01.avi,data/backend_inputs/Basketball_v_Basketball_g04_c01/seed_42/rat_dp/rat_intermediate_merged.mp4,,,
E1,Basketball_v_Basketball_g04_c01,Basketball,Shifted-RAT+traj,4,20,118.955567642,data/ucf101_rescue/UCF-101/Basketball/v_Basketball_g04_c01.avi,data/backend_inputs/Basketball_v_Basketball_g04_c01/seed_42/rat_dp/rat_intermediate_merged.mp4,,,
E1,Basketball_v_Basketball_g04_c01,Basketball,RAT-fusion,4,20,118.955567642,data/ucf101_rescue/UCF-101/Basketball/v_Basketball_g04_c01.avi,data/backend_inputs/Basketball_v_Basketball_g04_c01/seed_42/rat_dp/rat_intermediate_merged.mp4,,,
E1,Basketball_v_Basketball_g04_c01,Basketball,Shifted-RAT-fusion,4,20,118.955567642,data/ucf101_rescue/UCF-101/Basketball/v_Basketball_g04_c01.avi,data/backend_inputs/Basketball_v_Basketball_g04_c01/seed_42/rat_dp/rat_intermediate_merged.mp4,,,
E1,Basketball_v_Basketball_g04_c01,Basketball,VideoMAE-only,4,20,118.955567642,data/ucf101_rescue/UCF-101/Basketball/v_Basketball_g04_c01.avi,data/backend_inputs/Basketball_v_Basketball_g04_c01/seed_42/rat_dp/rat_intermediate_merged.mp4,,,
E1,Basketball_v_Basketball_g04_c01,Basketball,RAT+traj,5,20,118.955567642,data/ucf101_rescue/UCF-101/Basketball/v_Basketball_g04_c01.avi,data/backend_inputs/Basketball_v_Basketball_g04_c01/seed_42/rat_dp/rat_intermediate_merged.mp4,,,
E1,Basketball_v_Basketball_g04_c01,Basketball,Motion-reference,5,20,118.955567642,data/ucf101_rescue/UCF-101/Basketball/v_Basketball_g04_c01.avi,data/backend_inputs/Basketball_v_Basketball_g04_c01/seed_42/rat_dp/rat_intermediate_merged.mp4,,,
E1,Basketball_v_Basketball_g04_c01,Basketball,Random,5,20,118.955567642,data/ucf101_rescue/UCF-101/Basketball/v_Basketball_g04_c01.avi,data/backend_inputs/Basketball_v_Basketball_g04_c01/seed_42/rat_dp/rat_intermediate_merged.mp4,,,
E1,Basketball_v_Basketball_g04_c01,Basketball,Shifted-RAT+traj,5,20,118.955567642,data/ucf101_rescue/UCF-101/Basketball/v_Basketball_g04_c01.avi,data/backend_inputs/Basketball_v_Basketball_g04_c01/seed_42/rat_dp/rat_intermediate_merged.mp4,,,
E1,Basketball_v_Basketball_g04_c01,Basketball,RAT-fusion,5,20,118.955567642,data/ucf101_rescue/UCF-101/Basketball/v_Basketball_g04_c01.avi,data/backend_inputs/Basketball_v_Basketball_g04_c01/seed_42/rat_dp/rat_intermediate_merged.mp4,,,
E1,Basketball_v_Basketball_g04_c01,Basketball,Shifted-RAT-fusion,5,20,118.955567642,data/ucf101_rescue/UCF-101/Basketball/v_Basketball_g04_c01.avi,data/backend_inputs/Basketball_v_Basketball_g04_c01/seed_42/rat_dp/rat_intermediate_merged.mp4,,,
E1,Basketball_v_Basketball_g04_c01,Basketball,VideoMAE-only,5,20,118.955567642,data/ucf101_rescue/UCF-101/Basketball/v_Basketball_g04_c01.avi,data/backend_inputs/Basketball_v_Basketball_g04_c01/seed_42/rat_dp/rat_intermediate_merged.mp4,,,
E1,Basketball_v_Basketball_g04_c01,Basketball,RAT+traj,6,20,118.955567642,data/ucf101_rescue/UCF-101/Basketball/v_Basketball_g04_c01.avi,data/backend_inputs/Basketball_v_Basketball_g04_c01/seed_42/rat_dp/rat_intermediate_merged.mp4,,,
E1,Basketball_v_Basketball_g04_c01,Basketball,Motion-reference,6,20,118.955567642,data/ucf101_rescue/UCF-101/Basketball/v_Basketball_g04_c01.avi,data/backend_inputs/Basketball_v_Basketball_g04_c01/seed_42/rat_dp/rat_intermediate_merged.mp4,,,
E1,Basketball_v_Basketball_g04_c01,Basketball,Random,6,20,118.955567642,data/ucf101_rescue/UCF-101/Basketball/v_Basketball_g04_c01.avi,data/backend_inputs/Basketball_v_Basketball_g04_c01/seed_42/rat_dp/rat_intermediate_merged.mp4,,,
E1,Basketball_v_Basketball_g04_c01,Basketball,Shifted-RAT+traj,6,20,118.955567642,data/ucf101_rescue/UCF-101/Basketball/v_Basketball_g04_c01.avi,data/backend_inputs/Basketball_v_Basketball_g04_c01/seed_42/rat_dp/rat_intermediate_merged.mp4,,,
E1,Basketball_v_Basketball_g04_c01,Basketball,RAT-fusion,6,20,118.955567642,data/ucf101_rescue/UCF-101/Basketball/v_Basketball_g04_c01.avi,data/backend_inputs/Basketball_v_Basketball_g04_c01/seed_42/rat_dp/rat_intermediate_merged.mp4,,,
E1,Basketball_v_Basketball_g04_c01,Basketball,Shifted-RAT-fusion,6,20,118.955567642,data/ucf101_rescue/UCF-101/Basketball/v_Basketball_g04_c01.avi,data/backend_inputs/Basketball_v_Basketball_g04_c01/seed_42/rat_dp/rat_intermediate_merged.mp4,,,
E1,Basketball_v_Basketball_g04_c01,Basketball,VideoMAE-only,6,20,118.955567642,data/ucf101_rescue/UCF-101/Basketball/v_Basketball_g04_c01.avi,data/backend_inputs/Basketball_v_Basketball_g04_c01/seed_42/rat_dp/rat_intermediate_merged.mp4,,,
E1,Basketball_v_Basketball_g04_c01,Basketball,RAT+traj,7,20,118.955567642,data/ucf101_rescue/UCF-101/Basketball/v_Basketball_g04_c01.avi,data/backend_inputs/Basketball_v_Basketball_g04_c01/seed_42/rat_dp/rat_intermediate_merged.mp4,,,
E1,Basketball_v_Basketball_g04_c01,Basketball,Motion-reference,7,20,118.955567642,data/ucf101_rescue/UCF-101/Basketball/v_Basketball_g04_c01.avi,data/backend_inputs/Basketball_v_Basketball_g04_c01/seed_42/rat_dp/rat_intermediate_merged.mp4,,,
E1,Basketball_v_Basketball_g04_c01,Basketball,Random,7,20,118.955567642,data/ucf101_rescue/UCF-101/Basketball/v_Basketball_g04_c01.avi,data/backend_inputs/Basketball_v_Basketball_g04_c01/seed_42/rat_dp/rat_intermediate_merged.mp4,,,
E1,Basketball_v_Basketball_g04_c01,Basketball,Shifted-RAT+traj,7,20,118.955567642,data/ucf101_rescue/UCF-101/Basketball/v_Basketball_g04_c01.avi,data/backend_inputs/Basketball_v_Basketball_g04_c01/seed_42/rat_dp/rat_intermediate_merged.mp4,,,
E1,Basketball_v_Basketball_g04_c01,Basketball,RAT-fusion,7,20,118.955567642,data/ucf101_rescue/UCF-101/Basketball/v_Basketball_g04_c01.avi,data/backend_inputs/Basketball_v_Basketball_g04_c01/seed_42/rat_dp/rat_intermediate_merged.mp4,,,
E1,Basketball_v_Basketball_g04_c01,Basketball,Shifted-RAT-fusion,7,20,118.955567642,data/ucf101_rescue/UCF-101/Basketball/v_Basketball_g04_c01.avi,data/backend_inputs/Basketball_v_Basketball_g04_c01/seed_42/rat_dp/rat_intermediate_merged.mp4,,,
E1,Basketball_v_Basketball_g04_c01,Basketball,VideoMAE-only,7,20,118.955567642,data/ucf101_rescue/UCF-101/Basketball/v_Basketball_g04_c01.avi,data/backend_inputs/Basketball_v_Basketball_g04_c01/seed_42/rat_dp/rat_intermediate_merged.mp4,,,
E1,Basketball_v_Basketball_g04_c01,Basketball,RAT+traj,8,20,118.955567642,data/ucf101_rescue/UCF-101/Basketball/v_Basketball_g04_c01.avi,data/backend_inputs/Basketball_v_Basketball_g04_c01/seed_42/rat_dp/rat_intermediate_merged.mp4,,,
E1,Basketball_v_Basketball_g04_c01,Basketball,Motion-reference,8,20,118.955567642,data/ucf101_rescue/UCF-101/Basketball/v_Basketball_g04_c01.avi,data/backend_inputs/Basketball_v_Basketball_g04_c01/seed_42/rat_dp/rat_intermediate_merged.mp4,,,
E1,Basketball_v_Basketball_g04_c01,Basketball,Random,8,20,118.955567642,data/ucf101_rescue/UCF-101/Basketball/v_Basketball_g04_c01.avi,data/backend_inputs/Basketball_v_Basketball_g04_c01/seed_42/rat_dp/rat_intermediate_merged.mp4,,,
E1,Basketball_v_Basketball_g04_c01,Basketball,Shifted-RAT+traj,8,20,118.955567642,data/ucf101_rescue/UCF-101/Basketball/v_Basketball_g04_c01.avi,data/backend_inputs/Basketball_v_Basketball_g04_c01/seed_42/rat_dp/rat_intermediate_merged.mp4,,,
E1,Basketball_v_Basketball_g04_c01,Basketball,RAT-fusion,8,20,118.955567642,data/ucf101_rescue/UCF-101/Basketball/v_Basketball_g04_c01.avi,data/backend_inputs/Basketball_v_Basketball_g04_c01/seed_42/rat_dp/rat_intermediate_merged.mp4,,,
E1,Basketball_v_Basketball_g04_c01,Basketball,Shifted-RAT-fusion,8,20,118.955567642,data/ucf101_rescue/UCF-101/Basketball/v_Basketball_g04_c01.avi,data/backend_inputs/Basketball_v_Basketball_g04_c01/seed_42/rat_dp/rat_intermediate_merged.mp4,,,
E1,Basketball_v_Basketball_g04_c01,Basketball,VideoMAE-only,8,20,118.955567642,data/ucf101_rescue/UCF-101/Basketball/v_Basketball_g04_c01.avi,data/backend_inputs/Basketball_v_Basketball_g04_c01/seed_42/rat_dp/rat_intermediate_merged.mp4,,,
E1,Basketball_v_Basketball_g04_c01,Basketball,RAT+traj,42,20,118.955567642,data/ucf101_rescue/UCF-101/Basketball/v_Basketball_g04_c01.avi,data/backend_inputs/Basketball_v_Basketball_g04_c01/seed_42/rat_dp/rat_intermediate_merged.mp4,,,
E1,Basketball_v_Basketball_g04_c01,Basketball,Motion-reference,42,20,118.955567642,data/ucf101_rescue/UCF-101/Basketball/v_Basketball_g04_c01.avi,data/backend_inputs/Basketball_v_Basketball_g04_c01/seed_42/rat_dp/rat_intermediate_merged.mp4,,,
E1,Basketball_v_Basketball_g04_c01,Basketball,Random,42,20,118.955567642,data/ucf101_rescue/UCF-101/Basketball/v_Basketball_g04_c01.avi,data/backend_inputs/Basketball_v_Basketball_g04_c01/seed_42/rat_dp/rat_intermediate_merged.mp4,,,
E1,Basketball_v_Basketball_g04_c01,Basketball,Shifted-RAT+traj,42,20,118.955567642,data/ucf101_rescue/UCF-101/Basketball/v_Basketball_g04_c01.avi,data/backend_inputs/Basketball_v_Basketball_g04_c01/seed_42/rat_dp/rat_intermediate_merged.mp4,,,
E1,Basketball_v_Basketball_g04_c01,Basketball,RAT-fusion,42,20,118.955567642,data/ucf101_rescue/UCF-101/Basketball/v_Basketball_g04_c01.avi,data/backend_inputs/Basketball_v_Basketball_g04_c01/seed_42/rat_dp/rat_intermediate_merged.mp4,,,
E1,Basketball_v_Basketball_g04_c01,Basketball,Shifted-RAT-fusion,42,20,118.955567642,data/ucf101_rescue/UCF-101/Basketball/v_Basketball_g04_c01.avi,data/backend_inputs/Basketball_v_Basketball_g04_c01/seed_42/rat_dp/rat_intermediate_merged.mp4,,,
E1,Basketball_v_Basketball_g04_c01,Basketball,VideoMAE-only,42,20,118.955567642,data/ucf101_rescue/UCF-101/Basketball/v_Basketball_g04_c01.avi,data/backend_inputs/Basketball_v_Basketball_g04_c01/seed_42/rat_dp/rat_intermediate_merged.mp4,,,
E1,Biking_v_Biking_g01_c01,Biking,RAT+traj,0,20,140.010303946,data/ucf101_rescue/UCF-101/Biking/v_Biking_g01_c01.avi,data/backend_inputs/Biking_v_Biking_g01_c01/seed_42/rat_dp/rat_intermediate_merged.mp4,,,
E1,Biking_v_Biking_g01_c01,Biking,Motion-reference,0,20,140.010303946,data/ucf101_rescue/UCF-101/Biking/v_Biking_g01_c01.avi,data/backend_inputs/Biking_v_Biking_g01_c01/seed_42/rat_dp/rat_intermediate_merged.mp4,,,
E1,Biking_v_Biking_g01_c01,Biking,Random,0,20,140.010303946,data/ucf101_rescue/UCF-101/Biking/v_Biking_g01_c01.avi,data/backend_inputs/Biking_v_Biking_g01_c01/seed_42/rat_dp/rat_intermediate_merged.mp4,,,
E1,Biking_v_Biking_g01_c01,Biking,Shifted-RAT+traj,0,20,140.010303946,data/ucf101_rescue/UCF-101/Biking/v_Biking_g01_c01.avi,data/backend_inputs/Biking_v_Biking_g01_c01/seed_42/rat_dp/rat_intermediate_merged.mp4,,,
E1,Biking_v_Biking_g01_c01,Biking,RAT-fusion,0,20,140.010303946,data/ucf101_rescue/UCF-101/Biking/v_Biking_g01_c01.avi,data/backend_inputs/Biking_v_Biking_g01_c01/seed_42/rat_dp/rat_intermediate_merged.mp4,,,
E1,Biking_v_Biking_g01_c01,Biking,Shifted-RAT-fusion,0,20,140.010303946,data/ucf101_rescue/UCF-101/Biking/v_Biking_g01_c01.avi,data/backend_inputs/Biking_v_Biking_g01_c01/seed_42/rat_dp/rat_intermediate_merged.mp4,,,
E1,Biking_v_Biking_g01_c01,Biking,VideoMAE-only,0,20,140.010303946,data/ucf101_rescue/UCF-101/Biking/v_Biking_g01_c01.avi,data/backend_inputs/Biking_v_Biking_g01_c01/seed_42/rat_dp/rat_intermediate_merged.mp4,,,
E1,Biking_v_Biking_g01_c01,Biking,RAT+traj,1,20,140.010303946,data/ucf101_rescue/UCF-101/Biking/v_Biking_g01_c01.avi,data/backend_inputs/Biking_v_Biking_g01_c01/seed_42/rat_dp/rat_intermediate_merged.mp4,,,
E1,Biking_v_Biking_g01_c01,Biking,Motion-reference,1,20,140.010303946,data/ucf101_rescue/UCF-101/Biking/v_Biking_g01_c01.avi,data/backend_inputs/Biking_v_Biking_g01_c01/seed_42/rat_dp/rat_intermediate_merged.mp4,,,
E1,Biking_v_Biking_g01_c01,Biking,Random,1,20,140.010303946,data/ucf101_rescue/UCF-101/Biking/v_Biking_g01_c01.avi,data/backend_inputs/Biking_v_Biking_g01_c01/seed_42/rat_dp/rat_intermediate_merged.mp4,,,
E1,Biking_v_Biking_g01_c01,Biking,Shifted-RAT+traj,1,20,140.010303946,data/ucf101_rescue/UCF-101/Biking/v_Biking_g01_c01.avi,data/backend_inputs/Biking_v_Biking_g01_c01/seed_42/rat_dp/rat_intermediate_merged.mp4,,,
E1,Biking_v_Biking_g01_c01,Biking,RAT-fusion,1,20,140.010303946,data/ucf101_rescue/UCF-101/Biking/v_Biking_g01_c01.avi,data/backend_inputs/Biking_v_Biking_g01_c01/seed_42/rat_dp/rat_intermediate_merged.mp4,,,
E1,Biking_v_Biking_g01_c01,Biking,Shifted-RAT-fusion,1,20,140.010303946,data/ucf101_rescue/UCF-101/Biking/v_Biking_g01_c01.avi,data/backend_inputs/Biking_v_Biking_g01_c01/seed_42/rat_dp/rat_intermediate_merged.mp4,,,
E1,Biking_v_Biking_g01_c01,Biking,VideoMAE-only,1,20,140.010303946,data/ucf101_rescue/UCF-101/Biking/v_Biking_g01_c01.avi,data/backend_inputs/Biking_v_Biking_g01_c01/seed_42/rat_dp/rat_intermediate_merged.mp4,,,
E1,Biking_v_Biking_g01_c01,Biking,RAT+traj,2,20,140.010303946,data/ucf101_rescue/UCF-101/Biking/v_Biking_g01_c01.avi,data/backend_inputs/Biking_v_Biking_g01_c01/seed_42/rat_dp/rat_intermediate_merged.mp4,,,
E1,Biking_v_Biking_g01_c01,Biking,Motion-reference,2,20,140.010303946,data/ucf101_rescue/UCF-101/Biking/v_Biking_g01_c01.avi,data/backend_inputs/Biking_v_Biking_g01_c01/seed_42/rat_dp/rat_intermediate_merged.mp4,,,
E1,Biking_v_Biking_g01_c01,Biking,Random,2,20,140.010303946,data/ucf101_rescue/UCF-101/Biking/v_Biking_g01_c01.avi,data/backend_inputs/Biking_v_Biking_g01_c01/seed_42/rat_dp/rat_intermediate_merged.mp4,,,
E1,Biking_v_Biking_g01_c01,Biking,Shifted-RAT+traj,2,20,140.010303946,data/ucf101_rescue/UCF-101/Biking/v_Biking_g01_c01.avi,data/backend_inputs/Biking_v_Biking_g01_c01/seed_42/rat_dp/rat_intermediate_merged.mp4,,,
E1,Biking_v_Biking_g01_c01,Biking,RAT-fusion,2,20,140.010303946,data/ucf101_rescue/UCF-101/Biking/v_Biking_g01_c01.avi,data/backend_inputs/Biking_v_Biking_g01_c01/seed_42/rat_dp/rat_intermediate_merged.mp4,,,
E1,Biking_v_Biking_g01_c01,Biking,Shifted-RAT-fusion,2,20,140.010303946,data/ucf101_rescue/UCF-101/Biking/v_Biking_g01_c01.avi,data/backend_inputs/Biking_v_Biking_g01_c01/seed_42/rat_dp/rat_intermediate_merged.mp4,,,
E1,Biking_v_Biking_g01_c01,Biking,VideoMAE-only,2,20,140.010303946,data/ucf101_rescue/UCF-101/Biking/v_Biking_g01_c01.avi,data/backend_inputs/Biking_v_Biking_g01_c01/seed_42/rat_dp/rat_intermediate_merged.mp4,,,
E1,Biking_v_Biking_g01_c01,Biking,RAT+traj,3,20,140.010303946,data/ucf101_rescue/UCF-101/Biking/v_Biking_g01_c01.avi,data/backend_inputs/Biking_v_Biking_g01_c01/seed_42/rat_dp/rat_intermediate_merged.mp4,,,
E1,Biking_v_Biking_g01_c01,Biking,Motion-reference,3,20,140.010303946,data/ucf101_rescue/UCF-101/Biking/v_Biking_g01_c01.avi,data/backend_inputs/Biking_v_Biking_g01_c01/seed_42/rat_dp/rat_intermediate_merged.mp4,,,
E1,Biking_v_Biking_g01_c01,Biking,Random,3,20,140.010303946,data/ucf101_rescue/UCF-101/Biking/v_Biking_g01_c01.avi,data/backend_inputs/Biking_v_Biking_g01_c01/seed_42/rat_dp/rat_intermediate_merged.mp4,,,
E1,Biking_v_Biking_g01_c01,Biking,Shifted-RAT+traj,3,20,140.010303946,data/ucf101_rescue/UCF-101/Biking/v_Biking_g01_c01.avi,data/backend_inputs/Biking_v_Biking_g01_c01/seed_42/rat_dp/rat_intermediate_merged.mp4,,,
E1,Biking_v_Biking_g01_c01,Biking,RAT-fusion,3,20,140.010303946,data/ucf101_rescue/UCF-101/Biking/v_Biking_g01_c01.avi,data/backend_inputs/Biking_v_Biking_g01_c01/seed_42/rat_dp/rat_intermediate_merged.mp4,,,
E1,Biking_v_Biking_g01_c01,Biking,Shifted-RAT-fusion,3,20,140.010303946,data/ucf101_rescue/UCF-101/Biking/v_Biking_g01_c01.avi,data/backend_inputs/Biking_v_Biking_g01_c01/seed_42/rat_dp/rat_intermediate_merged.mp4,,,
E1,Biking_v_Biking_g01_c01,Biking,VideoMAE-only,3,20,140.010303946,data/ucf101_rescue/UCF-101/Biking/v_Biking_g01_c01.avi,data/backend_inputs/Biking_v_Biking_g01_c01/seed_42/rat_dp/rat_intermediate_merged.mp4,,,
E1,Biking_v_Biking_g01_c01,Biking,RAT+traj,4,20,140.010303946,data/ucf101_rescue/UCF-101/Biking/v_Biking_g01_c01.avi,data/backend_inputs/Biking_v_Biking_g01_c01/seed_42/rat_dp/rat_intermediate_merged.mp4,,,
E1,Biking_v_Biking_g01_c01,Biking,Motion-reference,4,20,140.010303946,data/ucf101_rescue/UCF-101/Biking/v_Biking_g01_c01.avi,data/backend_inputs/Biking_v_Biking_g01_c01/seed_42/rat_dp/rat_intermediate_merged.mp4,,,
E1,Biking_v_Biking_g01_c01,Biking,Random,4,20,140.010303946,data/ucf101_rescue/UCF-101/Biking/v_Biking_g01_c01.avi,data/backend_inputs/Biking_v_Biking_g01_c01/seed_42/rat_dp/rat_intermediate_merged.mp4,,,
E1,Biking_v_Biking_g01_c01,Biking,Shifted-RAT+traj,4,20,140.010303946,data/ucf101_rescue/UCF-101/Biking/v_Biking_g01_c01.avi,data/backend_inputs/Biking_v_Biking_g01_c01/seed_42/rat_dp/rat_intermediate_merged.mp4,,,
E1,Biking_v_Biking_g01_c01,Biking,RAT-fusion,4,20,140.010303946,data/ucf101_rescue/UCF-101/Biking/v_Biking_g01_c01.avi,data/backend_inputs/Biking_v_Biking_g01_c01/seed_42/rat_dp/rat_intermediate_merged.mp4,,,
E1,Biking_v_Biking_g01_c01,Biking,Shifted-RAT-fusion,4,20,140.010303946,data/ucf101_rescue/UCF-101/Biking/v_Biking_g01_c01.avi,data/backend_inputs/Biking_v_Biking_g01_c01/seed_42/rat_dp/rat_intermediate_merged.mp4,,,
E1,Biking_v_Biking_g01_c01,Biking,VideoMAE-only,4,20,140.010303946,data/ucf101_rescue/UCF-101/Biking/v_Biking_g01_c01.avi,data/backend_inputs/Biking_v_Biking_g01_c01/seed_42/rat_dp/rat_intermediate_merged.mp4,,,
E1,Biking_v_Biking_g01_c01,Biking,RAT+traj,5,20,140.010303946,data/ucf101_rescue/UCF-101/Biking/v_Biking_g01_c01.avi,data/backend_inputs/Biking_v_Biking_g01_c01/seed_42/rat_dp/rat_intermediate_merged.mp4,,,
E1,Biking_v_Biking_g01_c01,Biking,Motion-reference,5,20,140.010303946,data/ucf101_rescue/UCF-101/Biking/v_Biking_g01_c01.avi,data/backend_inputs/Biking_v_Biking_g01_c01/seed_42/rat_dp/rat_intermediate_merged.mp4,,,
E1,Biking_v_Biking_g01_c01,Biking,Random,5,20,140.010303946,data/ucf101_rescue/UCF-101/Biking/v_Biking_g01_c01.avi,data/backend_inputs/Biking_v_Biking_g01_c01/seed_42/rat_dp/rat_intermediate_merged.mp4,,,
E1,Biking_v_Biking_g01_c01,Biking,Shifted-RAT+traj,5,20,140.010303946,data/ucf101_rescue/UCF-101/Biking/v_Biking_g01_c01.avi,data/backend_inputs/Biking_v_Biking_g01_c01/seed_42/rat_dp/rat_intermediate_merged.mp4,,,
E1,Biking_v_Biking_g01_c01,Biking,RAT-fusion,5,20,140.010303946,data/ucf101_rescue/UCF-101/Biking/v_Biking_g01_c01.avi,data/backend_inputs/Biking_v_Biking_g01_c01/seed_42/rat_dp/rat_intermediate_merged.mp4,,,
E1,Biking_v_Biking_g01_c01,Biking,Shifted-RAT-fusion,5,20,140.010303946,data/ucf101_rescue/UCF-101/Biking/v_Biking_g01_c01.avi,data/backend_inputs/Biking_v_Biking_g01_c01/seed_42/rat_dp/rat_intermediate_merged.mp4,,,
E1,Biking_v_Biking_g01_c01,Biking,VideoMAE-only,5,20,140.010303946,data/ucf101_rescue/UCF-101/Biking/v_Biking_g01_c01.avi,data/backend_inputs/Biking_v_Biking_g01_c01/seed_42/rat_dp/rat_intermediate_merged.mp4,,,
E1,Biking_v_Biking_g01_c01,Biking,RAT+traj,6,20,140.010303946,data/ucf101_rescue/UCF-101/Biking/v_Biking_g01_c01.avi,data/backend_inputs/Biking_v_Biking_g01_c01/seed_42/rat_dp/rat_intermediate_merged.mp4,,,
E1,Biking_v_Biking_g01_c01,Biking,Motion-reference,6,20,140.010303946,data/ucf101_rescue/UCF-101/Biking/v_Biking_g01_c01.avi,data/backend_inputs/Biking_v_Biking_g01_c01/seed_42/rat_dp/rat_intermediate_merged.mp4,,,
E1,Biking_v_Biking_g01_c01,Biking,Random,6,20,140.010303946,data/ucf101_rescue/UCF-101/Biking/v_Biking_g01_c01.avi,data/backend_inputs/Biking_v_Biking_g01_c01/seed_42/rat_dp/rat_intermediate_merged.mp4,,,
E1,Biking_v_Biking_g01_c01,Biking,Shifted-RAT+traj,6,20,140.010303946,data/ucf101_rescue/UCF-101/Biking/v_Biking_g01_c01.avi,data/backend_inputs/Biking_v_Biking_g01_c01/seed_42/rat_dp/rat_intermediate_merged.mp4,,,
E1,Biking_v_Biking_g01_c01,Biking,RAT-fusion,6,20,140.010303946,data/ucf101_rescue/UCF-101/Biking/v_Biking_g01_c01.avi,data/backend_inputs/Biking_v_Biking_g01_c01/seed_42/rat_dp/rat_intermediate_merged.mp4,,,
E1,Biking_v_Biking_g01_c01,Biking,Shifted-RAT-fusion,6,20,140.010303946,data/ucf101_rescue/UCF-101/Biking/v_Biking_g01_c01.avi,data/backend_inputs/Biking_v_Biking_g01_c01/seed_42/rat_dp/rat_intermediate_merged.mp4,,,
E1,Biking_v_Biking_g01_c01,Biking,VideoMAE-only,6,20,140.010303946,data/ucf101_rescue/UCF-101/Biking/v_Biking_g01_c01.avi,data/backend_inputs/Biking_v_Biking_g01_c01/seed_42/rat_dp/rat_intermediate_merged.mp4,,,
E1,Biking_v_Biking_g01_c01,Biking,RAT+traj,7,20,140.010303946,data/ucf101_rescue/UCF-101/Biking/v_Biking_g01_c01.avi,data/backend_inputs/Biking_v_Biking_g01_c01/seed_42/rat_dp/rat_intermediate_merged.mp4,,,
E1,Biking_v_Biking_g01_c01,Biking,Motion-reference,7,20,140.010303946,data/ucf101_rescue/UCF-101/Biking/v_Biking_g01_c01.avi,data/backend_inputs/Biking_v_Biking_g01_c01/seed_42/rat_dp/rat_intermediate_merged.mp4,,,
E1,Biking_v_Biking_g01_c01,Biking,Random,7,20,140.010303946,data/ucf101_rescue/UCF-101/Biking/v_Biking_g01_c01.avi,data/backend_inputs/Biking_v_Biking_g01_c01/seed_42/rat_dp/rat_intermediate_merged.mp4,,,
E1,Biking_v_Biking_g01_c01,Biking,Shifted-RAT+traj,7,20,140.010303946,data/ucf101_rescue/UCF-101/Biking/v_Biking_g01_c01.avi,data/backend_inputs/Biking_v_Biking_g01_c01/seed_42/rat_dp/rat_intermediate_merged.mp4,,,
E1,Biking_v_Biking_g01_c01,Biking,RAT-fusion,7,20,140.010303946,data/ucf101_rescue/UCF-101/Biking/v_Biking_g01_c01.avi,data/backend_inputs/Biking_v_Biking_g01_c01/seed_42/rat_dp/rat_intermediate_merged.mp4,,,
E1,Biking_v_Biking_g01_c01,Biking,Shifted-RAT-fusion,7,20,140.010303946,data/ucf101_rescue/UCF-101/Biking/v_Biking_g01_c01.avi,data/backend_inputs/Biking_v_Biking_g01_c01/seed_42/rat_dp/rat_intermediate_merged.mp4,,,
E1,Biking_v_Biking_g01_c01,Biking,VideoMAE-only,7,20,140.010303946,data/ucf101_rescue/UCF-101/Biking/v_Biking_g01_c01.avi,data/backend_inputs/Biking_v_Biking_g01_c01/seed_42/rat_dp/rat_intermediate_merged.mp4,,,
E1,Biking_v_Biking_g01_c01,Biking,RAT+traj,8,20,140.010303946,data/ucf101_rescue/UCF-101/Biking/v_Biking_g01_c01.avi,data/backend_inputs/Biking_v_Biking_g01_c01/seed_42/rat_dp/rat_intermediate_merged.mp4,,,
E1,Biking_v_Biking_g01_c01,Biking,Motion-reference,8,20,140.010303946,data/ucf101_rescue/UCF-101/Biking/v_Biking_g01_c01.avi,data/backend_inputs/Biking_v_Biking_g01_c01/seed_42/rat_dp/rat_intermediate_merged.mp4,,,
E1,Biking_v_Biking_g01_c01,Biking,Random,8,20,140.010303946,data/ucf101_rescue/UCF-101/Biking/v_Biking_g01_c01.avi,data/backend_inputs/Biking_v_Biking_g01_c01/seed_42/rat_dp/rat_intermediate_merged.mp4,,,
E1,Biking_v_Biking_g01_c01,Biking,Shifted-RAT+traj,8,20,140.010303946,data/ucf101_rescue/UCF-101/Biking/v_Biking_g01_c01.avi,data/backend_inputs/Biking_v_Biking_g01_c01/seed_42/rat_dp/rat_intermediate_merged.mp4,,,
E1,Biking_v_Biking_g01_c01,Biking,RAT-fusion,8,20,140.010303946,data/ucf101_rescue/UCF-101/Biking/v_Biking_g01_c01.avi,data/backend_inputs/Biking_v_Biking_g01_c01/seed_42/rat_dp/rat_intermediate_merged.mp4,,,
E1,Biking_v_Biking_g01_c01,Biking,Shifted-RAT-fusion,8,20,140.010303946,data/ucf101_rescue/UCF-101/Biking/v_Biking_g01_c01.avi,data/backend_inputs/Biking_v_Biking_g01_c01/seed_42/rat_dp/rat_intermediate_merged.mp4,,,
E1,Biking_v_Biking_g01_c01,Biking,VideoMAE-only,8,20,140.010303946,data/ucf101_rescue/UCF-101/Biking/v_Biking_g01_c01.avi,data/backend_inputs/Biking_v_Biking_g01_c01/seed_42/rat_dp/rat_intermediate_merged.mp4,,,
E1,Biking_v_Biking_g01_c01,Biking,RAT+traj,42,20,140.010303946,data/ucf101_rescue/UCF-101/Biking/v_Biking_g01_c01.avi,data/backend_inputs/Biking_v_Biking_g01_c01/seed_42/rat_dp/rat_intermediate_merged.mp4,,,
E1,Biking_v_Biking_g01_c01,Biking,Motion-reference,42,20,140.010303946,data/ucf101_rescue/UCF-101/Biking/v_Biking_g01_c01.avi,data/backend_inputs/Biking_v_Biking_g01_c01/seed_42/rat_dp/rat_intermediate_merged.mp4,,,
E1,Biking_v_Biking_g01_c01,Biking,Random,42,20,140.010303946,data/ucf101_rescue/UCF-101/Biking/v_Biking_g01_c01.avi,data/backend_inputs/Biking_v_Biking_g01_c01/seed_42/rat_dp/rat_intermediate_merged.mp4,,,
E1,Biking_v_Biking_g01_c01,Biking,Shifted-RAT+traj,42,20,140.010303946,data/ucf101_rescue/UCF-101/Biking/v_Biking_g01_c01.avi,data/backend_inputs/Biking_v_Biking_g01_c01/seed_42/rat_dp/rat_intermediate_merged.mp4,,,
E1,Biking_v_Biking_g01_c01,Biking,RAT-fusion,42,20,140.010303946,data/ucf101_rescue/UCF-101/Biking/v_Biking_g01_c01.avi,data/backend_inputs/Biking_v_Biking_g01_c01/seed_42/rat_dp/rat_intermediate_merged.mp4,,,
E1,Biking_v_Biking_g01_c01,Biking,Shifted-RAT-fusion,42,20,140.010303946,data/ucf101_rescue/UCF-101/Biking/v_Biking_g01_c01.avi,data/backend_inputs/Biking_v_Biking_g01_c01/seed_42/rat_dp/rat_intermediate_merged.mp4,,,
E1,Biking_v_Biking_g01_c01,Biking,VideoMAE-only,42,20,140.010303946,data/ucf101_rescue/UCF-101/Biking/v_Biking_g01_c01.avi,data/backend_inputs/Biking_v_Biking_g01_c01/seed_42/rat_dp/rat_intermediate_merged.mp4,,,
E1,Biking_v_Biking_g02_c01,Biking,RAT+traj,0,20,176.513182643,data/ucf101_rescue/UCF-101/Biking/v_Biking_g02_c01.avi,data/backend_inputs/Biking_v_Biking_g02_c01/seed_42/rat_dp/rat_intermediate_merged.mp4,,,
E1,Biking_v_Biking_g02_c01,Biking,Motion-reference,0,20,176.513182643,data/ucf101_rescue/UCF-101/Biking/v_Biking_g02_c01.avi,data/backend_inputs/Biking_v_Biking_g02_c01/seed_42/rat_dp/rat_intermediate_merged.mp4,,,
E1,Biking_v_Biking_g02_c01,Biking,Random,0,20,176.513182643,data/ucf101_rescue/UCF-101/Biking/v_Biking_g02_c01.avi,data/backend_inputs/Biking_v_Biking_g02_c01/seed_42/rat_dp/rat_intermediate_merged.mp4,,,
E1,Biking_v_Biking_g02_c01,Biking,Shifted-RAT+traj,0,20,176.513182643,data/ucf101_rescue/UCF-101/Biking/v_Biking_g02_c01.avi,data/backend_inputs/Biking_v_Biking_g02_c01/seed_42/rat_dp/rat_intermediate_merged.mp4,,,
E1,Biking_v_Biking_g02_c01,Biking,RAT-fusion,0,20,176.513182643,data/ucf101_rescue/UCF-101/Biking/v_Biking_g02_c01.avi,data/backend_inputs/Biking_v_Biking_g02_c01/seed_42/rat_dp/rat_intermediate_merged.mp4,,,
E1,Biking_v_Biking_g02_c01,Biking,Shifted-RAT-fusion,0,20,176.513182643,data/ucf101_rescue/UCF-101/Biking/v_Biking_g02_c01.avi,data/backend_inputs/Biking_v_Biking_g02_c01/seed_42/rat_dp/rat_intermediate_merged.mp4,,,
E1,Biking_v_Biking_g02_c01,Biking,VideoMAE-only,0,20,176.513182643,data/ucf101_rescue/UCF-101/Biking/v_Biking_g02_c01.avi,data/backend_inputs/Biking_v_Biking_g02_c01/seed_42/rat_dp/rat_intermediate_merged.mp4,,,
E1,Biking_v_Biking_g02_c01,Biking,RAT+traj,1,20,176.513182643,data/ucf101_rescue/UCF-101/Biking/v_Biking_g02_c01.avi,data/backend_inputs/Biking_v_Biking_g02_c01/seed_42/rat_dp/rat_intermediate_merged.mp4,,,
E1,Biking_v_Biking_g02_c01,Biking,Motion-reference,1,20,176.513182643,data/ucf101_rescue/UCF-101/Biking/v_Biking_g02_c01.avi,data/backend_inputs/Biking_v_Biking_g02_c01/seed_42/rat_dp/rat_intermediate_merged.mp4,,,
E1,Biking_v_Biking_g02_c01,Biking,Random,1,20,176.513182643,data/ucf101_rescue/UCF-101/Biking/v_Biking_g02_c01.avi,data/backend_inputs/Biking_v_Biking_g02_c01/seed_42/rat_dp/rat_intermediate_merged.mp4,,,
E1,Biking_v_Biking_g02_c01,Biking,Shifted-RAT+traj,1,20,176.513182643,data/ucf101_rescue/UCF-101/Biking/v_Biking_g02_c01.avi,data/backend_inputs/Biking_v_Biking_g02_c01/seed_42/rat_dp/rat_intermediate_merged.mp4,,,
E1,Biking_v_Biking_g02_c01,Biking,RAT-fusion,1,20,176.513182643,data/ucf101_rescue/UCF-101/Biking/v_Biking_g02_c01.avi,data/backend_inputs/Biking_v_Biking_g02_c01/seed_42/rat_dp/rat_intermediate_merged.mp4,,,
E1,Biking_v_Biking_g02_c01,Biking,Shifted-RAT-fusion,1,20,176.513182643,data/ucf101_rescue/UCF-101/Biking/v_Biking_g02_c01.avi,data/backend_inputs/Biking_v_Biking_g02_c01/seed_42/rat_dp/rat_intermediate_merged.mp4,,,
E1,Biking_v_Biking_g02_c01,Biking,VideoMAE-only,1,20,176.513182643,data/ucf101_rescue/UCF-101/Biking/v_Biking_g02_c01.avi,data/backend_inputs/Biking_v_Biking_g02_c01/seed_42/rat_dp/rat_intermediate_merged.mp4,,,
E1,Biking_v_Biking_g02_c01,Biking,RAT+traj,2,20,176.513182643,data/ucf101_rescue/UCF-101/Biking/v_Biking_g02_c01.avi,data/backend_inputs/Biking_v_Biking_g02_c01/seed_42/rat_dp/rat_intermediate_merged.mp4,,,
E1,Biking_v_Biking_g02_c01,Biking,Motion-reference,2,20,176.513182643,data/ucf101_rescue/UCF-101/Biking/v_Biking_g02_c01.avi,data/backend_inputs/Biking_v_Biking_g02_c01/seed_42/rat_dp/rat_intermediate_merged.mp4,,,
E1,Biking_v_Biking_g02_c01,Biking,Random,2,20,176.513182643,data/ucf101_rescue/UCF-101/Biking/v_Biking_g02_c01.avi,data/backend_inputs/Biking_v_Biking_g02_c01/seed_42/rat_dp/rat_intermediate_merged.mp4,,,
E1,Biking_v_Biking_g02_c01,Biking,Shifted-RAT+traj,2,20,176.513182643,data/ucf101_rescue/UCF-101/Biking/v_Biking_g02_c01.avi,data/backend_inputs/Biking_v_Biking_g02_c01/seed_42/rat_dp/rat_intermediate_merged.mp4,,,
E1,Biking_v_Biking_g02_c01,Biking,RAT-fusion,2,20,176.513182643,data/ucf101_rescue/UCF-101/Biking/v_Biking_g02_c01.avi,data/backend_inputs/Biking_v_Biking_g02_c01/seed_42/rat_dp/rat_intermediate_merged.mp4,,,
E1,Biking_v_Biking_g02_c01,Biking,Shifted-RAT-fusion,2,20,176.513182643,data/ucf101_rescue/UCF-101/Biking/v_Biking_g02_c01.avi,data/backend_inputs/Biking_v_Biking_g02_c01/seed_42/rat_dp/rat_intermediate_merged.mp4,,,
E1,Biking_v_Biking_g02_c01,Biking,VideoMAE-only,2,20,176.513182643,data/ucf101_rescue/UCF-101/Biking/v_Biking_g02_c01.avi,data/backend_inputs/Biking_v_Biking_g02_c01/seed_42/rat_dp/rat_intermediate_merged.mp4,,,
E1,Biking_v_Biking_g02_c01,Biking,RAT+traj,3,20,176.513182643,data/ucf101_rescue/UCF-101/Biking/v_Biking_g02_c01.avi,data/backend_inputs/Biking_v_Biking_g02_c01/seed_42/rat_dp/rat_intermediate_merged.mp4,,,
E1,Biking_v_Biking_g02_c01,Biking,Motion-reference,3,20,176.513182643,data/ucf101_rescue/UCF-101/Biking/v_Biking_g02_c01.avi,data/backend_inputs/Biking_v_Biking_g02_c01/seed_42/rat_dp/rat_intermediate_merged.mp4,,,
E1,Biking_v_Biking_g02_c01,Biking,Random,3,20,176.513182643,data/ucf101_rescue/UCF-101/Biking/v_Biking_g02_c01.avi,data/backend_inputs/Biking_v_Biking_g02_c01/seed_42/rat_dp/rat_intermediate_merged.mp4,,,
E1,Biking_v_Biking_g02_c01,Biking,Shifted-RAT+traj,3,20,176.513182643,data/ucf101_rescue/UCF-101/Biking/v_Biking_g02_c01.avi,data/backend_inputs/Biking_v_Biking_g02_c01/seed_42/rat_dp/rat_intermediate_merged.mp4,,,
E1,Biking_v_Biking_g02_c01,Biking,RAT-fusion,3,20,176.513182643,data/ucf101_rescue/UCF-101/Biking/v_Biking_g02_c01.avi,data/backend_inputs/Biking_v_Biking_g02_c01/seed_42/rat_dp/rat_intermediate_merged.mp4,,,
E1,Biking_v_Biking_g02_c01,Biking,Shifted-RAT-fusion,3,20,176.513182643,data/ucf101_rescue/UCF-101/Biking/v_Biking_g02_c01.avi,data/backend_inputs/Biking_v_Biking_g02_c01/seed_42/rat_dp/rat_intermediate_merged.mp4,,,
E1,Biking_v_Biking_g02_c01,Biking,VideoMAE-only,3,20,176.513182643,data/ucf101_rescue/UCF-101/Biking/v_Biking_g02_c01.avi,data/backend_inputs/Biking_v_Biking_g02_c01/seed_42/rat_dp/rat_intermediate_merged.mp4,,,
E1,Biking_v_Biking_g02_c01,Biking,RAT+traj,4,20,176.513182643,data/ucf101_rescue/UCF-101/Biking/v_Biking_g02_c01.avi,data/backend_inputs/Biking_v_Biking_g02_c01/seed_42/rat_dp/rat_intermediate_merged.mp4,,,
E1,Biking_v_Biking_g02_c01,Biking,Motion-reference,4,20,176.513182643,data/ucf101_rescue/UCF-101/Biking/v_Biking_g02_c01.avi,data/backend_inputs/Biking_v_Biking_g02_c01/seed_42/rat_dp/rat_intermediate_merged.mp4,,,
E1,Biking_v_Biking_g02_c01,Biking,Random,4,20,176.513182643,data/ucf101_rescue/UCF-101/Biking/v_Biking_g02_c01.avi,data/backend_inputs/Biking_v_Biking_g02_c01/seed_42/rat_dp/rat_intermediate_merged.mp4,,,
E1,Biking_v_Biking_g02_c01,Biking,Shifted-RAT+traj,4,20,176.513182643,data/ucf101_rescue/UCF-101/Biking/v_Biking_g02_c01.avi,data/backend_inputs/Biking_v_Biking_g02_c01/seed_42/rat_dp/rat_intermediate_merged.mp4,,,
E1,Biking_v_Biking_g02_c01,Biking,RAT-fusion,4,20,176.513182643,data/ucf101_rescue/UCF-101/Biking/v_Biking_g02_c01.avi,data/backend_inputs/Biking_v_Biking_g02_c01/seed_42/rat_dp/rat_intermediate_merged.mp4,,,
E1,Biking_v_Biking_g02_c01,Biking,Shifted-RAT-fusion,4,20,176.513182643,data/ucf101_rescue/UCF-101/Biking/v_Biking_g02_c01.avi,data/backend_inputs/Biking_v_Biking_g02_c01/seed_42/rat_dp/rat_intermediate_merged.mp4,,,
E1,Biking_v_Biking_g02_c01,Biking,VideoMAE-only,4,20,176.513182643,data/ucf101_rescue/UCF-101/Biking/v_Biking_g02_c01.avi,data/backend_inputs/Biking_v_Biking_g02_c01/seed_42/rat_dp/rat_intermediate_merged.mp4,,,
E1,Biking_v_Biking_g02_c01,Biking,RAT+traj,5,20,176.513182643,data/ucf101_rescue/UCF-101/Biking/v_Biking_g02_c01.avi,data/backend_inputs/Biking_v_Biking_g02_c01/seed_42/rat_dp/rat_intermediate_merged.mp4,,,
E1,Biking_v_Biking_g02_c01,Biking,Motion-reference,5,20,176.513182643,data/ucf101_rescue/UCF-101/Biking/v_Biking_g02_c01.avi,data/backend_inputs/Biking_v_Biking_g02_c01/seed_42/rat_dp/rat_intermediate_merged.mp4,,,
E1,Biking_v_Biking_g02_c01,Biking,Random,5,20,176.513182643,data/ucf101_rescue/UCF-101/Biking/v_Biking_g02_c01.avi,data/backend_inputs/Biking_v_Biking_g02_c01/seed_42/rat_dp/rat_intermediate_merged.mp4,,,
E1,Biking_v_Biking_g02_c01,Biking,Shifted-RAT+traj,5,20,176.513182643,data/ucf101_rescue/UCF-101/Biking/v_Biking_g02_c01.avi,data/backend_inputs/Biking_v_Biking_g02_c01/seed_42/rat_dp/rat_intermediate_merged.mp4,,,
E1,Biking_v_Biking_g02_c01,Biking,RAT-fusion,5,20,176.513182643,data/ucf101_rescue/UCF-101/Biking/v_Biking_g02_c01.avi,data/backend_inputs/Biking_v_Biking_g02_c01/seed_42/rat_dp/rat_intermediate_merged.mp4,,,
E1,Biking_v_Biking_g02_c01,Biking,Shifted-RAT-fusion,5,20,176.513182643,data/ucf101_rescue/UCF-101/Biking/v_Biking_g02_c01.avi,data/backend_inputs/Biking_v_Biking_g02_c01/seed_42/rat_dp/rat_intermediate_merged.mp4,,,
E1,Biking_v_Biking_g02_c01,Biking,VideoMAE-only,5,20,176.513182643,data/ucf101_rescue/UCF-101/Biking/v_Biking_g02_c01.avi,data/backend_inputs/Biking_v_Biking_g02_c01/seed_42/rat_dp/rat_intermediate_merged.mp4,,,
E1,Biking_v_Biking_g02_c01,Biking,RAT+traj,6,20,176.513182643,data/ucf101_rescue/UCF-101/Biking/v_Biking_g02_c01.avi,data/backend_inputs/Biking_v_Biking_g02_c01/seed_42/rat_dp/rat_intermediate_merged.mp4,,,
E1,Biking_v_Biking_g02_c01,Biking,Motion-reference,6,20,176.513182643,data/ucf101_rescue/UCF-101/Biking/v_Biking_g02_c01.avi,data/backend_inputs/Biking_v_Biking_g02_c01/seed_42/rat_dp/rat_intermediate_merged.mp4,,,
E1,Biking_v_Biking_g02_c01,Biking,Random,6,20,176.513182643,data/ucf101_rescue/UCF-101/Biking/v_Biking_g02_c01.avi,data/backend_inputs/Biking_v_Biking_g02_c01/seed_42/rat_dp/rat_intermediate_merged.mp4,,,
E1,Biking_v_Biking_g02_c01,Biking,Shifted-RAT+traj,6,20,176.513182643,data/ucf101_rescue/UCF-101/Biking/v_Biking_g02_c01.avi,data/backend_inputs/Biking_v_Biking_g02_c01/seed_42/rat_dp/rat_intermediate_merged.mp4,,,
E1,Biking_v_Biking_g02_c01,Biking,RAT-fusion,6,20,176.513182643,data/ucf101_rescue/UCF-101/Biking/v_Biking_g02_c01.avi,data/backend_inputs/Biking_v_Biking_g02_c01/seed_42/rat_dp/rat_intermediate_merged.mp4,,,
E1,Biking_v_Biking_g02_c01,Biking,Shifted-RAT-fusion,6,20,176.513182643,data/ucf101_rescue/UCF-101/Biking/v_Biking_g02_c01.avi,data/backend_inputs/Biking_v_Biking_g02_c01/seed_42/rat_dp/rat_intermediate_merged.mp4,,,
E1,Biking_v_Biking_g02_c01,Biking,VideoMAE-only,6,20,176.513182643,data/ucf101_rescue/UCF-101/Biking/v_Biking_g02_c01.avi,data/backend_inputs/Biking_v_Biking_g02_c01/seed_42/rat_dp/rat_intermediate_merged.mp4,,,
E1,Biking_v_Biking_g02_c01,Biking,RAT+traj,7,20,176.513182643,data/ucf101_rescue/UCF-101/Biking/v_Biking_g02_c01.avi,data/backend_inputs/Biking_v_Biking_g02_c01/seed_42/rat_dp/rat_intermediate_merged.mp4,,,
E1,Biking_v_Biking_g02_c01,Biking,Motion-reference,7,20,176.513182643,data/ucf101_rescue/UCF-101/Biking/v_Biking_g02_c01.avi,data/backend_inputs/Biking_v_Biking_g02_c01/seed_42/rat_dp/rat_intermediate_merged.mp4,,,
E1,Biking_v_Biking_g02_c01,Biking,Random,7,20,176.513182643,data/ucf101_rescue/UCF-101/Biking/v_Biking_g02_c01.avi,data/backend_inputs/Biking_v_Biking_g02_c01/seed_42/rat_dp/rat_intermediate_merged.mp4,,,
E1,Biking_v_Biking_g02_c01,Biking,Shifted-RAT+traj,7,20,176.513182643,data/ucf101_rescue/UCF-101/Biking/v_Biking_g02_c01.avi,data/backend_inputs/Biking_v_Biking_g02_c01/seed_42/rat_dp/rat_intermediate_merged.mp4,,,
E1,Biking_v_Biking_g02_c01,Biking,RAT-fusion,7,20,176.513182643,data/ucf101_rescue/UCF-101/Biking/v_Biking_g02_c01.avi,data/backend_inputs/Biking_v_Biking_g02_c01/seed_42/rat_dp/rat_intermediate_merged.mp4,,,
E1,Biking_v_Biking_g02_c01,Biking,Shifted-RAT-fusion,7,20,176.513182643,data/ucf101_rescue/UCF-101/Biking/v_Biking_g02_c01.avi,data/backend_inputs/Biking_v_Biking_g02_c01/seed_42/rat_dp/rat_intermediate_merged.mp4,,,
E1,Biking_v_Biking_g02_c01,Biking,VideoMAE-only,7,20,176.513182643,data/ucf101_rescue/UCF-101/Biking/v_Biking_g02_c01.avi,data/backend_inputs/Biking_v_Biking_g02_c01/seed_42/rat_dp/rat_intermediate_merged.mp4,,,
E1,Biking_v_Biking_g02_c01,Biking,RAT+traj,8,20,176.513182643,data/ucf101_rescue/UCF-101/Biking/v_Biking_g02_c01.avi,data/backend_inputs/Biking_v_Biking_g02_c01/seed_42/rat_dp/rat_intermediate_merged.mp4,,,
E1,Biking_v_Biking_g02_c01,Biking,Motion-reference,8,20,176.513182643,data/ucf101_rescue/UCF-101/Biking/v_Biking_g02_c01.avi,data/backend_inputs/Biking_v_Biking_g02_c01/seed_42/rat_dp/rat_intermediate_merged.mp4,,,
E1,Biking_v_Biking_g02_c01,Biking,Random,8,20,176.513182643,data/ucf101_rescue/UCF-101/Biking/v_Biking_g02_c01.avi,data/backend_inputs/Biking_v_Biking_g02_c01/seed_42/rat_dp/rat_intermediate_merged.mp4,,,
E1,Biking_v_Biking_g02_c01,Biking,Shifted-RAT+traj,8,20,176.513182643,data/ucf101_rescue/UCF-101/Biking/v_Biking_g02_c01.avi,data/backend_inputs/Biking_v_Biking_g02_c01/seed_42/rat_dp/rat_intermediate_merged.mp4,,,
E1,Biking_v_Biking_g02_c01,Biking,RAT-fusion,8,20,176.513182643,data/ucf101_rescue/UCF-101/Biking/v_Biking_g02_c01.avi,data/backend_inputs/Biking_v_Biking_g02_c01/seed_42/rat_dp/rat_intermediate_merged.mp4,,,
E1,Biking_v_Biking_g02_c01,Biking,Shifted-RAT-fusion,8,20,176.513182643,data/ucf101_rescue/UCF-101/Biking/v_Biking_g02_c01.avi,data/backend_inputs/Biking_v_Biking_g02_c01/seed_42/rat_dp/rat_intermediate_merged.mp4,,,
E1,Biking_v_Biking_g02_c01,Biking,VideoMAE-only,8,20,176.513182643,data/ucf101_rescue/UCF-101/Biking/v_Biking_g02_c01.avi,data/backend_inputs/Biking_v_Biking_g02_c01/seed_42/rat_dp/rat_intermediate_merged.mp4,,,
E1,Biking_v_Biking_g02_c01,Biking,RAT+traj,42,20,176.513182643,data/ucf101_rescue/UCF-101/Biking/v_Biking_g02_c01.avi,data/backend_inputs/Biking_v_Biking_g02_c01/seed_42/rat_dp/rat_intermediate_merged.mp4,,,
E1,Biking_v_Biking_g02_c01,Biking,Motion-reference,42,20,176.513182643,data/ucf101_rescue/UCF-101/Biking/v_Biking_g02_c01.avi,data/backend_inputs/Biking_v_Biking_g02_c01/seed_42/rat_dp/rat_intermediate_merged.mp4,,,
E1,Biking_v_Biking_g02_c01,Biking,Random,42,20,176.513182643,data/ucf101_rescue/UCF-101/Biking/v_Biking_g02_c01.avi,data/backend_inputs/Biking_v_Biking_g02_c01/seed_42/rat_dp/rat_intermediate_merged.mp4,,,
E1,Biking_v_Biking_g02_c01,Biking,Shifted-RAT+traj,42,20,176.513182643,data/ucf101_rescue/UCF-101/Biking/v_Biking_g02_c01.avi,data/backend_inputs/Biking_v_Biking_g02_c01/seed_42/rat_dp/rat_intermediate_merged.mp4,,,
E1,Biking_v_Biking_g02_c01,Biking,RAT-fusion,42,20,176.513182643,data/ucf101_rescue/UCF-101/Biking/v_Biking_g02_c01.avi,data/backend_inputs/Biking_v_Biking_g02_c01/seed_42/rat_dp/rat_intermediate_merged.mp4,,,
E1,Biking_v_Biking_g02_c01,Biking,Shifted-RAT-fusion,42,20,176.513182643,data/ucf101_rescue/UCF-101/Biking/v_Biking_g02_c01.avi,data/backend_inputs/Biking_v_Biking_g02_c01/seed_42/rat_dp/rat_intermediate_merged.mp4,,,
E1,Biking_v_Biking_g02_c01,Biking,VideoMAE-only,42,20,176.513182643,data/ucf101_rescue/UCF-101/Biking/v_Biking_g02_c01.avi,data/backend_inputs/Biking_v_Biking_g02_c01/seed_42/rat_dp/rat_intermediate_merged.mp4,,,
E1,Biking_v_Biking_g03_c01,Biking,RAT+traj,0,20,221.815111468,data/ucf101_rescue/UCF-101/Biking/v_Biking_g03_c01.avi,data/backend_inputs/Biking_v_Biking_g03_c01/seed_42/rat_dp/rat_intermediate_merged.mp4,,,
E1,Biking_v_Biking_g03_c01,Biking,Motion-reference,0,20,221.815111468,data/ucf101_rescue/UCF-101/Biking/v_Biking_g03_c01.avi,data/backend_inputs/Biking_v_Biking_g03_c01/seed_42/rat_dp/rat_intermediate_merged.mp4,,,
E1,Biking_v_Biking_g03_c01,Biking,Random,0,20,221.815111468,data/ucf101_rescue/UCF-101/Biking/v_Biking_g03_c01.avi,data/backend_inputs/Biking_v_Biking_g03_c01/seed_42/rat_dp/rat_intermediate_merged.mp4,,,
E1,Biking_v_Biking_g03_c01,Biking,Shifted-RAT+traj,0,20,221.815111468,data/ucf101_rescue/UCF-101/Biking/v_Biking_g03_c01.avi,data/backend_inputs/Biking_v_Biking_g03_c01/seed_42/rat_dp/rat_intermediate_merged.mp4,,,
E1,Biking_v_Biking_g03_c01,Biking,RAT-fusion,0,20,221.815111468,data/ucf101_rescue/UCF-101/Biking/v_Biking_g03_c01.avi,data/backend_inputs/Biking_v_Biking_g03_c01/seed_42/rat_dp/rat_intermediate_merged.mp4,,,
E1,Biking_v_Biking_g03_c01,Biking,Shifted-RAT-fusion,0,20,221.815111468,data/ucf101_rescue/UCF-101/Biking/v_Biking_g03_c01.avi,data/backend_inputs/Biking_v_Biking_g03_c01/seed_42/rat_dp/rat_intermediate_merged.mp4,,,
E1,Biking_v_Biking_g03_c01,Biking,VideoMAE-only,0,20,221.815111468,data/ucf101_rescue/UCF-101/Biking/v_Biking_g03_c01.avi,data/backend_inputs/Biking_v_Biking_g03_c01/seed_42/rat_dp/rat_intermediate_merged.mp4,,,
E1,Biking_v_Biking_g03_c01,Biking,RAT+traj,1,20,221.815111468,data/ucf101_rescue/UCF-101/Biking/v_Biking_g03_c01.avi,data/backend_inputs/Biking_v_Biking_g03_c01/seed_42/rat_dp/rat_intermediate_merged.mp4,,,
E1,Biking_v_Biking_g03_c01,Biking,Motion-reference,1,20,221.815111468,data/ucf101_rescue/UCF-101/Biking/v_Biking_g03_c01.avi,data/backend_inputs/Biking_v_Biking_g03_c01/seed_42/rat_dp/rat_intermediate_merged.mp4,,,
E1,Biking_v_Biking_g03_c01,Biking,Random,1,20,221.815111468,data/ucf101_rescue/UCF-101/Biking/v_Biking_g03_c01.avi,data/backend_inputs/Biking_v_Biking_g03_c01/seed_42/rat_dp/rat_intermediate_merged.mp4,,,
E1,Biking_v_Biking_g03_c01,Biking,Shifted-RAT+traj,1,20,221.815111468,data/ucf101_rescue/UCF-101/Biking/v_Biking_g03_c01.avi,data/backend_inputs/Biking_v_Biking_g03_c01/seed_42/rat_dp/rat_intermediate_merged.mp4,,,
E1,Biking_v_Biking_g03_c01,Biking,RAT-fusion,1,20,221.815111468,data/ucf101_rescue/UCF-101/Biking/v_Biking_g03_c01.avi,data/backend_inputs/Biking_v_Biking_g03_c01/seed_42/rat_dp/rat_intermediate_merged.mp4,,,
E1,Biking_v_Biking_g03_c01,Biking,Shifted-RAT-fusion,1,20,221.815111468,data/ucf101_rescue/UCF-101/Biking/v_Biking_g03_c01.avi,data/backend_inputs/Biking_v_Biking_g03_c01/seed_42/rat_dp/rat_intermediate_merged.mp4,,,
E1,Biking_v_Biking_g03_c01,Biking,VideoMAE-only,1,20,221.815111468,data/ucf101_rescue/UCF-101/Biking/v_Biking_g03_c01.avi,data/backend_inputs/Biking_v_Biking_g03_c01/seed_42/rat_dp/rat_intermediate_merged.mp4,,,
E1,Biking_v_Biking_g03_c01,Biking,RAT+traj,2,20,221.815111468,data/ucf101_rescue/UCF-101/Biking/v_Biking_g03_c01.avi,data/backend_inputs/Biking_v_Biking_g03_c01/seed_42/rat_dp/rat_intermediate_merged.mp4,,,
E1,Biking_v_Biking_g03_c01,Biking,Motion-reference,2,20,221.815111468,data/ucf101_rescue/UCF-101/Biking/v_Biking_g03_c01.avi,data/backend_inputs/Biking_v_Biking_g03_c01/seed_42/rat_dp/rat_intermediate_merged.mp4,,,
E1,Biking_v_Biking_g03_c01,Biking,Random,2,20,221.815111468,data/ucf101_rescue/UCF-101/Biking/v_Biking_g03_c01.avi,data/backend_inputs/Biking_v_Biking_g03_c01/seed_42/rat_dp/rat_intermediate_merged.mp4,,,
E1,Biking_v_Biking_g03_c01,Biking,Shifted-RAT+traj,2,20,221.815111468,data/ucf101_rescue/UCF-101/Biking/v_Biking_g03_c01.avi,data/backend_inputs/Biking_v_Biking_g03_c01/seed_42/rat_dp/rat_intermediate_merged.mp4,,,
E1,Biking_v_Biking_g03_c01,Biking,RAT-fusion,2,20,221.815111468,data/ucf101_rescue/UCF-101/Biking/v_Biking_g03_c01.avi,data/backend_inputs/Biking_v_Biking_g03_c01/seed_42/rat_dp/rat_intermediate_merged.mp4,,,
E1,Biking_v_Biking_g03_c01,Biking,Shifted-RAT-fusion,2,20,221.815111468,data/ucf101_rescue/UCF-101/Biking/v_Biking_g03_c01.avi,data/backend_inputs/Biking_v_Biking_g03_c01/seed_42/rat_dp/rat_intermediate_merged.mp4,,,
E1,Biking_v_Biking_g03_c01,Biking,VideoMAE-only,2,20,221.815111468,data/ucf101_rescue/UCF-101/Biking/v_Biking_g03_c01.avi,data/backend_inputs/Biking_v_Biking_g03_c01/seed_42/rat_dp/rat_intermediate_merged.mp4,,,
E1,Biking_v_Biking_g03_c01,Biking,RAT+traj,3,20,221.815111468,data/ucf101_rescue/UCF-101/Biking/v_Biking_g03_c01.avi,data/backend_inputs/Biking_v_Biking_g03_c01/seed_42/rat_dp/rat_intermediate_merged.mp4,,,
E1,Biking_v_Biking_g03_c01,Biking,Motion-reference,3,20,221.815111468,data/ucf101_rescue/UCF-101/Biking/v_Biking_g03_c01.avi,data/backend_inputs/Biking_v_Biking_g03_c01/seed_42/rat_dp/rat_intermediate_merged.mp4,,,
E1,Biking_v_Biking_g03_c01,Biking,Random,3,20,221.815111468,data/ucf101_rescue/UCF-101/Biking/v_Biking_g03_c01.avi,data/backend_inputs/Biking_v_Biking_g03_c01/seed_42/rat_dp/rat_intermediate_merged.mp4,,,
E1,Biking_v_Biking_g03_c01,Biking,Shifted-RAT+traj,3,20,221.815111468,data/ucf101_rescue/UCF-101/Biking/v_Biking_g03_c01.avi,data/backend_inputs/Biking_v_Biking_g03_c01/seed_42/rat_dp/rat_intermediate_merged.mp4,,,
E1,Biking_v_Biking_g03_c01,Biking,RAT-fusion,3,20,221.815111468,data/ucf101_rescue/UCF-101/Biking/v_Biking_g03_c01.avi,data/backend_inputs/Biking_v_Biking_g03_c01/seed_42/rat_dp/rat_intermediate_merged.mp4,,,
E1,Biking_v_Biking_g03_c01,Biking,Shifted-RAT-fusion,3,20,221.815111468,data/ucf101_rescue/UCF-101/Biking/v_Biking_g03_c01.avi,data/backend_inputs/Biking_v_Biking_g03_c01/seed_42/rat_dp/rat_intermediate_merged.mp4,,,
E1,Biking_v_Biking_g03_c01,Biking,VideoMAE-only,3,20,221.815111468,data/ucf101_rescue/UCF-101/Biking/v_Biking_g03_c01.avi,data/backend_inputs/Biking_v_Biking_g03_c01/seed_42/rat_dp/rat_intermediate_merged.mp4,,,
E1,Biking_v_Biking_g03_c01,Biking,RAT+traj,4,20,221.815111468,data/ucf101_rescue/UCF-101/Biking/v_Biking_g03_c01.avi,data/backend_inputs/Biking_v_Biking_g03_c01/seed_42/rat_dp/rat_intermediate_merged.mp4,,,
E1,Biking_v_Biking_g03_c01,Biking,Motion-reference,4,20,221.815111468,data/ucf101_rescue/UCF-101/Biking/v_Biking_g03_c01.avi,data/backend_inputs/Biking_v_Biking_g03_c01/seed_42/rat_dp/rat_intermediate_merged.mp4,,,
E1,Biking_v_Biking_g03_c01,Biking,Random,4,20,221.815111468,data/ucf101_rescue/UCF-101/Biking/v_Biking_g03_c01.avi,data/backend_inputs/Biking_v_Biking_g03_c01/seed_42/rat_dp/rat_intermediate_merged.mp4,,,
E1,Biking_v_Biking_g03_c01,Biking,Shifted-RAT+traj,4,20,221.815111468,data/ucf101_rescue/UCF-101/Biking/v_Biking_g03_c01.avi,data/backend_inputs/Biking_v_Biking_g03_c01/seed_42/rat_dp/rat_intermediate_merged.mp4,,,
E1,Biking_v_Biking_g03_c01,Biking,RAT-fusion,4,20,221.815111468,data/ucf101_rescue/UCF-101/Biking/v_Biking_g03_c01.avi,data/backend_inputs/Biking_v_Biking_g03_c01/seed_42/rat_dp/rat_intermediate_merged.mp4,,,
E1,Biking_v_Biking_g03_c01,Biking,Shifted-RAT-fusion,4,20,221.815111468,data/ucf101_rescue/UCF-101/Biking/v_Biking_g03_c01.avi,data/backend_inputs/Biking_v_Biking_g03_c01/seed_42/rat_dp/rat_intermediate_merged.mp4,,,
E1,Biking_v_Biking_g03_c01,Biking,VideoMAE-only,4,20,221.815111468,data/ucf101_rescue/UCF-101/Biking/v_Biking_g03_c01.avi,data/backend_inputs/Biking_v_Biking_g03_c01/seed_42/rat_dp/rat_intermediate_merged.mp4,,,
E1,Biking_v_Biking_g03_c01,Biking,RAT+traj,5,20,221.815111468,data/ucf101_rescue/UCF-101/Biking/v_Biking_g03_c01.avi,data/backend_inputs/Biking_v_Biking_g03_c01/seed_42/rat_dp/rat_intermediate_merged.mp4,,,
E1,Biking_v_Biking_g03_c01,Biking,Motion-reference,5,20,221.815111468,data/ucf101_rescue/UCF-101/Biking/v_Biking_g03_c01.avi,data/backend_inputs/Biking_v_Biking_g03_c01/seed_42/rat_dp/rat_intermediate_merged.mp4,,,
E1,Biking_v_Biking_g03_c01,Biking,Random,5,20,221.815111468,data/ucf101_rescue/UCF-101/Biking/v_Biking_g03_c01.avi,data/backend_inputs/Biking_v_Biking_g03_c01/seed_42/rat_dp/rat_intermediate_merged.mp4,,,
E1,Biking_v_Biking_g03_c01,Biking,Shifted-RAT+traj,5,20,221.815111468,data/ucf101_rescue/UCF-101/Biking/v_Biking_g03_c01.avi,data/backend_inputs/Biking_v_Biking_g03_c01/seed_42/rat_dp/rat_intermediate_merged.mp4,,,
E1,Biking_v_Biking_g03_c01,Biking,RAT-fusion,5,20,221.815111468,data/ucf101_rescue/UCF-101/Biking/v_Biking_g03_c01.avi,data/backend_inputs/Biking_v_Biking_g03_c01/seed_42/rat_dp/rat_intermediate_merged.mp4,,,
E1,Biking_v_Biking_g03_c01,Biking,Shifted-RAT-fusion,5,20,221.815111468,data/ucf101_rescue/UCF-101/Biking/v_Biking_g03_c01.avi,data/backend_inputs/Biking_v_Biking_g03_c01/seed_42/rat_dp/rat_intermediate_merged.mp4,,,
E1,Biking_v_Biking_g03_c01,Biking,VideoMAE-only,5,20,221.815111468,data/ucf101_rescue/UCF-101/Biking/v_Biking_g03_c01.avi,data/backend_inputs/Biking_v_Biking_g03_c01/seed_42/rat_dp/rat_intermediate_merged.mp4,,,
E1,Biking_v_Biking_g03_c01,Biking,RAT+traj,6,20,221.815111468,data/ucf101_rescue/UCF-101/Biking/v_Biking_g03_c01.avi,data/backend_inputs/Biking_v_Biking_g03_c01/seed_42/rat_dp/rat_intermediate_merged.mp4,,,
E1,Biking_v_Biking_g03_c01,Biking,Motion-reference,6,20,221.815111468,data/ucf101_rescue/UCF-101/Biking/v_Biking_g03_c01.avi,data/backend_inputs/Biking_v_Biking_g03_c01/seed_42/rat_dp/rat_intermediate_merged.mp4,,,
E1,Biking_v_Biking_g03_c01,Biking,Random,6,20,221.815111468,data/ucf101_rescue/UCF-101/Biking/v_Biking_g03_c01.avi,data/backend_inputs/Biking_v_Biking_g03_c01/seed_42/rat_dp/rat_intermediate_merged.mp4,,,
E1,Biking_v_Biking_g03_c01,Biking,Shifted-RAT+traj,6,20,221.815111468,data/ucf101_rescue/UCF-101/Biking/v_Biking_g03_c01.avi,data/backend_inputs/Biking_v_Biking_g03_c01/seed_42/rat_dp/rat_intermediate_merged.mp4,,,
E1,Biking_v_Biking_g03_c01,Biking,RAT-fusion,6,20,221.815111468,data/ucf101_rescue/UCF-101/Biking/v_Biking_g03_c01.avi,data/backend_inputs/Biking_v_Biking_g03_c01/seed_42/rat_dp/rat_intermediate_merged.mp4,,,
E1,Biking_v_Biking_g03_c01,Biking,Shifted-RAT-fusion,6,20,221.815111468,data/ucf101_rescue/UCF-101/Biking/v_Biking_g03_c01.avi,data/backend_inputs/Biking_v_Biking_g03_c01/seed_42/rat_dp/rat_intermediate_merged.mp4,,,
E1,Biking_v_Biking_g03_c01,Biking,VideoMAE-only,6,20,221.815111468,data/ucf101_rescue/UCF-101/Biking/v_Biking_g03_c01.avi,data/backend_inputs/Biking_v_Biking_g03_c01/seed_42/rat_dp/rat_intermediate_merged.mp4,,,
E1,Biking_v_Biking_g03_c01,Biking,RAT+traj,7,20,221.815111468,data/ucf101_rescue/UCF-101/Biking/v_Biking_g03_c01.avi,data/backend_inputs/Biking_v_Biking_g03_c01/seed_42/rat_dp/rat_intermediate_merged.mp4,,,
E1,Biking_v_Biking_g03_c01,Biking,Motion-reference,7,20,221.815111468,data/ucf101_rescue/UCF-101/Biking/v_Biking_g03_c01.avi,data/backend_inputs/Biking_v_Biking_g03_c01/seed_42/rat_dp/rat_intermediate_merged.mp4,,,
E1,Biking_v_Biking_g03_c01,Biking,Random,7,20,221.815111468,data/ucf101_rescue/UCF-101/Biking/v_Biking_g03_c01.avi,data/backend_inputs/Biking_v_Biking_g03_c01/seed_42/rat_dp/rat_intermediate_merged.mp4,,,
E1,Biking_v_Biking_g03_c01,Biking,Shifted-RAT+traj,7,20,221.815111468,data/ucf101_rescue/UCF-101/Biking/v_Biking_g03_c01.avi,data/backend_inputs/Biking_v_Biking_g03_c01/seed_42/rat_dp/rat_intermediate_merged.mp4,,,
E1,Biking_v_Biking_g03_c01,Biking,RAT-fusion,7,20,221.815111468,data/ucf101_rescue/UCF-101/Biking/v_Biking_g03_c01.avi,data/backend_inputs/Biking_v_Biking_g03_c01/seed_42/rat_dp/rat_intermediate_merged.mp4,,,
E1,Biking_v_Biking_g03_c01,Biking,Shifted-RAT-fusion,7,20,221.815111468,data/ucf101_rescue/UCF-101/Biking/v_Biking_g03_c01.avi,data/backend_inputs/Biking_v_Biking_g03_c01/seed_42/rat_dp/rat_intermediate_merged.mp4,,,
E1,Biking_v_Biking_g03_c01,Biking,VideoMAE-only,7,20,221.815111468,data/ucf101_rescue/UCF-101/Biking/v_Biking_g03_c01.avi,data/backend_inputs/Biking_v_Biking_g03_c01/seed_42/rat_dp/rat_intermediate_merged.mp4,,,
E1,Biking_v_Biking_g03_c01,Biking,RAT+traj,8,20,221.815111468,data/ucf101_rescue/UCF-101/Biking/v_Biking_g03_c01.avi,data/backend_inputs/Biking_v_Biking_g03_c01/seed_42/rat_dp/rat_intermediate_merged.mp4,,,
E1,Biking_v_Biking_g03_c01,Biking,Motion-reference,8,20,221.815111468,data/ucf101_rescue/UCF-101/Biking/v_Biking_g03_c01.avi,data/backend_inputs/Biking_v_Biking_g03_c01/seed_42/rat_dp/rat_intermediate_merged.mp4,,,
E1,Biking_v_Biking_g03_c01,Biking,Random,8,20,221.815111468,data/ucf101_rescue/UCF-101/Biking/v_Biking_g03_c01.avi,data/backend_inputs/Biking_v_Biking_g03_c01/seed_42/rat_dp/rat_intermediate_merged.mp4,,,
E1,Biking_v_Biking_g03_c01,Biking,Shifted-RAT+traj,8,20,221.815111468,data/ucf101_rescue/UCF-101/Biking/v_Biking_g03_c01.avi,data/backend_inputs/Biking_v_Biking_g03_c01/seed_42/rat_dp/rat_intermediate_merged.mp4,,,
E1,Biking_v_Biking_g03_c01,Biking,RAT-fusion,8,20,221.815111468,data/ucf101_rescue/UCF-101/Biking/v_Biking_g03_c01.avi,data/backend_inputs/Biking_v_Biking_g03_c01/seed_42/rat_dp/rat_intermediate_merged.mp4,,,
E1,Biking_v_Biking_g03_c01,Biking,Shifted-RAT-fusion,8,20,221.815111468,data/ucf101_rescue/UCF-101/Biking/v_Biking_g03_c01.avi,data/backend_inputs/Biking_v_Biking_g03_c01/seed_42/rat_dp/rat_intermediate_merged.mp4,,,
E1,Biking_v_Biking_g03_c01,Biking,VideoMAE-only,8,20,221.815111468,data/ucf101_rescue/UCF-101/Biking/v_Biking_g03_c01.avi,data/backend_inputs/Biking_v_Biking_g03_c01/seed_42/rat_dp/rat_intermediate_merged.mp4,,,
E1,Biking_v_Biking_g03_c01,Biking,RAT+traj,42,20,221.815111468,data/ucf101_rescue/UCF-101/Biking/v_Biking_g03_c01.avi,data/backend_inputs/Biking_v_Biking_g03_c01/seed_42/rat_dp/rat_intermediate_merged.mp4,,,
E1,Biking_v_Biking_g03_c01,Biking,Motion-reference,42,20,221.815111468,data/ucf101_rescue/UCF-101/Biking/v_Biking_g03_c01.avi,data/backend_inputs/Biking_v_Biking_g03_c01/seed_42/rat_dp/rat_intermediate_merged.mp4,,,
E1,Biking_v_Biking_g03_c01,Biking,Random,42,20,221.815111468,data/ucf101_rescue/UCF-101/Biking/v_Biking_g03_c01.avi,data/backend_inputs/Biking_v_Biking_g03_c01/seed_42/rat_dp/rat_intermediate_merged.mp4,,,
E1,Biking_v_Biking_g03_c01,Biking,Shifted-RAT+traj,42,20,221.815111468,data/ucf101_rescue/UCF-101/Biking/v_Biking_g03_c01.avi,data/backend_inputs/Biking_v_Biking_g03_c01/seed_42/rat_dp/rat_intermediate_merged.mp4,,,
E1,Biking_v_Biking_g03_c01,Biking,RAT-fusion,42,20,221.815111468,data/ucf101_rescue/UCF-101/Biking/v_Biking_g03_c01.avi,data/backend_inputs/Biking_v_Biking_g03_c01/seed_42/rat_dp/rat_intermediate_merged.mp4,,,
E1,Biking_v_Biking_g03_c01,Biking,Shifted-RAT-fusion,42,20,221.815111468,data/ucf101_rescue/UCF-101/Biking/v_Biking_g03_c01.avi,data/backend_inputs/Biking_v_Biking_g03_c01/seed_42/rat_dp/rat_intermediate_merged.mp4,,,
E1,Biking_v_Biking_g03_c01,Biking,VideoMAE-only,42,20,221.815111468,data/ucf101_rescue/UCF-101/Biking/v_Biking_g03_c01.avi,data/backend_inputs/Biking_v_Biking_g03_c01/seed_42/rat_dp/rat_intermediate_merged.mp4,,,
E1,Biking_v_Biking_g04_c01,Biking,RAT+traj,0,20,176.513182643,data/ucf101_rescue/UCF-101/Biking/v_Biking_g04_c01.avi,data/backend_inputs/Biking_v_Biking_g04_c01/seed_42/rat_dp/rat_intermediate_merged.mp4,,,
E1,Biking_v_Biking_g04_c01,Biking,Motion-reference,0,20,176.513182643,data/ucf101_rescue/UCF-101/Biking/v_Biking_g04_c01.avi,data/backend_inputs/Biking_v_Biking_g04_c01/seed_42/rat_dp/rat_intermediate_merged.mp4,,,
E1,Biking_v_Biking_g04_c01,Biking,Random,0,20,176.513182643,data/ucf101_rescue/UCF-101/Biking/v_Biking_g04_c01.avi,data/backend_inputs/Biking_v_Biking_g04_c01/seed_42/rat_dp/rat_intermediate_merged.mp4,,,
E1,Biking_v_Biking_g04_c01,Biking,Shifted-RAT+traj,0,20,176.513182643,data/ucf101_rescue/UCF-101/Biking/v_Biking_g04_c01.avi,data/backend_inputs/Biking_v_Biking_g04_c01/seed_42/rat_dp/rat_intermediate_merged.mp4,,,
E1,Biking_v_Biking_g04_c01,Biking,RAT-fusion,0,20,176.513182643,data/ucf101_rescue/UCF-101/Biking/v_Biking_g04_c01.avi,data/backend_inputs/Biking_v_Biking_g04_c01/seed_42/rat_dp/rat_intermediate_merged.mp4,,,
E1,Biking_v_Biking_g04_c01,Biking,Shifted-RAT-fusion,0,20,176.513182643,data/ucf101_rescue/UCF-101/Biking/v_Biking_g04_c01.avi,data/backend_inputs/Biking_v_Biking_g04_c01/seed_42/rat_dp/rat_intermediate_merged.mp4,,,
E1,Biking_v_Biking_g04_c01,Biking,VideoMAE-only,0,20,176.513182643,data/ucf101_rescue/UCF-101/Biking/v_Biking_g04_c01.avi,data/backend_inputs/Biking_v_Biking_g04_c01/seed_42/rat_dp/rat_intermediate_merged.mp4,,,
E1,Biking_v_Biking_g04_c01,Biking,RAT+traj,1,20,176.513182643,data/ucf101_rescue/UCF-101/Biking/v_Biking_g04_c01.avi,data/backend_inputs/Biking_v_Biking_g04_c01/seed_42/rat_dp/rat_intermediate_merged.mp4,,,
E1,Biking_v_Biking_g04_c01,Biking,Motion-reference,1,20,176.513182643,data/ucf101_rescue/UCF-101/Biking/v_Biking_g04_c01.avi,data/backend_inputs/Biking_v_Biking_g04_c01/seed_42/rat_dp/rat_intermediate_merged.mp4,,,
E1,Biking_v_Biking_g04_c01,Biking,Random,1,20,176.513182643,data/ucf101_rescue/UCF-101/Biking/v_Biking_g04_c01.avi,data/backend_inputs/Biking_v_Biking_g04_c01/seed_42/rat_dp/rat_intermediate_merged.mp4,,,
E1,Biking_v_Biking_g04_c01,Biking,Shifted-RAT+traj,1,20,176.513182643,data/ucf101_rescue/UCF-101/Biking/v_Biking_g04_c01.avi,data/backend_inputs/Biking_v_Biking_g04_c01/seed_42/rat_dp/rat_intermediate_merged.mp4,,,
E1,Biking_v_Biking_g04_c01,Biking,RAT-fusion,1,20,176.513182643,data/ucf101_rescue/UCF-101/Biking/v_Biking_g04_c01.avi,data/backend_inputs/Biking_v_Biking_g04_c01/seed_42/rat_dp/rat_intermediate_merged.mp4,,,
E1,Biking_v_Biking_g04_c01,Biking,Shifted-RAT-fusion,1,20,176.513182643,data/ucf101_rescue/UCF-101/Biking/v_Biking_g04_c01.avi,data/backend_inputs/Biking_v_Biking_g04_c01/seed_42/rat_dp/rat_intermediate_merged.mp4,,,
E1,Biking_v_Biking_g04_c01,Biking,VideoMAE-only,1,20,176.513182643,data/ucf101_rescue/UCF-101/Biking/v_Biking_g04_c01.avi,data/backend_inputs/Biking_v_Biking_g04_c01/seed_42/rat_dp/rat_intermediate_merged.mp4,,,
E1,Biking_v_Biking_g04_c01,Biking,RAT+traj,2,20,176.513182643,data/ucf101_rescue/UCF-101/Biking/v_Biking_g04_c01.avi,data/backend_inputs/Biking_v_Biking_g04_c01/seed_42/rat_dp/rat_intermediate_merged.mp4,,,
E1,Biking_v_Biking_g04_c01,Biking,Motion-reference,2,20,176.513182643,data/ucf101_rescue/UCF-101/Biking/v_Biking_g04_c01.avi,data/backend_inputs/Biking_v_Biking_g04_c01/seed_42/rat_dp/rat_intermediate_merged.mp4,,,
E1,Biking_v_Biking_g04_c01,Biking,Random,2,20,176.513182643,data/ucf101_rescue/UCF-101/Biking/v_Biking_g04_c01.avi,data/backend_inputs/Biking_v_Biking_g04_c01/seed_42/rat_dp/rat_intermediate_merged.mp4,,,
E1,Biking_v_Biking_g04_c01,Biking,Shifted-RAT+traj,2,20,176.513182643,data/ucf101_rescue/UCF-101/Biking/v_Biking_g04_c01.avi,data/backend_inputs/Biking_v_Biking_g04_c01/seed_42/rat_dp/rat_intermediate_merged.mp4,,,
E1,Biking_v_Biking_g04_c01,Biking,RAT-fusion,2,20,176.513182643,data/ucf101_rescue/UCF-101/Biking/v_Biking_g04_c01.avi,data/backend_inputs/Biking_v_Biking_g04_c01/seed_42/rat_dp/rat_intermediate_merged.mp4,,,
E1,Biking_v_Biking_g04_c01,Biking,Shifted-RAT-fusion,2,20,176.513182643,data/ucf101_rescue/UCF-101/Biking/v_Biking_g04_c01.avi,data/backend_inputs/Biking_v_Biking_g04_c01/seed_42/rat_dp/rat_intermediate_merged.mp4,,,
E1,Biking_v_Biking_g04_c01,Biking,VideoMAE-only,2,20,176.513182643,data/ucf101_rescue/UCF-101/Biking/v_Biking_g04_c01.avi,data/backend_inputs/Biking_v_Biking_g04_c01/seed_42/rat_dp/rat_intermediate_merged.mp4,,,
E1,Biking_v_Biking_g04_c01,Biking,RAT+traj,3,20,176.513182643,data/ucf101_rescue/UCF-101/Biking/v_Biking_g04_c01.avi,data/backend_inputs/Biking_v_Biking_g04_c01/seed_42/rat_dp/rat_intermediate_merged.mp4,,,
E1,Biking_v_Biking_g04_c01,Biking,Motion-reference,3,20,176.513182643,data/ucf101_rescue/UCF-101/Biking/v_Biking_g04_c01.avi,data/backend_inputs/Biking_v_Biking_g04_c01/seed_42/rat_dp/rat_intermediate_merged.mp4,,,
E1,Biking_v_Biking_g04_c01,Biking,Random,3,20,176.513182643,data/ucf101_rescue/UCF-101/Biking/v_Biking_g04_c01.avi,data/backend_inputs/Biking_v_Biking_g04_c01/seed_42/rat_dp/rat_intermediate_merged.mp4,,,
E1,Biking_v_Biking_g04_c01,Biking,Shifted-RAT+traj,3,20,176.513182643,data/ucf101_rescue/UCF-101/Biking/v_Biking_g04_c01.avi,data/backend_inputs/Biking_v_Biking_g04_c01/seed_42/rat_dp/rat_intermediate_merged.mp4,,,
E1,Biking_v_Biking_g04_c01,Biking,RAT-fusion,3,20,176.513182643,data/ucf101_rescue/UCF-101/Biking/v_Biking_g04_c01.avi,data/backend_inputs/Biking_v_Biking_g04_c01/seed_42/rat_dp/rat_intermediate_merged.mp4,,,
E1,Biking_v_Biking_g04_c01,Biking,Shifted-RAT-fusion,3,20,176.513182643,data/ucf101_rescue/UCF-101/Biking/v_Biking_g04_c01.avi,data/backend_inputs/Biking_v_Biking_g04_c01/seed_42/rat_dp/rat_intermediate_merged.mp4,,,
E1,Biking_v_Biking_g04_c01,Biking,VideoMAE-only,3,20,176.513182643,data/ucf101_rescue/UCF-101/Biking/v_Biking_g04_c01.avi,data/backend_inputs/Biking_v_Biking_g04_c01/seed_42/rat_dp/rat_intermediate_merged.mp4,,,
E1,Biking_v_Biking_g04_c01,Biking,RAT+traj,4,20,176.513182643,data/ucf101_rescue/UCF-101/Biking/v_Biking_g04_c01.avi,data/backend_inputs/Biking_v_Biking_g04_c01/seed_42/rat_dp/rat_intermediate_merged.mp4,,,
E1,Biking_v_Biking_g04_c01,Biking,Motion-reference,4,20,176.513182643,data/ucf101_rescue/UCF-101/Biking/v_Biking_g04_c01.avi,data/backend_inputs/Biking_v_Biking_g04_c01/seed_42/rat_dp/rat_intermediate_merged.mp4,,,
E1,Biking_v_Biking_g04_c01,Biking,Random,4,20,176.513182643,data/ucf101_rescue/UCF-101/Biking/v_Biking_g04_c01.avi,data/backend_inputs/Biking_v_Biking_g04_c01/seed_42/rat_dp/rat_intermediate_merged.mp4,,,
E1,Biking_v_Biking_g04_c01,Biking,Shifted-RAT+traj,4,20,176.513182643,data/ucf101_rescue/UCF-101/Biking/v_Biking_g04_c01.avi,data/backend_inputs/Biking_v_Biking_g04_c01/seed_42/rat_dp/rat_intermediate_merged.mp4,,,
E1,Biking_v_Biking_g04_c01,Biking,RAT-fusion,4,20,176.513182643,data/ucf101_rescue/UCF-101/Biking/v_Biking_g04_c01.avi,data/backend_inputs/Biking_v_Biking_g04_c01/seed_42/rat_dp/rat_intermediate_merged.mp4,,,
E1,Biking_v_Biking_g04_c01,Biking,Shifted-RAT-fusion,4,20,176.513182643,data/ucf101_rescue/UCF-101/Biking/v_Biking_g04_c01.avi,data/backend_inputs/Biking_v_Biking_g04_c01/seed_42/rat_dp/rat_intermediate_merged.mp4,,,
E1,Biking_v_Biking_g04_c01,Biking,VideoMAE-only,4,20,176.513182643,data/ucf101_rescue/UCF-101/Biking/v_Biking_g04_c01.avi,data/backend_inputs/Biking_v_Biking_g04_c01/seed_42/rat_dp/rat_intermediate_merged.mp4,,,
E1,Biking_v_Biking_g04_c01,Biking,RAT+traj,5,20,176.513182643,data/ucf101_rescue/UCF-101/Biking/v_Biking_g04_c01.avi,data/backend_inputs/Biking_v_Biking_g04_c01/seed_42/rat_dp/rat_intermediate_merged.mp4,,,
E1,Biking_v_Biking_g04_c01,Biking,Motion-reference,5,20,176.513182643,data/ucf101_rescue/UCF-101/Biking/v_Biking_g04_c01.avi,data/backend_inputs/Biking_v_Biking_g04_c01/seed_42/rat_dp/rat_intermediate_merged.mp4,,,
E1,Biking_v_Biking_g04_c01,Biking,Random,5,20,176.513182643,data/ucf101_rescue/UCF-101/Biking/v_Biking_g04_c01.avi,data/backend_inputs/Biking_v_Biking_g04_c01/seed_42/rat_dp/rat_intermediate_merged.mp4,,,
E1,Biking_v_Biking_g04_c01,Biking,Shifted-RAT+traj,5,20,176.513182643,data/ucf101_rescue/UCF-101/Biking/v_Biking_g04_c01.avi,data/backend_inputs/Biking_v_Biking_g04_c01/seed_42/rat_dp/rat_intermediate_merged.mp4,,,
E1,Biking_v_Biking_g04_c01,Biking,RAT-fusion,5,20,176.513182643,data/ucf101_rescue/UCF-101/Biking/v_Biking_g04_c01.avi,data/backend_inputs/Biking_v_Biking_g04_c01/seed_42/rat_dp/rat_intermediate_merged.mp4,,,
E1,Biking_v_Biking_g04_c01,Biking,Shifted-RAT-fusion,5,20,176.513182643,data/ucf101_rescue/UCF-101/Biking/v_Biking_g04_c01.avi,data/backend_inputs/Biking_v_Biking_g04_c01/seed_42/rat_dp/rat_intermediate_merged.mp4,,,
E1,Biking_v_Biking_g04_c01,Biking,VideoMAE-only,5,20,176.513182643,data/ucf101_rescue/UCF-101/Biking/v_Biking_g04_c01.avi,data/backend_inputs/Biking_v_Biking_g04_c01/seed_42/rat_dp/rat_intermediate_merged.mp4,,,
E1,Biking_v_Biking_g04_c01,Biking,RAT+traj,6,20,176.513182643,data/ucf101_rescue/UCF-101/Biking/v_Biking_g04_c01.avi,data/backend_inputs/Biking_v_Biking_g04_c01/seed_42/rat_dp/rat_intermediate_merged.mp4,,,
E1,Biking_v_Biking_g04_c01,Biking,Motion-reference,6,20,176.513182643,data/ucf101_rescue/UCF-101/Biking/v_Biking_g04_c01.avi,data/backend_inputs/Biking_v_Biking_g04_c01/seed_42/rat_dp/rat_intermediate_merged.mp4,,,
E1,Biking_v_Biking_g04_c01,Biking,Random,6,20,176.513182643,data/ucf101_rescue/UCF-101/Biking/v_Biking_g04_c01.avi,data/backend_inputs/Biking_v_Biking_g04_c01/seed_42/rat_dp/rat_intermediate_merged.mp4,,,
E1,Biking_v_Biking_g04_c01,Biking,Shifted-RAT+traj,6,20,176.513182643,data/ucf101_rescue/UCF-101/Biking/v_Biking_g04_c01.avi,data/backend_inputs/Biking_v_Biking_g04_c01/seed_42/rat_dp/rat_intermediate_merged.mp4,,,
E1,Biking_v_Biking_g04_c01,Biking,RAT-fusion,6,20,176.513182643,data/ucf101_rescue/UCF-101/Biking/v_Biking_g04_c01.avi,data/backend_inputs/Biking_v_Biking_g04_c01/seed_42/rat_dp/rat_intermediate_merged.mp4,,,
E1,Biking_v_Biking_g04_c01,Biking,Shifted-RAT-fusion,6,20,176.513182643,data/ucf101_rescue/UCF-101/Biking/v_Biking_g04_c01.avi,data/backend_inputs/Biking_v_Biking_g04_c01/seed_42/rat_dp/rat_intermediate_merged.mp4,,,
E1,Biking_v_Biking_g04_c01,Biking,VideoMAE-only,6,20,176.513182643,data/ucf101_rescue/UCF-101/Biking/v_Biking_g04_c01.avi,data/backend_inputs/Biking_v_Biking_g04_c01/seed_42/rat_dp/rat_intermediate_merged.mp4,,,
E1,Biking_v_Biking_g04_c01,Biking,RAT+traj,7,20,176.513182643,data/ucf101_rescue/UCF-101/Biking/v_Biking_g04_c01.avi,data/backend_inputs/Biking_v_Biking_g04_c01/seed_42/rat_dp/rat_intermediate_merged.mp4,,,
E1,Biking_v_Biking_g04_c01,Biking,Motion-reference,7,20,176.513182643,data/ucf101_rescue/UCF-101/Biking/v_Biking_g04_c01.avi,data/backend_inputs/Biking_v_Biking_g04_c01/seed_42/rat_dp/rat_intermediate_merged.mp4,,,
E1,Biking_v_Biking_g04_c01,Biking,Random,7,20,176.513182643,data/ucf101_rescue/UCF-101/Biking/v_Biking_g04_c01.avi,data/backend_inputs/Biking_v_Biking_g04_c01/seed_42/rat_dp/rat_intermediate_merged.mp4,,,
E1,Biking_v_Biking_g04_c01,Biking,Shifted-RAT+traj,7,20,176.513182643,data/ucf101_rescue/UCF-101/Biking/v_Biking_g04_c01.avi,data/backend_inputs/Biking_v_Biking_g04_c01/seed_42/rat_dp/rat_intermediate_merged.mp4,,,
E1,Biking_v_Biking_g04_c01,Biking,RAT-fusion,7,20,176.513182643,data/ucf101_rescue/UCF-101/Biking/v_Biking_g04_c01.avi,data/backend_inputs/Biking_v_Biking_g04_c01/seed_42/rat_dp/rat_intermediate_merged.mp4,,,
E1,Biking_v_Biking_g04_c01,Biking,Shifted-RAT-fusion,7,20,176.513182643,data/ucf101_rescue/UCF-101/Biking/v_Biking_g04_c01.avi,data/backend_inputs/Biking_v_Biking_g04_c01/seed_42/rat_dp/rat_intermediate_merged.mp4,,,
E1,Biking_v_Biking_g04_c01,Biking,VideoMAE-only,7,20,176.513182643,data/ucf101_rescue/UCF-101/Biking/v_Biking_g04_c01.avi,data/backend_inputs/Biking_v_Biking_g04_c01/seed_42/rat_dp/rat_intermediate_merged.mp4,,,
E1,Biking_v_Biking_g04_c01,Biking,RAT+traj,8,20,176.513182643,data/ucf101_rescue/UCF-101/Biking/v_Biking_g04_c01.avi,data/backend_inputs/Biking_v_Biking_g04_c01/seed_42/rat_dp/rat_intermediate_merged.mp4,,,
E1,Biking_v_Biking_g04_c01,Biking,Motion-reference,8,20,176.513182643,data/ucf101_rescue/UCF-101/Biking/v_Biking_g04_c01.avi,data/backend_inputs/Biking_v_Biking_g04_c01/seed_42/rat_dp/rat_intermediate_merged.mp4,,,
E1,Biking_v_Biking_g04_c01,Biking,Random,8,20,176.513182643,data/ucf101_rescue/UCF-101/Biking/v_Biking_g04_c01.avi,data/backend_inputs/Biking_v_Biking_g04_c01/seed_42/rat_dp/rat_intermediate_merged.mp4,,,
E1,Biking_v_Biking_g04_c01,Biking,Shifted-RAT+traj,8,20,176.513182643,data/ucf101_rescue/UCF-101/Biking/v_Biking_g04_c01.avi,data/backend_inputs/Biking_v_Biking_g04_c01/seed_42/rat_dp/rat_intermediate_merged.mp4,,,
E1,Biking_v_Biking_g04_c01,Biking,RAT-fusion,8,20,176.513182643,data/ucf101_rescue/UCF-101/Biking/v_Biking_g04_c01.avi,data/backend_inputs/Biking_v_Biking_g04_c01/seed_42/rat_dp/rat_intermediate_merged.mp4,,,
E1,Biking_v_Biking_g04_c01,Biking,Shifted-RAT-fusion,8,20,176.513182643,data/ucf101_rescue/UCF-101/Biking/v_Biking_g04_c01.avi,data/backend_inputs/Biking_v_Biking_g04_c01/seed_42/rat_dp/rat_intermediate_merged.mp4,,,
E1,Biking_v_Biking_g04_c01,Biking,VideoMAE-only,8,20,176.513182643,data/ucf101_rescue/UCF-101/Biking/v_Biking_g04_c01.avi,data/backend_inputs/Biking_v_Biking_g04_c01/seed_42/rat_dp/rat_intermediate_merged.mp4,,,
E1,Biking_v_Biking_g04_c01,Biking,RAT+traj,42,20,176.513182643,data/ucf101_rescue/UCF-101/Biking/v_Biking_g04_c01.avi,data/backend_inputs/Biking_v_Biking_g04_c01/seed_42/rat_dp/rat_intermediate_merged.mp4,,,
E1,Biking_v_Biking_g04_c01,Biking,Motion-reference,42,20,176.513182643,data/ucf101_rescue/UCF-101/Biking/v_Biking_g04_c01.avi,data/backend_inputs/Biking_v_Biking_g04_c01/seed_42/rat_dp/rat_intermediate_merged.mp4,,,
E1,Biking_v_Biking_g04_c01,Biking,Random,42,20,176.513182643,data/ucf101_rescue/UCF-101/Biking/v_Biking_g04_c01.avi,data/backend_inputs/Biking_v_Biking_g04_c01/seed_42/rat_dp/rat_intermediate_merged.mp4,,,
E1,Biking_v_Biking_g04_c01,Biking,Shifted-RAT+traj,42,20,176.513182643,data/ucf101_rescue/UCF-101/Biking/v_Biking_g04_c01.avi,data/backend_inputs/Biking_v_Biking_g04_c01/seed_42/rat_dp/rat_intermediate_merged.mp4,,,
E1,Biking_v_Biking_g04_c01,Biking,RAT-fusion,42,20,176.513182643,data/ucf101_rescue/UCF-101/Biking/v_Biking_g04_c01.avi,data/backend_inputs/Biking_v_Biking_g04_c01/seed_42/rat_dp/rat_intermediate_merged.mp4,,,
E1,Biking_v_Biking_g04_c01,Biking,Shifted-RAT-fusion,42,20,176.513182643,data/ucf101_rescue/UCF-101/Biking/v_Biking_g04_c01.avi,data/backend_inputs/Biking_v_Biking_g04_c01/seed_42/rat_dp/rat_intermediate_merged.mp4,,,
E1,Biking_v_Biking_g04_c01,Biking,VideoMAE-only,42,20,176.513182643,data/ucf101_rescue/UCF-101/Biking/v_Biking_g04_c01.avi,data/backend_inputs/Biking_v_Biking_g04_c01/seed_42/rat_dp/rat_intermediate_merged.mp4,,,
E1,Diving_v_Diving_g01_c01,Diving,RAT+traj,0,20,183.367095882,data/ucf101_rescue/UCF-101/Diving/v_Diving_g01_c01.avi,data/backend_inputs/Diving_v_Diving_g01_c01/seed_42/rat_dp/rat_intermediate_merged.mp4,,,
E1,Diving_v_Diving_g01_c01,Diving,Motion-reference,0,20,183.367095882,data/ucf101_rescue/UCF-101/Diving/v_Diving_g01_c01.avi,data/backend_inputs/Diving_v_Diving_g01_c01/seed_42/rat_dp/rat_intermediate_merged.mp4,,,
E1,Diving_v_Diving_g01_c01,Diving,Random,0,20,183.367095882,data/ucf101_rescue/UCF-101/Diving/v_Diving_g01_c01.avi,data/backend_inputs/Diving_v_Diving_g01_c01/seed_42/rat_dp/rat_intermediate_merged.mp4,,,
E1,Diving_v_Diving_g01_c01,Diving,Shifted-RAT+traj,0,20,183.367095882,data/ucf101_rescue/UCF-101/Diving/v_Diving_g01_c01.avi,data/backend_inputs/Diving_v_Diving_g01_c01/seed_42/rat_dp/rat_intermediate_merged.mp4,,,
E1,Diving_v_Diving_g01_c01,Diving,RAT-fusion,0,20,183.367095882,data/ucf101_rescue/UCF-101/Diving/v_Diving_g01_c01.avi,data/backend_inputs/Diving_v_Diving_g01_c01/seed_42/rat_dp/rat_intermediate_merged.mp4,,,
E1,Diving_v_Diving_g01_c01,Diving,Shifted-RAT-fusion,0,20,183.367095882,data/ucf101_rescue/UCF-101/Diving/v_Diving_g01_c01.avi,data/backend_inputs/Diving_v_Diving_g01_c01/seed_42/rat_dp/rat_intermediate_merged.mp4,,,
E1,Diving_v_Diving_g01_c01,Diving,VideoMAE-only,0,20,183.367095882,data/ucf101_rescue/UCF-101/Diving/v_Diving_g01_c01.avi,data/backend_inputs/Diving_v_Diving_g01_c01/seed_42/rat_dp/rat_intermediate_merged.mp4,,,
E1,Diving_v_Diving_g01_c01,Diving,RAT+traj,1,20,183.367095882,data/ucf101_rescue/UCF-101/Diving/v_Diving_g01_c01.avi,data/backend_inputs/Diving_v_Diving_g01_c01/seed_42/rat_dp/rat_intermediate_merged.mp4,,,
E1,Diving_v_Diving_g01_c01,Diving,Motion-reference,1,20,183.367095882,data/ucf101_rescue/UCF-101/Diving/v_Diving_g01_c01.avi,data/backend_inputs/Diving_v_Diving_g01_c01/seed_42/rat_dp/rat_intermediate_merged.mp4,,,
E1,Diving_v_Diving_g01_c01,Diving,Random,1,20,183.367095882,data/ucf101_rescue/UCF-101/Diving/v_Diving_g01_c01.avi,data/backend_inputs/Diving_v_Diving_g01_c01/seed_42/rat_dp/rat_intermediate_merged.mp4,,,
E1,Diving_v_Diving_g01_c01,Diving,Shifted-RAT+traj,1,20,183.367095882,data/ucf101_rescue/UCF-101/Diving/v_Diving_g01_c01.avi,data/backend_inputs/Diving_v_Diving_g01_c01/seed_42/rat_dp/rat_intermediate_merged.mp4,,,
E1,Diving_v_Diving_g01_c01,Diving,RAT-fusion,1,20,183.367095882,data/ucf101_rescue/UCF-101/Diving/v_Diving_g01_c01.avi,data/backend_inputs/Diving_v_Diving_g01_c01/seed_42/rat_dp/rat_intermediate_merged.mp4,,,
E1,Diving_v_Diving_g01_c01,Diving,Shifted-RAT-fusion,1,20,183.367095882,data/ucf101_rescue/UCF-101/Diving/v_Diving_g01_c01.avi,data/backend_inputs/Diving_v_Diving_g01_c01/seed_42/rat_dp/rat_intermediate_merged.mp4,,,
E1,Diving_v_Diving_g01_c01,Diving,VideoMAE-only,1,20,183.367095882,data/ucf101_rescue/UCF-101/Diving/v_Diving_g01_c01.avi,data/backend_inputs/Diving_v_Diving_g01_c01/seed_42/rat_dp/rat_intermediate_merged.mp4,,,
E1,Diving_v_Diving_g01_c01,Diving,RAT+traj,2,20,183.367095882,data/ucf101_rescue/UCF-101/Diving/v_Diving_g01_c01.avi,data/backend_inputs/Diving_v_Diving_g01_c01/seed_42/rat_dp/rat_intermediate_merged.mp4,,,
E1,Diving_v_Diving_g01_c01,Diving,Motion-reference,2,20,183.367095882,data/ucf101_rescue/UCF-101/Diving/v_Diving_g01_c01.avi,data/backend_inputs/Diving_v_Diving_g01_c01/seed_42/rat_dp/rat_intermediate_merged.mp4,,,
E1,Diving_v_Diving_g01_c01,Diving,Random,2,20,183.367095882,data/ucf101_rescue/UCF-101/Diving/v_Diving_g01_c01.avi,data/backend_inputs/Diving_v_Diving_g01_c01/seed_42/rat_dp/rat_intermediate_merged.mp4,,,
E1,Diving_v_Diving_g01_c01,Diving,Shifted-RAT+traj,2,20,183.367095882,data/ucf101_rescue/UCF-101/Diving/v_Diving_g01_c01.avi,data/backend_inputs/Diving_v_Diving_g01_c01/seed_42/rat_dp/rat_intermediate_merged.mp4,,,
E1,Diving_v_Diving_g01_c01,Diving,RAT-fusion,2,20,183.367095882,data/ucf101_rescue/UCF-101/Diving/v_Diving_g01_c01.avi,data/backend_inputs/Diving_v_Diving_g01_c01/seed_42/rat_dp/rat_intermediate_merged.mp4,,,
E1,Diving_v_Diving_g01_c01,Diving,Shifted-RAT-fusion,2,20,183.367095882,data/ucf101_rescue/UCF-101/Diving/v_Diving_g01_c01.avi,data/backend_inputs/Diving_v_Diving_g01_c01/seed_42/rat_dp/rat_intermediate_merged.mp4,,,
E1,Diving_v_Diving_g01_c01,Diving,VideoMAE-only,2,20,183.367095882,data/ucf101_rescue/UCF-101/Diving/v_Diving_g01_c01.avi,data/backend_inputs/Diving_v_Diving_g01_c01/seed_42/rat_dp/rat_intermediate_merged.mp4,,,
E1,Diving_v_Diving_g01_c01,Diving,RAT+traj,3,20,183.367095882,data/ucf101_rescue/UCF-101/Diving/v_Diving_g01_c01.avi,data/backend_inputs/Diving_v_Diving_g01_c01/seed_42/rat_dp/rat_intermediate_merged.mp4,,,
E1,Diving_v_Diving_g01_c01,Diving,Motion-reference,3,20,183.367095882,data/ucf101_rescue/UCF-101/Diving/v_Diving_g01_c01.avi,data/backend_inputs/Diving_v_Diving_g01_c01/seed_42/rat_dp/rat_intermediate_merged.mp4,,,
E1,Diving_v_Diving_g01_c01,Diving,Random,3,20,183.367095882,data/ucf101_rescue/UCF-101/Diving/v_Diving_g01_c01.avi,data/backend_inputs/Diving_v_Diving_g01_c01/seed_42/rat_dp/rat_intermediate_merged.mp4,,,
E1,Diving_v_Diving_g01_c01,Diving,Shifted-RAT+traj,3,20,183.367095882,data/ucf101_rescue/UCF-101/Diving/v_Diving_g01_c01.avi,data/backend_inputs/Diving_v_Diving_g01_c01/seed_42/rat_dp/rat_intermediate_merged.mp4,,,
E1,Diving_v_Diving_g01_c01,Diving,RAT-fusion,3,20,183.367095882,data/ucf101_rescue/UCF-101/Diving/v_Diving_g01_c01.avi,data/backend_inputs/Diving_v_Diving_g01_c01/seed_42/rat_dp/rat_intermediate_merged.mp4,,,
E1,Diving_v_Diving_g01_c01,Diving,Shifted-RAT-fusion,3,20,183.367095882,data/ucf101_rescue/UCF-101/Diving/v_Diving_g01_c01.avi,data/backend_inputs/Diving_v_Diving_g01_c01/seed_42/rat_dp/rat_intermediate_merged.mp4,,,
E1,Diving_v_Diving_g01_c01,Diving,VideoMAE-only,3,20,183.367095882,data/ucf101_rescue/UCF-101/Diving/v_Diving_g01_c01.avi,data/backend_inputs/Diving_v_Diving_g01_c01/seed_42/rat_dp/rat_intermediate_merged.mp4,,,
E1,Diving_v_Diving_g01_c01,Diving,RAT+traj,4,20,183.367095882,data/ucf101_rescue/UCF-101/Diving/v_Diving_g01_c01.avi,data/backend_inputs/Diving_v_Diving_g01_c01/seed_42/rat_dp/rat_intermediate_merged.mp4,,,
E1,Diving_v_Diving_g01_c01,Diving,Motion-reference,4,20,183.367095882,data/ucf101_rescue/UCF-101/Diving/v_Diving_g01_c01.avi,data/backend_inputs/Diving_v_Diving_g01_c01/seed_42/rat_dp/rat_intermediate_merged.mp4,,,
E1,Diving_v_Diving_g01_c01,Diving,Random,4,20,183.367095882,data/ucf101_rescue/UCF-101/Diving/v_Diving_g01_c01.avi,data/backend_inputs/Diving_v_Diving_g01_c01/seed_42/rat_dp/rat_intermediate_merged.mp4,,,
E1,Diving_v_Diving_g01_c01,Diving,Shifted-RAT+traj,4,20,183.367095882,data/ucf101_rescue/UCF-101/Diving/v_Diving_g01_c01.avi,data/backend_inputs/Diving_v_Diving_g01_c01/seed_42/rat_dp/rat_intermediate_merged.mp4,,,
E1,Diving_v_Diving_g01_c01,Diving,RAT-fusion,4,20,183.367095882,data/ucf101_rescue/UCF-101/Diving/v_Diving_g01_c01.avi,data/backend_inputs/Diving_v_Diving_g01_c01/seed_42/rat_dp/rat_intermediate_merged.mp4,,,
E1,Diving_v_Diving_g01_c01,Diving,Shifted-RAT-fusion,4,20,183.367095882,data/ucf101_rescue/UCF-101/Diving/v_Diving_g01_c01.avi,data/backend_inputs/Diving_v_Diving_g01_c01/seed_42/rat_dp/rat_intermediate_merged.mp4,,,
E1,Diving_v_Diving_g01_c01,Diving,VideoMAE-only,4,20,183.367095882,data/ucf101_rescue/UCF-101/Diving/v_Diving_g01_c01.avi,data/backend_inputs/Diving_v_Diving_g01_c01/seed_42/rat_dp/rat_intermediate_merged.mp4,,,
E1,Diving_v_Diving_g01_c01,Diving,RAT+traj,5,20,183.367095882,data/ucf101_rescue/UCF-101/Diving/v_Diving_g01_c01.avi,data/backend_inputs/Diving_v_Diving_g01_c01/seed_42/rat_dp/rat_intermediate_merged.mp4,,,
E1,Diving_v_Diving_g01_c01,Diving,Motion-reference,5,20,183.367095882,data/ucf101_rescue/UCF-101/Diving/v_Diving_g01_c01.avi,data/backend_inputs/Diving_v_Diving_g01_c01/seed_42/rat_dp/rat_intermediate_merged.mp4,,,
E1,Diving_v_Diving_g01_c01,Diving,Random,5,20,183.367095882,data/ucf101_rescue/UCF-101/Diving/v_Diving_g01_c01.avi,data/backend_inputs/Diving_v_Diving_g01_c01/seed_42/rat_dp/rat_intermediate_merged.mp4,,,
E1,Diving_v_Diving_g01_c01,Diving,Shifted-RAT+traj,5,20,183.367095882,data/ucf101_rescue/UCF-101/Diving/v_Diving_g01_c01.avi,data/backend_inputs/Diving_v_Diving_g01_c01/seed_42/rat_dp/rat_intermediate_merged.mp4,,,
E1,Diving_v_Diving_g01_c01,Diving,RAT-fusion,5,20,183.367095882,data/ucf101_rescue/UCF-101/Diving/v_Diving_g01_c01.avi,data/backend_inputs/Diving_v_Diving_g01_c01/seed_42/rat_dp/rat_intermediate_merged.mp4,,,
E1,Diving_v_Diving_g01_c01,Diving,Shifted-RAT-fusion,5,20,183.367095882,data/ucf101_rescue/UCF-101/Diving/v_Diving_g01_c01.avi,data/backend_inputs/Diving_v_Diving_g01_c01/seed_42/rat_dp/rat_intermediate_merged.mp4,,,
E1,Diving_v_Diving_g01_c01,Diving,VideoMAE-only,5,20,183.367095882,data/ucf101_rescue/UCF-101/Diving/v_Diving_g01_c01.avi,data/backend_inputs/Diving_v_Diving_g01_c01/seed_42/rat_dp/rat_intermediate_merged.mp4,,,
E1,Diving_v_Diving_g01_c01,Diving,RAT+traj,6,20,183.367095882,data/ucf101_rescue/UCF-101/Diving/v_Diving_g01_c01.avi,data/backend_inputs/Diving_v_Diving_g01_c01/seed_42/rat_dp/rat_intermediate_merged.mp4,,,
E1,Diving_v_Diving_g01_c01,Diving,Motion-reference,6,20,183.367095882,data/ucf101_rescue/UCF-101/Diving/v_Diving_g01_c01.avi,data/backend_inputs/Diving_v_Diving_g01_c01/seed_42/rat_dp/rat_intermediate_merged.mp4,,,
E1,Diving_v_Diving_g01_c01,Diving,Random,6,20,183.367095882,data/ucf101_rescue/UCF-101/Diving/v_Diving_g01_c01.avi,data/backend_inputs/Diving_v_Diving_g01_c01/seed_42/rat_dp/rat_intermediate_merged.mp4,,,
E1,Diving_v_Diving_g01_c01,Diving,Shifted-RAT+traj,6,20,183.367095882,data/ucf101_rescue/UCF-101/Diving/v_Diving_g01_c01.avi,data/backend_inputs/Diving_v_Diving_g01_c01/seed_42/rat_dp/rat_intermediate_merged.mp4,,,
E1,Diving_v_Diving_g01_c01,Diving,RAT-fusion,6,20,183.367095882,data/ucf101_rescue/UCF-101/Diving/v_Diving_g01_c01.avi,data/backend_inputs/Diving_v_Diving_g01_c01/seed_42/rat_dp/rat_intermediate_merged.mp4,,,
E1,Diving_v_Diving_g01_c01,Diving,Shifted-RAT-fusion,6,20,183.367095882,data/ucf101_rescue/UCF-101/Diving/v_Diving_g01_c01.avi,data/backend_inputs/Diving_v_Diving_g01_c01/seed_42/rat_dp/rat_intermediate_merged.mp4,,,
E1,Diving_v_Diving_g01_c01,Diving,VideoMAE-only,6,20,183.367095882,data/ucf101_rescue/UCF-101/Diving/v_Diving_g01_c01.avi,data/backend_inputs/Diving_v_Diving_g01_c01/seed_42/rat_dp/rat_intermediate_merged.mp4,,,
E1,Diving_v_Diving_g01_c01,Diving,RAT+traj,7,20,183.367095882,data/ucf101_rescue/UCF-101/Diving/v_Diving_g01_c01.avi,data/backend_inputs/Diving_v_Diving_g01_c01/seed_42/rat_dp/rat_intermediate_merged.mp4,,,
E1,Diving_v_Diving_g01_c01,Diving,Motion-reference,7,20,183.367095882,data/ucf101_rescue/UCF-101/Diving/v_Diving_g01_c01.avi,data/backend_inputs/Diving_v_Diving_g01_c01/seed_42/rat_dp/rat_intermediate_merged.mp4,,,
E1,Diving_v_Diving_g01_c01,Diving,Random,7,20,183.367095882,data/ucf101_rescue/UCF-101/Diving/v_Diving_g01_c01.avi,data/backend_inputs/Diving_v_Diving_g01_c01/seed_42/rat_dp/rat_intermediate_merged.mp4,,,
E1,Diving_v_Diving_g01_c01,Diving,Shifted-RAT+traj,7,20,183.367095882,data/ucf101_rescue/UCF-101/Diving/v_Diving_g01_c01.avi,data/backend_inputs/Diving_v_Diving_g01_c01/seed_42/rat_dp/rat_intermediate_merged.mp4,,,
E1,Diving_v_Diving_g01_c01,Diving,RAT-fusion,7,20,183.367095882,data/ucf101_rescue/UCF-101/Diving/v_Diving_g01_c01.avi,data/backend_inputs/Diving_v_Diving_g01_c01/seed_42/rat_dp/rat_intermediate_merged.mp4,,,
E1,Diving_v_Diving_g01_c01,Diving,Shifted-RAT-fusion,7,20,183.367095882,data/ucf101_rescue/UCF-101/Diving/v_Diving_g01_c01.avi,data/backend_inputs/Diving_v_Diving_g01_c01/seed_42/rat_dp/rat_intermediate_merged.mp4,,,
E1,Diving_v_Diving_g01_c01,Diving,VideoMAE-only,7,20,183.367095882,data/ucf101_rescue/UCF-101/Diving/v_Diving_g01_c01.avi,data/backend_inputs/Diving_v_Diving_g01_c01/seed_42/rat_dp/rat_intermediate_merged.mp4,,,
E1,Diving_v_Diving_g01_c01,Diving,RAT+traj,8,20,183.367095882,data/ucf101_rescue/UCF-101/Diving/v_Diving_g01_c01.avi,data/backend_inputs/Diving_v_Diving_g01_c01/seed_42/rat_dp/rat_intermediate_merged.mp4,,,
E1,Diving_v_Diving_g01_c01,Diving,Motion-reference,8,20,183.367095882,data/ucf101_rescue/UCF-101/Diving/v_Diving_g01_c01.avi,data/backend_inputs/Diving_v_Diving_g01_c01/seed_42/rat_dp/rat_intermediate_merged.mp4,,,
E1,Diving_v_Diving_g01_c01,Diving,Random,8,20,183.367095882,data/ucf101_rescue/UCF-101/Diving/v_Diving_g01_c01.avi,data/backend_inputs/Diving_v_Diving_g01_c01/seed_42/rat_dp/rat_intermediate_merged.mp4,,,
E1,Diving_v_Diving_g01_c01,Diving,Shifted-RAT+traj,8,20,183.367095882,data/ucf101_rescue/UCF-101/Diving/v_Diving_g01_c01.avi,data/backend_inputs/Diving_v_Diving_g01_c01/seed_42/rat_dp/rat_intermediate_merged.mp4,,,
E1,Diving_v_Diving_g01_c01,Diving,RAT-fusion,8,20,183.367095882,data/ucf101_rescue/UCF-101/Diving/v_Diving_g01_c01.avi,data/backend_inputs/Diving_v_Diving_g01_c01/seed_42/rat_dp/rat_intermediate_merged.mp4,,,
E1,Diving_v_Diving_g01_c01,Diving,Shifted-RAT-fusion,8,20,183.367095882,data/ucf101_rescue/UCF-101/Diving/v_Diving_g01_c01.avi,data/backend_inputs/Diving_v_Diving_g01_c01/seed_42/rat_dp/rat_intermediate_merged.mp4,,,
E1,Diving_v_Diving_g01_c01,Diving,VideoMAE-only,8,20,183.367095882,data/ucf101_rescue/UCF-101/Diving/v_Diving_g01_c01.avi,data/backend_inputs/Diving_v_Diving_g01_c01/seed_42/rat_dp/rat_intermediate_merged.mp4,,,
E1,Diving_v_Diving_g01_c01,Diving,RAT+traj,42,20,183.367095882,data/ucf101_rescue/UCF-101/Diving/v_Diving_g01_c01.avi,data/backend_inputs/Diving_v_Diving_g01_c01/seed_42/rat_dp/rat_intermediate_merged.mp4,,,
E1,Diving_v_Diving_g01_c01,Diving,Motion-reference,42,20,183.367095882,data/ucf101_rescue/UCF-101/Diving/v_Diving_g01_c01.avi,data/backend_inputs/Diving_v_Diving_g01_c01/seed_42/rat_dp/rat_intermediate_merged.mp4,,,
E1,Diving_v_Diving_g01_c01,Diving,Random,42,20,183.367095882,data/ucf101_rescue/UCF-101/Diving/v_Diving_g01_c01.avi,data/backend_inputs/Diving_v_Diving_g01_c01/seed_42/rat_dp/rat_intermediate_merged.mp4,,,
E1,Diving_v_Diving_g01_c01,Diving,Shifted-RAT+traj,42,20,183.367095882,data/ucf101_rescue/UCF-101/Diving/v_Diving_g01_c01.avi,data/backend_inputs/Diving_v_Diving_g01_c01/seed_42/rat_dp/rat_intermediate_merged.mp4,,,
E1,Diving_v_Diving_g01_c01,Diving,RAT-fusion,42,20,183.367095882,data/ucf101_rescue/UCF-101/Diving/v_Diving_g01_c01.avi,data/backend_inputs/Diving_v_Diving_g01_c01/seed_42/rat_dp/rat_intermediate_merged.mp4,,,
E1,Diving_v_Diving_g01_c01,Diving,Shifted-RAT-fusion,42,20,183.367095882,data/ucf101_rescue/UCF-101/Diving/v_Diving_g01_c01.avi,data/backend_inputs/Diving_v_Diving_g01_c01/seed_42/rat_dp/rat_intermediate_merged.mp4,,,
E1,Diving_v_Diving_g01_c01,Diving,VideoMAE-only,42,20,183.367095882,data/ucf101_rescue/UCF-101/Diving/v_Diving_g01_c01.avi,data/backend_inputs/Diving_v_Diving_g01_c01/seed_42/rat_dp/rat_intermediate_merged.mp4,,,
E1,Diving_v_Diving_g02_c01,Diving,RAT+traj,0,20,131.893661218,data/ucf101_rescue/UCF-101/Diving/v_Diving_g02_c01.avi,data/backend_inputs/Diving_v_Diving_g02_c01/seed_42/rat_dp/rat_intermediate_merged.mp4,,,
E1,Diving_v_Diving_g02_c01,Diving,Motion-reference,0,20,131.893661218,data/ucf101_rescue/UCF-101/Diving/v_Diving_g02_c01.avi,data/backend_inputs/Diving_v_Diving_g02_c01/seed_42/rat_dp/rat_intermediate_merged.mp4,,,
E1,Diving_v_Diving_g02_c01,Diving,Random,0,20,131.893661218,data/ucf101_rescue/UCF-101/Diving/v_Diving_g02_c01.avi,data/backend_inputs/Diving_v_Diving_g02_c01/seed_42/rat_dp/rat_intermediate_merged.mp4,,,
E1,Diving_v_Diving_g02_c01,Diving,Shifted-RAT+traj,0,20,131.893661218,data/ucf101_rescue/UCF-101/Diving/v_Diving_g02_c01.avi,data/backend_inputs/Diving_v_Diving_g02_c01/seed_42/rat_dp/rat_intermediate_merged.mp4,,,
E1,Diving_v_Diving_g02_c01,Diving,RAT-fusion,0,20,131.893661218,data/ucf101_rescue/UCF-101/Diving/v_Diving_g02_c01.avi,data/backend_inputs/Diving_v_Diving_g02_c01/seed_42/rat_dp/rat_intermediate_merged.mp4,,,
E1,Diving_v_Diving_g02_c01,Diving,Shifted-RAT-fusion,0,20,131.893661218,data/ucf101_rescue/UCF-101/Diving/v_Diving_g02_c01.avi,data/backend_inputs/Diving_v_Diving_g02_c01/seed_42/rat_dp/rat_intermediate_merged.mp4,,,
E1,Diving_v_Diving_g02_c01,Diving,VideoMAE-only,0,20,131.893661218,data/ucf101_rescue/UCF-101/Diving/v_Diving_g02_c01.avi,data/backend_inputs/Diving_v_Diving_g02_c01/seed_42/rat_dp/rat_intermediate_merged.mp4,,,
E1,Diving_v_Diving_g02_c01,Diving,RAT+traj,1,20,131.893661218,data/ucf101_rescue/UCF-101/Diving/v_Diving_g02_c01.avi,data/backend_inputs/Diving_v_Diving_g02_c01/seed_42/rat_dp/rat_intermediate_merged.mp4,,,
E1,Diving_v_Diving_g02_c01,Diving,Motion-reference,1,20,131.893661218,data/ucf101_rescue/UCF-101/Diving/v_Diving_g02_c01.avi,data/backend_inputs/Diving_v_Diving_g02_c01/seed_42/rat_dp/rat_intermediate_merged.mp4,,,
E1,Diving_v_Diving_g02_c01,Diving,Random,1,20,131.893661218,data/ucf101_rescue/UCF-101/Diving/v_Diving_g02_c01.avi,data/backend_inputs/Diving_v_Diving_g02_c01/seed_42/rat_dp/rat_intermediate_merged.mp4,,,
E1,Diving_v_Diving_g02_c01,Diving,Shifted-RAT+traj,1,20,131.893661218,data/ucf101_rescue/UCF-101/Diving/v_Diving_g02_c01.avi,data/backend_inputs/Diving_v_Diving_g02_c01/seed_42/rat_dp/rat_intermediate_merged.mp4,,,
E1,Diving_v_Diving_g02_c01,Diving,RAT-fusion,1,20,131.893661218,data/ucf101_rescue/UCF-101/Diving/v_Diving_g02_c01.avi,data/backend_inputs/Diving_v_Diving_g02_c01/seed_42/rat_dp/rat_intermediate_merged.mp4,,,
E1,Diving_v_Diving_g02_c01,Diving,Shifted-RAT-fusion,1,20,131.893661218,data/ucf101_rescue/UCF-101/Diving/v_Diving_g02_c01.avi,data/backend_inputs/Diving_v_Diving_g02_c01/seed_42/rat_dp/rat_intermediate_merged.mp4,,,
E1,Diving_v_Diving_g02_c01,Diving,VideoMAE-only,1,20,131.893661218,data/ucf101_rescue/UCF-101/Diving/v_Diving_g02_c01.avi,data/backend_inputs/Diving_v_Diving_g02_c01/seed_42/rat_dp/rat_intermediate_merged.mp4,,,
E1,Diving_v_Diving_g02_c01,Diving,RAT+traj,2,20,131.893661218,data/ucf101_rescue/UCF-101/Diving/v_Diving_g02_c01.avi,data/backend_inputs/Diving_v_Diving_g02_c01/seed_42/rat_dp/rat_intermediate_merged.mp4,,,
E1,Diving_v_Diving_g02_c01,Diving,Motion-reference,2,20,131.893661218,data/ucf101_rescue/UCF-101/Diving/v_Diving_g02_c01.avi,data/backend_inputs/Diving_v_Diving_g02_c01/seed_42/rat_dp/rat_intermediate_merged.mp4,,,
E1,Diving_v_Diving_g02_c01,Diving,Random,2,20,131.893661218,data/ucf101_rescue/UCF-101/Diving/v_Diving_g02_c01.avi,data/backend_inputs/Diving_v_Diving_g02_c01/seed_42/rat_dp/rat_intermediate_merged.mp4,,,
E1,Diving_v_Diving_g02_c01,Diving,Shifted-RAT+traj,2,20,131.893661218,data/ucf101_rescue/UCF-101/Diving/v_Diving_g02_c01.avi,data/backend_inputs/Diving_v_Diving_g02_c01/seed_42/rat_dp/rat_intermediate_merged.mp4,,,
E1,Diving_v_Diving_g02_c01,Diving,RAT-fusion,2,20,131.893661218,data/ucf101_rescue/UCF-101/Diving/v_Diving_g02_c01.avi,data/backend_inputs/Diving_v_Diving_g02_c01/seed_42/rat_dp/rat_intermediate_merged.mp4,,,
E1,Diving_v_Diving_g02_c01,Diving,Shifted-RAT-fusion,2,20,131.893661218,data/ucf101_rescue/UCF-101/Diving/v_Diving_g02_c01.avi,data/backend_inputs/Diving_v_Diving_g02_c01/seed_42/rat_dp/rat_intermediate_merged.mp4,,,
E1,Diving_v_Diving_g02_c01,Diving,VideoMAE-only,2,20,131.893661218,data/ucf101_rescue/UCF-101/Diving/v_Diving_g02_c01.avi,data/backend_inputs/Diving_v_Diving_g02_c01/seed_42/rat_dp/rat_intermediate_merged.mp4,,,
E1,Diving_v_Diving_g02_c01,Diving,RAT+traj,3,20,131.893661218,data/ucf101_rescue/UCF-101/Diving/v_Diving_g02_c01.avi,data/backend_inputs/Diving_v_Diving_g02_c01/seed_42/rat_dp/rat_intermediate_merged.mp4,,,
E1,Diving_v_Diving_g02_c01,Diving,Motion-reference,3,20,131.893661218,data/ucf101_rescue/UCF-101/Diving/v_Diving_g02_c01.avi,data/backend_inputs/Diving_v_Diving_g02_c01/seed_42/rat_dp/rat_intermediate_merged.mp4,,,
E1,Diving_v_Diving_g02_c01,Diving,Random,3,20,131.893661218,data/ucf101_rescue/UCF-101/Diving/v_Diving_g02_c01.avi,data/backend_inputs/Diving_v_Diving_g02_c01/seed_42/rat_dp/rat_intermediate_merged.mp4,,,
E1,Diving_v_Diving_g02_c01,Diving,Shifted-RAT+traj,3,20,131.893661218,data/ucf101_rescue/UCF-101/Diving/v_Diving_g02_c01.avi,data/backend_inputs/Diving_v_Diving_g02_c01/seed_42/rat_dp/rat_intermediate_merged.mp4,,,
E1,Diving_v_Diving_g02_c01,Diving,RAT-fusion,3,20,131.893661218,data/ucf101_rescue/UCF-101/Diving/v_Diving_g02_c01.avi,data/backend_inputs/Diving_v_Diving_g02_c01/seed_42/rat_dp/rat_intermediate_merged.mp4,,,
E1,Diving_v_Diving_g02_c01,Diving,Shifted-RAT-fusion,3,20,131.893661218,data/ucf101_rescue/UCF-101/Diving/v_Diving_g02_c01.avi,data/backend_inputs/Diving_v_Diving_g02_c01/seed_42/rat_dp/rat_intermediate_merged.mp4,,,
E1,Diving_v_Diving_g02_c01,Diving,VideoMAE-only,3,20,131.893661218,data/ucf101_rescue/UCF-101/Diving/v_Diving_g02_c01.avi,data/backend_inputs/Diving_v_Diving_g02_c01/seed_42/rat_dp/rat_intermediate_merged.mp4,,,
E1,Diving_v_Diving_g02_c01,Diving,RAT+traj,4,20,131.893661218,data/ucf101_rescue/UCF-101/Diving/v_Diving_g02_c01.avi,data/backend_inputs/Diving_v_Diving_g02_c01/seed_42/rat_dp/rat_intermediate_merged.mp4,,,
E1,Diving_v_Diving_g02_c01,Diving,Motion-reference,4,20,131.893661218,data/ucf101_rescue/UCF-101/Diving/v_Diving_g02_c01.avi,data/backend_inputs/Diving_v_Diving_g02_c01/seed_42/rat_dp/rat_intermediate_merged.mp4,,,
E1,Diving_v_Diving_g02_c01,Diving,Random,4,20,131.893661218,data/ucf101_rescue/UCF-101/Diving/v_Diving_g02_c01.avi,data/backend_inputs/Diving_v_Diving_g02_c01/seed_42/rat_dp/rat_intermediate_merged.mp4,,,
E1,Diving_v_Diving_g02_c01,Diving,Shifted-RAT+traj,4,20,131.893661218,data/ucf101_rescue/UCF-101/Diving/v_Diving_g02_c01.avi,data/backend_inputs/Diving_v_Diving_g02_c01/seed_42/rat_dp/rat_intermediate_merged.mp4,,,
E1,Diving_v_Diving_g02_c01,Diving,RAT-fusion,4,20,131.893661218,data/ucf101_rescue/UCF-101/Diving/v_Diving_g02_c01.avi,data/backend_inputs/Diving_v_Diving_g02_c01/seed_42/rat_dp/rat_intermediate_merged.mp4,,,
E1,Diving_v_Diving_g02_c01,Diving,Shifted-RAT-fusion,4,20,131.893661218,data/ucf101_rescue/UCF-101/Diving/v_Diving_g02_c01.avi,data/backend_inputs/Diving_v_Diving_g02_c01/seed_42/rat_dp/rat_intermediate_merged.mp4,,,
E1,Diving_v_Diving_g02_c01,Diving,VideoMAE-only,4,20,131.893661218,data/ucf101_rescue/UCF-101/Diving/v_Diving_g02_c01.avi,data/backend_inputs/Diving_v_Diving_g02_c01/seed_42/rat_dp/rat_intermediate_merged.mp4,,,
E1,Diving_v_Diving_g02_c01,Diving,RAT+traj,5,20,131.893661218,data/ucf101_rescue/UCF-101/Diving/v_Diving_g02_c01.avi,data/backend_inputs/Diving_v_Diving_g02_c01/seed_42/rat_dp/rat_intermediate_merged.mp4,,,
E1,Diving_v_Diving_g02_c01,Diving,Motion-reference,5,20,131.893661218,data/ucf101_rescue/UCF-101/Diving/v_Diving_g02_c01.avi,data/backend_inputs/Diving_v_Diving_g02_c01/seed_42/rat_dp/rat_intermediate_merged.mp4,,,
E1,Diving_v_Diving_g02_c01,Diving,Random,5,20,131.893661218,data/ucf101_rescue/UCF-101/Diving/v_Diving_g02_c01.avi,data/backend_inputs/Diving_v_Diving_g02_c01/seed_42/rat_dp/rat_intermediate_merged.mp4,,,
E1,Diving_v_Diving_g02_c01,Diving,Shifted-RAT+traj,5,20,131.893661218,data/ucf101_rescue/UCF-101/Diving/v_Diving_g02_c01.avi,data/backend_inputs/Diving_v_Diving_g02_c01/seed_42/rat_dp/rat_intermediate_merged.mp4,,,
E1,Diving_v_Diving_g02_c01,Diving,RAT-fusion,5,20,131.893661218,data/ucf101_rescue/UCF-101/Diving/v_Diving_g02_c01.avi,data/backend_inputs/Diving_v_Diving_g02_c01/seed_42/rat_dp/rat_intermediate_merged.mp4,,,
E1,Diving_v_Diving_g02_c01,Diving,Shifted-RAT-fusion,5,20,131.893661218,data/ucf101_rescue/UCF-101/Diving/v_Diving_g02_c01.avi,data/backend_inputs/Diving_v_Diving_g02_c01/seed_42/rat_dp/rat_intermediate_merged.mp4,,,
E1,Diving_v_Diving_g02_c01,Diving,VideoMAE-only,5,20,131.893661218,data/ucf101_rescue/UCF-101/Diving/v_Diving_g02_c01.avi,data/backend_inputs/Diving_v_Diving_g02_c01/seed_42/rat_dp/rat_intermediate_merged.mp4,,,
E1,Diving_v_Diving_g02_c01,Diving,RAT+traj,6,20,131.893661218,data/ucf101_rescue/UCF-101/Diving/v_Diving_g02_c01.avi,data/backend_inputs/Diving_v_Diving_g02_c01/seed_42/rat_dp/rat_intermediate_merged.mp4,,,
E1,Diving_v_Diving_g02_c01,Diving,Motion-reference,6,20,131.893661218,data/ucf101_rescue/UCF-101/Diving/v_Diving_g02_c01.avi,data/backend_inputs/Diving_v_Diving_g02_c01/seed_42/rat_dp/rat_intermediate_merged.mp4,,,
E1,Diving_v_Diving_g02_c01,Diving,Random,6,20,131.893661218,data/ucf101_rescue/UCF-101/Diving/v_Diving_g02_c01.avi,data/backend_inputs/Diving_v_Diving_g02_c01/seed_42/rat_dp/rat_intermediate_merged.mp4,,,
E1,Diving_v_Diving_g02_c01,Diving,Shifted-RAT+traj,6,20,131.893661218,data/ucf101_rescue/UCF-101/Diving/v_Diving_g02_c01.avi,data/backend_inputs/Diving_v_Diving_g02_c01/seed_42/rat_dp/rat_intermediate_merged.mp4,,,
E1,Diving_v_Diving_g02_c01,Diving,RAT-fusion,6,20,131.893661218,data/ucf101_rescue/UCF-101/Diving/v_Diving_g02_c01.avi,data/backend_inputs/Diving_v_Diving_g02_c01/seed_42/rat_dp/rat_intermediate_merged.mp4,,,
E1,Diving_v_Diving_g02_c01,Diving,Shifted-RAT-fusion,6,20,131.893661218,data/ucf101_rescue/UCF-101/Diving/v_Diving_g02_c01.avi,data/backend_inputs/Diving_v_Diving_g02_c01/seed_42/rat_dp/rat_intermediate_merged.mp4,,,
E1,Diving_v_Diving_g02_c01,Diving,VideoMAE-only,6,20,131.893661218,data/ucf101_rescue/UCF-101/Diving/v_Diving_g02_c01.avi,data/backend_inputs/Diving_v_Diving_g02_c01/seed_42/rat_dp/rat_intermediate_merged.mp4,,,
E1,Diving_v_Diving_g02_c01,Diving,RAT+traj,7,20,131.893661218,data/ucf101_rescue/UCF-101/Diving/v_Diving_g02_c01.avi,data/backend_inputs/Diving_v_Diving_g02_c01/seed_42/rat_dp/rat_intermediate_merged.mp4,,,
E1,Diving_v_Diving_g02_c01,Diving,Motion-reference,7,20,131.893661218,data/ucf101_rescue/UCF-101/Diving/v_Diving_g02_c01.avi,data/backend_inputs/Diving_v_Diving_g02_c01/seed_42/rat_dp/rat_intermediate_merged.mp4,,,
E1,Diving_v_Diving_g02_c01,Diving,Random,7,20,131.893661218,data/ucf101_rescue/UCF-101/Diving/v_Diving_g02_c01.avi,data/backend_inputs/Diving_v_Diving_g02_c01/seed_42/rat_dp/rat_intermediate_merged.mp4,,,
E1,Diving_v_Diving_g02_c01,Diving,Shifted-RAT+traj,7,20,131.893661218,data/ucf101_rescue/UCF-101/Diving/v_Diving_g02_c01.avi,data/backend_inputs/Diving_v_Diving_g02_c01/seed_42/rat_dp/rat_intermediate_merged.mp4,,,
E1,Diving_v_Diving_g02_c01,Diving,RAT-fusion,7,20,131.893661218,data/ucf101_rescue/UCF-101/Diving/v_Diving_g02_c01.avi,data/backend_inputs/Diving_v_Diving_g02_c01/seed_42/rat_dp/rat_intermediate_merged.mp4,,,
E1,Diving_v_Diving_g02_c01,Diving,Shifted-RAT-fusion,7,20,131.893661218,data/ucf101_rescue/UCF-101/Diving/v_Diving_g02_c01.avi,data/backend_inputs/Diving_v_Diving_g02_c01/seed_42/rat_dp/rat_intermediate_merged.mp4,,,
E1,Diving_v_Diving_g02_c01,Diving,VideoMAE-only,7,20,131.893661218,data/ucf101_rescue/UCF-101/Diving/v_Diving_g02_c01.avi,data/backend_inputs/Diving_v_Diving_g02_c01/seed_42/rat_dp/rat_intermediate_merged.mp4,,,
E1,Diving_v_Diving_g02_c01,Diving,RAT+traj,8,20,131.893661218,data/ucf101_rescue/UCF-101/Diving/v_Diving_g02_c01.avi,data/backend_inputs/Diving_v_Diving_g02_c01/seed_42/rat_dp/rat_intermediate_merged.mp4,,,
E1,Diving_v_Diving_g02_c01,Diving,Motion-reference,8,20,131.893661218,data/ucf101_rescue/UCF-101/Diving/v_Diving_g02_c01.avi,data/backend_inputs/Diving_v_Diving_g02_c01/seed_42/rat_dp/rat_intermediate_merged.mp4,,,
E1,Diving_v_Diving_g02_c01,Diving,Random,8,20,131.893661218,data/ucf101_rescue/UCF-101/Diving/v_Diving_g02_c01.avi,data/backend_inputs/Diving_v_Diving_g02_c01/seed_42/rat_dp/rat_intermediate_merged.mp4,,,
E1,Diving_v_Diving_g02_c01,Diving,Shifted-RAT+traj,8,20,131.893661218,data/ucf101_rescue/UCF-101/Diving/v_Diving_g02_c01.avi,data/backend_inputs/Diving_v_Diving_g02_c01/seed_42/rat_dp/rat_intermediate_merged.mp4,,,
E1,Diving_v_Diving_g02_c01,Diving,RAT-fusion,8,20,131.893661218,data/ucf101_rescue/UCF-101/Diving/v_Diving_g02_c01.avi,data/backend_inputs/Diving_v_Diving_g02_c01/seed_42/rat_dp/rat_intermediate_merged.mp4,,,
E1,Diving_v_Diving_g02_c01,Diving,Shifted-RAT-fusion,8,20,131.893661218,data/ucf101_rescue/UCF-101/Diving/v_Diving_g02_c01.avi,data/backend_inputs/Diving_v_Diving_g02_c01/seed_42/rat_dp/rat_intermediate_merged.mp4,,,
E1,Diving_v_Diving_g02_c01,Diving,VideoMAE-only,8,20,131.893661218,data/ucf101_rescue/UCF-101/Diving/v_Diving_g02_c01.avi,data/backend_inputs/Diving_v_Diving_g02_c01/seed_42/rat_dp/rat_intermediate_merged.mp4,,,
E1,Diving_v_Diving_g02_c01,Diving,RAT+traj,42,20,131.893661218,data/ucf101_rescue/UCF-101/Diving/v_Diving_g02_c01.avi,data/backend_inputs/Diving_v_Diving_g02_c01/seed_42/rat_dp/rat_intermediate_merged.mp4,,,
E1,Diving_v_Diving_g02_c01,Diving,Motion-reference,42,20,131.893661218,data/ucf101_rescue/UCF-101/Diving/v_Diving_g02_c01.avi,data/backend_inputs/Diving_v_Diving_g02_c01/seed_42/rat_dp/rat_intermediate_merged.mp4,,,
E1,Diving_v_Diving_g02_c01,Diving,Random,42,20,131.893661218,data/ucf101_rescue/UCF-101/Diving/v_Diving_g02_c01.avi,data/backend_inputs/Diving_v_Diving_g02_c01/seed_42/rat_dp/rat_intermediate_merged.mp4,,,
E1,Diving_v_Diving_g02_c01,Diving,Shifted-RAT+traj,42,20,131.893661218,data/ucf101_rescue/UCF-101/Diving/v_Diving_g02_c01.avi,data/backend_inputs/Diving_v_Diving_g02_c01/seed_42/rat_dp/rat_intermediate_merged.mp4,,,
E1,Diving_v_Diving_g02_c01,Diving,RAT-fusion,42,20,131.893661218,data/ucf101_rescue/UCF-101/Diving/v_Diving_g02_c01.avi,data/backend_inputs/Diving_v_Diving_g02_c01/seed_42/rat_dp/rat_intermediate_merged.mp4,,,
E1,Diving_v_Diving_g02_c01,Diving,Shifted-RAT-fusion,42,20,131.893661218,data/ucf101_rescue/UCF-101/Diving/v_Diving_g02_c01.avi,data/backend_inputs/Diving_v_Diving_g02_c01/seed_42/rat_dp/rat_intermediate_merged.mp4,,,
E1,Diving_v_Diving_g02_c01,Diving,VideoMAE-only,42,20,131.893661218,data/ucf101_rescue/UCF-101/Diving/v_Diving_g02_c01.avi,data/backend_inputs/Diving_v_Diving_g02_c01/seed_42/rat_dp/rat_intermediate_merged.mp4,,,
E1,Diving_v_Diving_g03_c01,Diving,RAT+traj,0,20,157.053755300,data/ucf101_rescue/UCF-101/Diving/v_Diving_g03_c01.avi,data/backend_inputs/Diving_v_Diving_g03_c01/seed_42/rat_dp/rat_intermediate_merged.mp4,,,
E1,Diving_v_Diving_g03_c01,Diving,Motion-reference,0,20,157.053755300,data/ucf101_rescue/UCF-101/Diving/v_Diving_g03_c01.avi,data/backend_inputs/Diving_v_Diving_g03_c01/seed_42/rat_dp/rat_intermediate_merged.mp4,,,
E1,Diving_v_Diving_g03_c01,Diving,Random,0,20,157.053755300,data/ucf101_rescue/UCF-101/Diving/v_Diving_g03_c01.avi,data/backend_inputs/Diving_v_Diving_g03_c01/seed_42/rat_dp/rat_intermediate_merged.mp4,,,
E1,Diving_v_Diving_g03_c01,Diving,Shifted-RAT+traj,0,20,157.053755300,data/ucf101_rescue/UCF-101/Diving/v_Diving_g03_c01.avi,data/backend_inputs/Diving_v_Diving_g03_c01/seed_42/rat_dp/rat_intermediate_merged.mp4,,,
E1,Diving_v_Diving_g03_c01,Diving,RAT-fusion,0,20,157.053755300,data/ucf101_rescue/UCF-101/Diving/v_Diving_g03_c01.avi,data/backend_inputs/Diving_v_Diving_g03_c01/seed_42/rat_dp/rat_intermediate_merged.mp4,,,
E1,Diving_v_Diving_g03_c01,Diving,Shifted-RAT-fusion,0,20,157.053755300,data/ucf101_rescue/UCF-101/Diving/v_Diving_g03_c01.avi,data/backend_inputs/Diving_v_Diving_g03_c01/seed_42/rat_dp/rat_intermediate_merged.mp4,,,
E1,Diving_v_Diving_g03_c01,Diving,VideoMAE-only,0,20,157.053755300,data/ucf101_rescue/UCF-101/Diving/v_Diving_g03_c01.avi,data/backend_inputs/Diving_v_Diving_g03_c01/seed_42/rat_dp/rat_intermediate_merged.mp4,,,
E1,Diving_v_Diving_g03_c01,Diving,RAT+traj,1,20,157.053755300,data/ucf101_rescue/UCF-101/Diving/v_Diving_g03_c01.avi,data/backend_inputs/Diving_v_Diving_g03_c01/seed_42/rat_dp/rat_intermediate_merged.mp4,,,
E1,Diving_v_Diving_g03_c01,Diving,Motion-reference,1,20,157.053755300,data/ucf101_rescue/UCF-101/Diving/v_Diving_g03_c01.avi,data/backend_inputs/Diving_v_Diving_g03_c01/seed_42/rat_dp/rat_intermediate_merged.mp4,,,
E1,Diving_v_Diving_g03_c01,Diving,Random,1,20,157.053755300,data/ucf101_rescue/UCF-101/Diving/v_Diving_g03_c01.avi,data/backend_inputs/Diving_v_Diving_g03_c01/seed_42/rat_dp/rat_intermediate_merged.mp4,,,
E1,Diving_v_Diving_g03_c01,Diving,Shifted-RAT+traj,1,20,157.053755300,data/ucf101_rescue/UCF-101/Diving/v_Diving_g03_c01.avi,data/backend_inputs/Diving_v_Diving_g03_c01/seed_42/rat_dp/rat_intermediate_merged.mp4,,,
E1,Diving_v_Diving_g03_c01,Diving,RAT-fusion,1,20,157.053755300,data/ucf101_rescue/UCF-101/Diving/v_Diving_g03_c01.avi,data/backend_inputs/Diving_v_Diving_g03_c01/seed_42/rat_dp/rat_intermediate_merged.mp4,,,
E1,Diving_v_Diving_g03_c01,Diving,Shifted-RAT-fusion,1,20,157.053755300,data/ucf101_rescue/UCF-101/Diving/v_Diving_g03_c01.avi,data/backend_inputs/Diving_v_Diving_g03_c01/seed_42/rat_dp/rat_intermediate_merged.mp4,,,
E1,Diving_v_Diving_g03_c01,Diving,VideoMAE-only,1,20,157.053755300,data/ucf101_rescue/UCF-101/Diving/v_Diving_g03_c01.avi,data/backend_inputs/Diving_v_Diving_g03_c01/seed_42/rat_dp/rat_intermediate_merged.mp4,,,
E1,Diving_v_Diving_g03_c01,Diving,RAT+traj,2,20,157.053755300,data/ucf101_rescue/UCF-101/Diving/v_Diving_g03_c01.avi,data/backend_inputs/Diving_v_Diving_g03_c01/seed_42/rat_dp/rat_intermediate_merged.mp4,,,
E1,Diving_v_Diving_g03_c01,Diving,Motion-reference,2,20,157.053755300,data/ucf101_rescue/UCF-101/Diving/v_Diving_g03_c01.avi,data/backend_inputs/Diving_v_Diving_g03_c01/seed_42/rat_dp/rat_intermediate_merged.mp4,,,
E1,Diving_v_Diving_g03_c01,Diving,Random,2,20,157.053755300,data/ucf101_rescue/UCF-101/Diving/v_Diving_g03_c01.avi,data/backend_inputs/Diving_v_Diving_g03_c01/seed_42/rat_dp/rat_intermediate_merged.mp4,,,
E1,Diving_v_Diving_g03_c01,Diving,Shifted-RAT+traj,2,20,157.053755300,data/ucf101_rescue/UCF-101/Diving/v_Diving_g03_c01.avi,data/backend_inputs/Diving_v_Diving_g03_c01/seed_42/rat_dp/rat_intermediate_merged.mp4,,,
E1,Diving_v_Diving_g03_c01,Diving,RAT-fusion,2,20,157.053755300,data/ucf101_rescue/UCF-101/Diving/v_Diving_g03_c01.avi,data/backend_inputs/Diving_v_Diving_g03_c01/seed_42/rat_dp/rat_intermediate_merged.mp4,,,
E1,Diving_v_Diving_g03_c01,Diving,Shifted-RAT-fusion,2,20,157.053755300,data/ucf101_rescue/UCF-101/Diving/v_Diving_g03_c01.avi,data/backend_inputs/Diving_v_Diving_g03_c01/seed_42/rat_dp/rat_intermediate_merged.mp4,,,
E1,Diving_v_Diving_g03_c01,Diving,VideoMAE-only,2,20,157.053755300,data/ucf101_rescue/UCF-101/Diving/v_Diving_g03_c01.avi,data/backend_inputs/Diving_v_Diving_g03_c01/seed_42/rat_dp/rat_intermediate_merged.mp4,,,
E1,Diving_v_Diving_g03_c01,Diving,RAT+traj,3,20,157.053755300,data/ucf101_rescue/UCF-101/Diving/v_Diving_g03_c01.avi,data/backend_inputs/Diving_v_Diving_g03_c01/seed_42/rat_dp/rat_intermediate_merged.mp4,,,
E1,Diving_v_Diving_g03_c01,Diving,Motion-reference,3,20,157.053755300,data/ucf101_rescue/UCF-101/Diving/v_Diving_g03_c01.avi,data/backend_inputs/Diving_v_Diving_g03_c01/seed_42/rat_dp/rat_intermediate_merged.mp4,,,
E1,Diving_v_Diving_g03_c01,Diving,Random,3,20,157.053755300,data/ucf101_rescue/UCF-101/Diving/v_Diving_g03_c01.avi,data/backend_inputs/Diving_v_Diving_g03_c01/seed_42/rat_dp/rat_intermediate_merged.mp4,,,
E1,Diving_v_Diving_g03_c01,Diving,Shifted-RAT+traj,3,20,157.053755300,data/ucf101_rescue/UCF-101/Diving/v_Diving_g03_c01.avi,data/backend_inputs/Diving_v_Diving_g03_c01/seed_42/rat_dp/rat_intermediate_merged.mp4,,,
E1,Diving_v_Diving_g03_c01,Diving,RAT-fusion,3,20,157.053755300,data/ucf101_rescue/UCF-101/Diving/v_Diving_g03_c01.avi,data/backend_inputs/Diving_v_Diving_g03_c01/seed_42/rat_dp/rat_intermediate_merged.mp4,,,
E1,Diving_v_Diving_g03_c01,Diving,Shifted-RAT-fusion,3,20,157.053755300,data/ucf101_rescue/UCF-101/Diving/v_Diving_g03_c01.avi,data/backend_inputs/Diving_v_Diving_g03_c01/seed_42/rat_dp/rat_intermediate_merged.mp4,,,
E1,Diving_v_Diving_g03_c01,Diving,VideoMAE-only,3,20,157.053755300,data/ucf101_rescue/UCF-101/Diving/v_Diving_g03_c01.avi,data/backend_inputs/Diving_v_Diving_g03_c01/seed_42/rat_dp/rat_intermediate_merged.mp4,,,
E1,Diving_v_Diving_g03_c01,Diving,RAT+traj,4,20,157.053755300,data/ucf101_rescue/UCF-101/Diving/v_Diving_g03_c01.avi,data/backend_inputs/Diving_v_Diving_g03_c01/seed_42/rat_dp/rat_intermediate_merged.mp4,,,
E1,Diving_v_Diving_g03_c01,Diving,Motion-reference,4,20,157.053755300,data/ucf101_rescue/UCF-101/Diving/v_Diving_g03_c01.avi,data/backend_inputs/Diving_v_Diving_g03_c01/seed_42/rat_dp/rat_intermediate_merged.mp4,,,
E1,Diving_v_Diving_g03_c01,Diving,Random,4,20,157.053755300,data/ucf101_rescue/UCF-101/Diving/v_Diving_g03_c01.avi,data/backend_inputs/Diving_v_Diving_g03_c01/seed_42/rat_dp/rat_intermediate_merged.mp4,,,
E1,Diving_v_Diving_g03_c01,Diving,Shifted-RAT+traj,4,20,157.053755300,data/ucf101_rescue/UCF-101/Diving/v_Diving_g03_c01.avi,data/backend_inputs/Diving_v_Diving_g03_c01/seed_42/rat_dp/rat_intermediate_merged.mp4,,,
E1,Diving_v_Diving_g03_c01,Diving,RAT-fusion,4,20,157.053755300,data/ucf101_rescue/UCF-101/Diving/v_Diving_g03_c01.avi,data/backend_inputs/Diving_v_Diving_g03_c01/seed_42/rat_dp/rat_intermediate_merged.mp4,,,
E1,Diving_v_Diving_g03_c01,Diving,Shifted-RAT-fusion,4,20,157.053755300,data/ucf101_rescue/UCF-101/Diving/v_Diving_g03_c01.avi,data/backend_inputs/Diving_v_Diving_g03_c01/seed_42/rat_dp/rat_intermediate_merged.mp4,,,
E1,Diving_v_Diving_g03_c01,Diving,VideoMAE-only,4,20,157.053755300,data/ucf101_rescue/UCF-101/Diving/v_Diving_g03_c01.avi,data/backend_inputs/Diving_v_Diving_g03_c01/seed_42/rat_dp/rat_intermediate_merged.mp4,,,
E1,Diving_v_Diving_g03_c01,Diving,RAT+traj,5,20,157.053755300,data/ucf101_rescue/UCF-101/Diving/v_Diving_g03_c01.avi,data/backend_inputs/Diving_v_Diving_g03_c01/seed_42/rat_dp/rat_intermediate_merged.mp4,,,
E1,Diving_v_Diving_g03_c01,Diving,Motion-reference,5,20,157.053755300,data/ucf101_rescue/UCF-101/Diving/v_Diving_g03_c01.avi,data/backend_inputs/Diving_v_Diving_g03_c01/seed_42/rat_dp/rat_intermediate_merged.mp4,,,
E1,Diving_v_Diving_g03_c01,Diving,Random,5,20,157.053755300,data/ucf101_rescue/UCF-101/Diving/v_Diving_g03_c01.avi,data/backend_inputs/Diving_v_Diving_g03_c01/seed_42/rat_dp/rat_intermediate_merged.mp4,,,
E1,Diving_v_Diving_g03_c01,Diving,Shifted-RAT+traj,5,20,157.053755300,data/ucf101_rescue/UCF-101/Diving/v_Diving_g03_c01.avi,data/backend_inputs/Diving_v_Diving_g03_c01/seed_42/rat_dp/rat_intermediate_merged.mp4,,,
E1,Diving_v_Diving_g03_c01,Diving,RAT-fusion,5,20,157.053755300,data/ucf101_rescue/UCF-101/Diving/v_Diving_g03_c01.avi,data/backend_inputs/Diving_v_Diving_g03_c01/seed_42/rat_dp/rat_intermediate_merged.mp4,,,
E1,Diving_v_Diving_g03_c01,Diving,Shifted-RAT-fusion,5,20,157.053755300,data/ucf101_rescue/UCF-101/Diving/v_Diving_g03_c01.avi,data/backend_inputs/Diving_v_Diving_g03_c01/seed_42/rat_dp/rat_intermediate_merged.mp4,,,
E1,Diving_v_Diving_g03_c01,Diving,VideoMAE-only,5,20,157.053755300,data/ucf101_rescue/UCF-101/Diving/v_Diving_g03_c01.avi,data/backend_inputs/Diving_v_Diving_g03_c01/seed_42/rat_dp/rat_intermediate_merged.mp4,,,
E1,Diving_v_Diving_g03_c01,Diving,RAT+traj,6,20,157.053755300,data/ucf101_rescue/UCF-101/Diving/v_Diving_g03_c01.avi,data/backend_inputs/Diving_v_Diving_g03_c01/seed_42/rat_dp/rat_intermediate_merged.mp4,,,
E1,Diving_v_Diving_g03_c01,Diving,Motion-reference,6,20,157.053755300,data/ucf101_rescue/UCF-101/Diving/v_Diving_g03_c01.avi,data/backend_inputs/Diving_v_Diving_g03_c01/seed_42/rat_dp/rat_intermediate_merged.mp4,,,
E1,Diving_v_Diving_g03_c01,Diving,Random,6,20,157.053755300,data/ucf101_rescue/UCF-101/Diving/v_Diving_g03_c01.avi,data/backend_inputs/Diving_v_Diving_g03_c01/seed_42/rat_dp/rat_intermediate_merged.mp4,,,
E1,Diving_v_Diving_g03_c01,Diving,Shifted-RAT+traj,6,20,157.053755300,data/ucf101_rescue/UCF-101/Diving/v_Diving_g03_c01.avi,data/backend_inputs/Diving_v_Diving_g03_c01/seed_42/rat_dp/rat_intermediate_merged.mp4,,,
E1,Diving_v_Diving_g03_c01,Diving,RAT-fusion,6,20,157.053755300,data/ucf101_rescue/UCF-101/Diving/v_Diving_g03_c01.avi,data/backend_inputs/Diving_v_Diving_g03_c01/seed_42/rat_dp/rat_intermediate_merged.mp4,,,
E1,Diving_v_Diving_g03_c01,Diving,Shifted-RAT-fusion,6,20,157.053755300,data/ucf101_rescue/UCF-101/Diving/v_Diving_g03_c01.avi,data/backend_inputs/Diving_v_Diving_g03_c01/seed_42/rat_dp/rat_intermediate_merged.mp4,,,
E1,Diving_v_Diving_g03_c01,Diving,VideoMAE-only,6,20,157.053755300,data/ucf101_rescue/UCF-101/Diving/v_Diving_g03_c01.avi,data/backend_inputs/Diving_v_Diving_g03_c01/seed_42/rat_dp/rat_intermediate_merged.mp4,,,
E1,Diving_v_Diving_g03_c01,Diving,RAT+traj,7,20,157.053755300,data/ucf101_rescue/UCF-101/Diving/v_Diving_g03_c01.avi,data/backend_inputs/Diving_v_Diving_g03_c01/seed_42/rat_dp/rat_intermediate_merged.mp4,,,
E1,Diving_v_Diving_g03_c01,Diving,Motion-reference,7,20,157.053755300,data/ucf101_rescue/UCF-101/Diving/v_Diving_g03_c01.avi,data/backend_inputs/Diving_v_Diving_g03_c01/seed_42/rat_dp/rat_intermediate_merged.mp4,,,
E1,Diving_v_Diving_g03_c01,Diving,Random,7,20,157.053755300,data/ucf101_rescue/UCF-101/Diving/v_Diving_g03_c01.avi,data/backend_inputs/Diving_v_Diving_g03_c01/seed_42/rat_dp/rat_intermediate_merged.mp4,,,
E1,Diving_v_Diving_g03_c01,Diving,Shifted-RAT+traj,7,20,157.053755300,data/ucf101_rescue/UCF-101/Diving/v_Diving_g03_c01.avi,data/backend_inputs/Diving_v_Diving_g03_c01/seed_42/rat_dp/rat_intermediate_merged.mp4,,,
E1,Diving_v_Diving_g03_c01,Diving,RAT-fusion,7,20,157.053755300,data/ucf101_rescue/UCF-101/Diving/v_Diving_g03_c01.avi,data/backend_inputs/Diving_v_Diving_g03_c01/seed_42/rat_dp/rat_intermediate_merged.mp4,,,
E1,Diving_v_Diving_g03_c01,Diving,Shifted-RAT-fusion,7,20,157.053755300,data/ucf101_rescue/UCF-101/Diving/v_Diving_g03_c01.avi,data/backend_inputs/Diving_v_Diving_g03_c01/seed_42/rat_dp/rat_intermediate_merged.mp4,,,
E1,Diving_v_Diving_g03_c01,Diving,VideoMAE-only,7,20,157.053755300,data/ucf101_rescue/UCF-101/Diving/v_Diving_g03_c01.avi,data/backend_inputs/Diving_v_Diving_g03_c01/seed_42/rat_dp/rat_intermediate_merged.mp4,,,
E1,Diving_v_Diving_g03_c01,Diving,RAT+traj,8,20,157.053755300,data/ucf101_rescue/UCF-101/Diving/v_Diving_g03_c01.avi,data/backend_inputs/Diving_v_Diving_g03_c01/seed_42/rat_dp/rat_intermediate_merged.mp4,,,
E1,Diving_v_Diving_g03_c01,Diving,Motion-reference,8,20,157.053755300,data/ucf101_rescue/UCF-101/Diving/v_Diving_g03_c01.avi,data/backend_inputs/Diving_v_Diving_g03_c01/seed_42/rat_dp/rat_intermediate_merged.mp4,,,
E1,Diving_v_Diving_g03_c01,Diving,Random,8,20,157.053755300,data/ucf101_rescue/UCF-101/Diving/v_Diving_g03_c01.avi,data/backend_inputs/Diving_v_Diving_g03_c01/seed_42/rat_dp/rat_intermediate_merged.mp4,,,
E1,Diving_v_Diving_g03_c01,Diving,Shifted-RAT+traj,8,20,157.053755300,data/ucf101_rescue/UCF-101/Diving/v_Diving_g03_c01.avi,data/backend_inputs/Diving_v_Diving_g03_c01/seed_42/rat_dp/rat_intermediate_merged.mp4,,,
E1,Diving_v_Diving_g03_c01,Diving,RAT-fusion,8,20,157.053755300,data/ucf101_rescue/UCF-101/Diving/v_Diving_g03_c01.avi,data/backend_inputs/Diving_v_Diving_g03_c01/seed_42/rat_dp/rat_intermediate_merged.mp4,,,
E1,Diving_v_Diving_g03_c01,Diving,Shifted-RAT-fusion,8,20,157.053755300,data/ucf101_rescue/UCF-101/Diving/v_Diving_g03_c01.avi,data/backend_inputs/Diving_v_Diving_g03_c01/seed_42/rat_dp/rat_intermediate_merged.mp4,,,
E1,Diving_v_Diving_g03_c01,Diving,VideoMAE-only,8,20,157.053755300,data/ucf101_rescue/UCF-101/Diving/v_Diving_g03_c01.avi,data/backend_inputs/Diving_v_Diving_g03_c01/seed_42/rat_dp/rat_intermediate_merged.mp4,,,
E1,Diving_v_Diving_g03_c01,Diving,RAT+traj,42,20,157.053755300,data/ucf101_rescue/UCF-101/Diving/v_Diving_g03_c01.avi,data/backend_inputs/Diving_v_Diving_g03_c01/seed_42/rat_dp/rat_intermediate_merged.mp4,,,
E1,Diving_v_Diving_g03_c01,Diving,Motion-reference,42,20,157.053755300,data/ucf101_rescue/UCF-101/Diving/v_Diving_g03_c01.avi,data/backend_inputs/Diving_v_Diving_g03_c01/seed_42/rat_dp/rat_intermediate_merged.mp4,,,
E1,Diving_v_Diving_g03_c01,Diving,Random,42,20,157.053755300,data/ucf101_rescue/UCF-101/Diving/v_Diving_g03_c01.avi,data/backend_inputs/Diving_v_Diving_g03_c01/seed_42/rat_dp/rat_intermediate_merged.mp4,,,
E1,Diving_v_Diving_g03_c01,Diving,Shifted-RAT+traj,42,20,157.053755300,data/ucf101_rescue/UCF-101/Diving/v_Diving_g03_c01.avi,data/backend_inputs/Diving_v_Diving_g03_c01/seed_42/rat_dp/rat_intermediate_merged.mp4,,,
E1,Diving_v_Diving_g03_c01,Diving,RAT-fusion,42,20,157.053755300,data/ucf101_rescue/UCF-101/Diving/v_Diving_g03_c01.avi,data/backend_inputs/Diving_v_Diving_g03_c01/seed_42/rat_dp/rat_intermediate_merged.mp4,,,
E1,Diving_v_Diving_g03_c01,Diving,Shifted-RAT-fusion,42,20,157.053755300,data/ucf101_rescue/UCF-101/Diving/v_Diving_g03_c01.avi,data/backend_inputs/Diving_v_Diving_g03_c01/seed_42/rat_dp/rat_intermediate_merged.mp4,,,
E1,Diving_v_Diving_g03_c01,Diving,VideoMAE-only,42,20,157.053755300,data/ucf101_rescue/UCF-101/Diving/v_Diving_g03_c01.avi,data/backend_inputs/Diving_v_Diving_g03_c01/seed_42/rat_dp/rat_intermediate_merged.mp4,,,
E1,Diving_v_Diving_g04_c01,Diving,RAT+traj,0,20,117.307142909,data/ucf101_rescue/UCF-101/Diving/v_Diving_g04_c01.avi,data/backend_inputs/Diving_v_Diving_g04_c01/seed_42/rat_dp/rat_intermediate_merged.mp4,,,
E1,Diving_v_Diving_g04_c01,Diving,Motion-reference,0,20,117.307142909,data/ucf101_rescue/UCF-101/Diving/v_Diving_g04_c01.avi,data/backend_inputs/Diving_v_Diving_g04_c01/seed_42/rat_dp/rat_intermediate_merged.mp4,,,
E1,Diving_v_Diving_g04_c01,Diving,Random,0,20,117.307142909,data/ucf101_rescue/UCF-101/Diving/v_Diving_g04_c01.avi,data/backend_inputs/Diving_v_Diving_g04_c01/seed_42/rat_dp/rat_intermediate_merged.mp4,,,
E1,Diving_v_Diving_g04_c01,Diving,Shifted-RAT+traj,0,20,117.307142909,data/ucf101_rescue/UCF-101/Diving/v_Diving_g04_c01.avi,data/backend_inputs/Diving_v_Diving_g04_c01/seed_42/rat_dp/rat_intermediate_merged.mp4,,,
E1,Diving_v_Diving_g04_c01,Diving,RAT-fusion,0,20,117.307142909,data/ucf101_rescue/UCF-101/Diving/v_Diving_g04_c01.avi,data/backend_inputs/Diving_v_Diving_g04_c01/seed_42/rat_dp/rat_intermediate_merged.mp4,,,
E1,Diving_v_Diving_g04_c01,Diving,Shifted-RAT-fusion,0,20,117.307142909,data/ucf101_rescue/UCF-101/Diving/v_Diving_g04_c01.avi,data/backend_inputs/Diving_v_Diving_g04_c01/seed_42/rat_dp/rat_intermediate_merged.mp4,,,
E1,Diving_v_Diving_g04_c01,Diving,VideoMAE-only,0,20,117.307142909,data/ucf101_rescue/UCF-101/Diving/v_Diving_g04_c01.avi,data/backend_inputs/Diving_v_Diving_g04_c01/seed_42/rat_dp/rat_intermediate_merged.mp4,,,
E1,Diving_v_Diving_g04_c01,Diving,RAT+traj,1,20,117.307142909,data/ucf101_rescue/UCF-101/Diving/v_Diving_g04_c01.avi,data/backend_inputs/Diving_v_Diving_g04_c01/seed_42/rat_dp/rat_intermediate_merged.mp4,,,
E1,Diving_v_Diving_g04_c01,Diving,Motion-reference,1,20,117.307142909,data/ucf101_rescue/UCF-101/Diving/v_Diving_g04_c01.avi,data/backend_inputs/Diving_v_Diving_g04_c01/seed_42/rat_dp/rat_intermediate_merged.mp4,,,
E1,Diving_v_Diving_g04_c01,Diving,Random,1,20,117.307142909,data/ucf101_rescue/UCF-101/Diving/v_Diving_g04_c01.avi,data/backend_inputs/Diving_v_Diving_g04_c01/seed_42/rat_dp/rat_intermediate_merged.mp4,,,
E1,Diving_v_Diving_g04_c01,Diving,Shifted-RAT+traj,1,20,117.307142909,data/ucf101_rescue/UCF-101/Diving/v_Diving_g04_c01.avi,data/backend_inputs/Diving_v_Diving_g04_c01/seed_42/rat_dp/rat_intermediate_merged.mp4,,,
E1,Diving_v_Diving_g04_c01,Diving,RAT-fusion,1,20,117.307142909,data/ucf101_rescue/UCF-101/Diving/v_Diving_g04_c01.avi,data/backend_inputs/Diving_v_Diving_g04_c01/seed_42/rat_dp/rat_intermediate_merged.mp4,,,
E1,Diving_v_Diving_g04_c01,Diving,Shifted-RAT-fusion,1,20,117.307142909,data/ucf101_rescue/UCF-101/Diving/v_Diving_g04_c01.avi,data/backend_inputs/Diving_v_Diving_g04_c01/seed_42/rat_dp/rat_intermediate_merged.mp4,,,
E1,Diving_v_Diving_g04_c01,Diving,VideoMAE-only,1,20,117.307142909,data/ucf101_rescue/UCF-101/Diving/v_Diving_g04_c01.avi,data/backend_inputs/Diving_v_Diving_g04_c01/seed_42/rat_dp/rat_intermediate_merged.mp4,,,
E1,Diving_v_Diving_g04_c01,Diving,RAT+traj,2,20,117.307142909,data/ucf101_rescue/UCF-101/Diving/v_Diving_g04_c01.avi,data/backend_inputs/Diving_v_Diving_g04_c01/seed_42/rat_dp/rat_intermediate_merged.mp4,,,
E1,Diving_v_Diving_g04_c01,Diving,Motion-reference,2,20,117.307142909,data/ucf101_rescue/UCF-101/Diving/v_Diving_g04_c01.avi,data/backend_inputs/Diving_v_Diving_g04_c01/seed_42/rat_dp/rat_intermediate_merged.mp4,,,
E1,Diving_v_Diving_g04_c01,Diving,Random,2,20,117.307142909,data/ucf101_rescue/UCF-101/Diving/v_Diving_g04_c01.avi,data/backend_inputs/Diving_v_Diving_g04_c01/seed_42/rat_dp/rat_intermediate_merged.mp4,,,
E1,Diving_v_Diving_g04_c01,Diving,Shifted-RAT+traj,2,20,117.307142909,data/ucf101_rescue/UCF-101/Diving/v_Diving_g04_c01.avi,data/backend_inputs/Diving_v_Diving_g04_c01/seed_42/rat_dp/rat_intermediate_merged.mp4,,,
E1,Diving_v_Diving_g04_c01,Diving,RAT-fusion,2,20,117.307142909,data/ucf101_rescue/UCF-101/Diving/v_Diving_g04_c01.avi,data/backend_inputs/Diving_v_Diving_g04_c01/seed_42/rat_dp/rat_intermediate_merged.mp4,,,
E1,Diving_v_Diving_g04_c01,Diving,Shifted-RAT-fusion,2,20,117.307142909,data/ucf101_rescue/UCF-101/Diving/v_Diving_g04_c01.avi,data/backend_inputs/Diving_v_Diving_g04_c01/seed_42/rat_dp/rat_intermediate_merged.mp4,,,
E1,Diving_v_Diving_g04_c01,Diving,VideoMAE-only,2,20,117.307142909,data/ucf101_rescue/UCF-101/Diving/v_Diving_g04_c01.avi,data/backend_inputs/Diving_v_Diving_g04_c01/seed_42/rat_dp/rat_intermediate_merged.mp4,,,
E1,Diving_v_Diving_g04_c01,Diving,RAT+traj,3,20,117.307142909,data/ucf101_rescue/UCF-101/Diving/v_Diving_g04_c01.avi,data/backend_inputs/Diving_v_Diving_g04_c01/seed_42/rat_dp/rat_intermediate_merged.mp4,,,
E1,Diving_v_Diving_g04_c01,Diving,Motion-reference,3,20,117.307142909,data/ucf101_rescue/UCF-101/Diving/v_Diving_g04_c01.avi,data/backend_inputs/Diving_v_Diving_g04_c01/seed_42/rat_dp/rat_intermediate_merged.mp4,,,
E1,Diving_v_Diving_g04_c01,Diving,Random,3,20,117.307142909,data/ucf101_rescue/UCF-101/Diving/v_Diving_g04_c01.avi,data/backend_inputs/Diving_v_Diving_g04_c01/seed_42/rat_dp/rat_intermediate_merged.mp4,,,
E1,Diving_v_Diving_g04_c01,Diving,Shifted-RAT+traj,3,20,117.307142909,data/ucf101_rescue/UCF-101/Diving/v_Diving_g04_c01.avi,data/backend_inputs/Diving_v_Diving_g04_c01/seed_42/rat_dp/rat_intermediate_merged.mp4,,,
E1,Diving_v_Diving_g04_c01,Diving,RAT-fusion,3,20,117.307142909,data/ucf101_rescue/UCF-101/Diving/v_Diving_g04_c01.avi,data/backend_inputs/Diving_v_Diving_g04_c01/seed_42/rat_dp/rat_intermediate_merged.mp4,,,
E1,Diving_v_Diving_g04_c01,Diving,Shifted-RAT-fusion,3,20,117.307142909,data/ucf101_rescue/UCF-101/Diving/v_Diving_g04_c01.avi,data/backend_inputs/Diving_v_Diving_g04_c01/seed_42/rat_dp/rat_intermediate_merged.mp4,,,
E1,Diving_v_Diving_g04_c01,Diving,VideoMAE-only,3,20,117.307142909,data/ucf101_rescue/UCF-101/Diving/v_Diving_g04_c01.avi,data/backend_inputs/Diving_v_Diving_g04_c01/seed_42/rat_dp/rat_intermediate_merged.mp4,,,
E1,Diving_v_Diving_g04_c01,Diving,RAT+traj,4,20,117.307142909,data/ucf101_rescue/UCF-101/Diving/v_Diving_g04_c01.avi,data/backend_inputs/Diving_v_Diving_g04_c01/seed_42/rat_dp/rat_intermediate_merged.mp4,,,
E1,Diving_v_Diving_g04_c01,Diving,Motion-reference,4,20,117.307142909,data/ucf101_rescue/UCF-101/Diving/v_Diving_g04_c01.avi,data/backend_inputs/Diving_v_Diving_g04_c01/seed_42/rat_dp/rat_intermediate_merged.mp4,,,
E1,Diving_v_Diving_g04_c01,Diving,Random,4,20,117.307142909,data/ucf101_rescue/UCF-101/Diving/v_Diving_g04_c01.avi,data/backend_inputs/Diving_v_Diving_g04_c01/seed_42/rat_dp/rat_intermediate_merged.mp4,,,
E1,Diving_v_Diving_g04_c01,Diving,Shifted-RAT+traj,4,20,117.307142909,data/ucf101_rescue/UCF-101/Diving/v_Diving_g04_c01.avi,data/backend_inputs/Diving_v_Diving_g04_c01/seed_42/rat_dp/rat_intermediate_merged.mp4,,,
E1,Diving_v_Diving_g04_c01,Diving,RAT-fusion,4,20,117.307142909,data/ucf101_rescue/UCF-101/Diving/v_Diving_g04_c01.avi,data/backend_inputs/Diving_v_Diving_g04_c01/seed_42/rat_dp/rat_intermediate_merged.mp4,,,
E1,Diving_v_Diving_g04_c01,Diving,Shifted-RAT-fusion,4,20,117.307142909,data/ucf101_rescue/UCF-101/Diving/v_Diving_g04_c01.avi,data/backend_inputs/Diving_v_Diving_g04_c01/seed_42/rat_dp/rat_intermediate_merged.mp4,,,
E1,Diving_v_Diving_g04_c01,Diving,VideoMAE-only,4,20,117.307142909,data/ucf101_rescue/UCF-101/Diving/v_Diving_g04_c01.avi,data/backend_inputs/Diving_v_Diving_g04_c01/seed_42/rat_dp/rat_intermediate_merged.mp4,,,
E1,Diving_v_Diving_g04_c01,Diving,RAT+traj,5,20,117.307142909,data/ucf101_rescue/UCF-101/Diving/v_Diving_g04_c01.avi,data/backend_inputs/Diving_v_Diving_g04_c01/seed_42/rat_dp/rat_intermediate_merged.mp4,,,
E1,Diving_v_Diving_g04_c01,Diving,Motion-reference,5,20,117.307142909,data/ucf101_rescue/UCF-101/Diving/v_Diving_g04_c01.avi,data/backend_inputs/Diving_v_Diving_g04_c01/seed_42/rat_dp/rat_intermediate_merged.mp4,,,
E1,Diving_v_Diving_g04_c01,Diving,Random,5,20,117.307142909,data/ucf101_rescue/UCF-101/Diving/v_Diving_g04_c01.avi,data/backend_inputs/Diving_v_Diving_g04_c01/seed_42/rat_dp/rat_intermediate_merged.mp4,,,
E1,Diving_v_Diving_g04_c01,Diving,Shifted-RAT+traj,5,20,117.307142909,data/ucf101_rescue/UCF-101/Diving/v_Diving_g04_c01.avi,data/backend_inputs/Diving_v_Diving_g04_c01/seed_42/rat_dp/rat_intermediate_merged.mp4,,,
E1,Diving_v_Diving_g04_c01,Diving,RAT-fusion,5,20,117.307142909,data/ucf101_rescue/UCF-101/Diving/v_Diving_g04_c01.avi,data/backend_inputs/Diving_v_Diving_g04_c01/seed_42/rat_dp/rat_intermediate_merged.mp4,,,
E1,Diving_v_Diving_g04_c01,Diving,Shifted-RAT-fusion,5,20,117.307142909,data/ucf101_rescue/UCF-101/Diving/v_Diving_g04_c01.avi,data/backend_inputs/Diving_v_Diving_g04_c01/seed_42/rat_dp/rat_intermediate_merged.mp4,,,
E1,Diving_v_Diving_g04_c01,Diving,VideoMAE-only,5,20,117.307142909,data/ucf101_rescue/UCF-101/Diving/v_Diving_g04_c01.avi,data/backend_inputs/Diving_v_Diving_g04_c01/seed_42/rat_dp/rat_intermediate_merged.mp4,,,
E1,Diving_v_Diving_g04_c01,Diving,RAT+traj,6,20,117.307142909,data/ucf101_rescue/UCF-101/Diving/v_Diving_g04_c01.avi,data/backend_inputs/Diving_v_Diving_g04_c01/seed_42/rat_dp/rat_intermediate_merged.mp4,,,
E1,Diving_v_Diving_g04_c01,Diving,Motion-reference,6,20,117.307142909,data/ucf101_rescue/UCF-101/Diving/v_Diving_g04_c01.avi,data/backend_inputs/Diving_v_Diving_g04_c01/seed_42/rat_dp/rat_intermediate_merged.mp4,,,
E1,Diving_v_Diving_g04_c01,Diving,Random,6,20,117.307142909,data/ucf101_rescue/UCF-101/Diving/v_Diving_g04_c01.avi,data/backend_inputs/Diving_v_Diving_g04_c01/seed_42/rat_dp/rat_intermediate_merged.mp4,,,
E1,Diving_v_Diving_g04_c01,Diving,Shifted-RAT+traj,6,20,117.307142909,data/ucf101_rescue/UCF-101/Diving/v_Diving_g04_c01.avi,data/backend_inputs/Diving_v_Diving_g04_c01/seed_42/rat_dp/rat_intermediate_merged.mp4,,,
E1,Diving_v_Diving_g04_c01,Diving,RAT-fusion,6,20,117.307142909,data/ucf101_rescue/UCF-101/Diving/v_Diving_g04_c01.avi,data/backend_inputs/Diving_v_Diving_g04_c01/seed_42/rat_dp/rat_intermediate_merged.mp4,,,
E1,Diving_v_Diving_g04_c01,Diving,Shifted-RAT-fusion,6,20,117.307142909,data/ucf101_rescue/UCF-101/Diving/v_Diving_g04_c01.avi,data/backend_inputs/Diving_v_Diving_g04_c01/seed_42/rat_dp/rat_intermediate_merged.mp4,,,
E1,Diving_v_Diving_g04_c01,Diving,VideoMAE-only,6,20,117.307142909,data/ucf101_rescue/UCF-101/Diving/v_Diving_g04_c01.avi,data/backend_inputs/Diving_v_Diving_g04_c01/seed_42/rat_dp/rat_intermediate_merged.mp4,,,
E1,Diving_v_Diving_g04_c01,Diving,RAT+traj,7,20,117.307142909,data/ucf101_rescue/UCF-101/Diving/v_Diving_g04_c01.avi,data/backend_inputs/Diving_v_Diving_g04_c01/seed_42/rat_dp/rat_intermediate_merged.mp4,,,
E1,Diving_v_Diving_g04_c01,Diving,Motion-reference,7,20,117.307142909,data/ucf101_rescue/UCF-101/Diving/v_Diving_g04_c01.avi,data/backend_inputs/Diving_v_Diving_g04_c01/seed_42/rat_dp/rat_intermediate_merged.mp4,,,
E1,Diving_v_Diving_g04_c01,Diving,Random,7,20,117.307142909,data/ucf101_rescue/UCF-101/Diving/v_Diving_g04_c01.avi,data/backend_inputs/Diving_v_Diving_g04_c01/seed_42/rat_dp/rat_intermediate_merged.mp4,,,
E1,Diving_v_Diving_g04_c01,Diving,Shifted-RAT+traj,7,20,117.307142909,data/ucf101_rescue/UCF-101/Diving/v_Diving_g04_c01.avi,data/backend_inputs/Diving_v_Diving_g04_c01/seed_42/rat_dp/rat_intermediate_merged.mp4,,,
E1,Diving_v_Diving_g04_c01,Diving,RAT-fusion,7,20,117.307142909,data/ucf101_rescue/UCF-101/Diving/v_Diving_g04_c01.avi,data/backend_inputs/Diving_v_Diving_g04_c01/seed_42/rat_dp/rat_intermediate_merged.mp4,,,
E1,Diving_v_Diving_g04_c01,Diving,Shifted-RAT-fusion,7,20,117.307142909,data/ucf101_rescue/UCF-101/Diving/v_Diving_g04_c01.avi,data/backend_inputs/Diving_v_Diving_g04_c01/seed_42/rat_dp/rat_intermediate_merged.mp4,,,
E1,Diving_v_Diving_g04_c01,Diving,VideoMAE-only,7,20,117.307142909,data/ucf101_rescue/UCF-101/Diving/v_Diving_g04_c01.avi,data/backend_inputs/Diving_v_Diving_g04_c01/seed_42/rat_dp/rat_intermediate_merged.mp4,,,
E1,Diving_v_Diving_g04_c01,Diving,RAT+traj,8,20,117.307142909,data/ucf101_rescue/UCF-101/Diving/v_Diving_g04_c01.avi,data/backend_inputs/Diving_v_Diving_g04_c01/seed_42/rat_dp/rat_intermediate_merged.mp4,,,
E1,Diving_v_Diving_g04_c01,Diving,Motion-reference,8,20,117.307142909,data/ucf101_rescue/UCF-101/Diving/v_Diving_g04_c01.avi,data/backend_inputs/Diving_v_Diving_g04_c01/seed_42/rat_dp/rat_intermediate_merged.mp4,,,
E1,Diving_v_Diving_g04_c01,Diving,Random,8,20,117.307142909,data/ucf101_rescue/UCF-101/Diving/v_Diving_g04_c01.avi,data/backend_inputs/Diving_v_Diving_g04_c01/seed_42/rat_dp/rat_intermediate_merged.mp4,,,
E1,Diving_v_Diving_g04_c01,Diving,Shifted-RAT+traj,8,20,117.307142909,data/ucf101_rescue/UCF-101/Diving/v_Diving_g04_c01.avi,data/backend_inputs/Diving_v_Diving_g04_c01/seed_42/rat_dp/rat_intermediate_merged.mp4,,,
E1,Diving_v_Diving_g04_c01,Diving,RAT-fusion,8,20,117.307142909,data/ucf101_rescue/UCF-101/Diving/v_Diving_g04_c01.avi,data/backend_inputs/Diving_v_Diving_g04_c01/seed_42/rat_dp/rat_intermediate_merged.mp4,,,
E1,Diving_v_Diving_g04_c01,Diving,Shifted-RAT-fusion,8,20,117.307142909,data/ucf101_rescue/UCF-101/Diving/v_Diving_g04_c01.avi,data/backend_inputs/Diving_v_Diving_g04_c01/seed_42/rat_dp/rat_intermediate_merged.mp4,,,
E1,Diving_v_Diving_g04_c01,Diving,VideoMAE-only,8,20,117.307142909,data/ucf101_rescue/UCF-101/Diving/v_Diving_g04_c01.avi,data/backend_inputs/Diving_v_Diving_g04_c01/seed_42/rat_dp/rat_intermediate_merged.mp4,,,
E1,Diving_v_Diving_g04_c01,Diving,RAT+traj,42,20,117.307142909,data/ucf101_rescue/UCF-101/Diving/v_Diving_g04_c01.avi,data/backend_inputs/Diving_v_Diving_g04_c01/seed_42/rat_dp/rat_intermediate_merged.mp4,,,
E1,Diving_v_Diving_g04_c01,Diving,Motion-reference,42,20,117.307142909,data/ucf101_rescue/UCF-101/Diving/v_Diving_g04_c01.avi,data/backend_inputs/Diving_v_Diving_g04_c01/seed_42/rat_dp/rat_intermediate_merged.mp4,,,
E1,Diving_v_Diving_g04_c01,Diving,Random,42,20,117.307142909,data/ucf101_rescue/UCF-101/Diving/v_Diving_g04_c01.avi,data/backend_inputs/Diving_v_Diving_g04_c01/seed_42/rat_dp/rat_intermediate_merged.mp4,,,
E1,Diving_v_Diving_g04_c01,Diving,Shifted-RAT+traj,42,20,117.307142909,data/ucf101_rescue/UCF-101/Diving/v_Diving_g04_c01.avi,data/backend_inputs/Diving_v_Diving_g04_c01/seed_42/rat_dp/rat_intermediate_merged.mp4,,,
E1,Diving_v_Diving_g04_c01,Diving,RAT-fusion,42,20,117.307142909,data/ucf101_rescue/UCF-101/Diving/v_Diving_g04_c01.avi,data/backend_inputs/Diving_v_Diving_g04_c01/seed_42/rat_dp/rat_intermediate_merged.mp4,,,
E1,Diving_v_Diving_g04_c01,Diving,Shifted-RAT-fusion,42,20,117.307142909,data/ucf101_rescue/UCF-101/Diving/v_Diving_g04_c01.avi,data/backend_inputs/Diving_v_Diving_g04_c01/seed_42/rat_dp/rat_intermediate_merged.mp4,,,
E1,Diving_v_Diving_g04_c01,Diving,VideoMAE-only,42,20,117.307142909,data/ucf101_rescue/UCF-101/Diving/v_Diving_g04_c01.avi,data/backend_inputs/Diving_v_Diving_g04_c01/seed_42/rat_dp/rat_intermediate_merged.mp4,,,
E1,WalkingWithDog_v_WalkingWithDog_g01_c01,WalkingWithDog,RAT+traj,0,20,176.513182643,data/ucf101_rescue/UCF-101/WalkingWithDog/v_WalkingWithDog_g01_c01.avi,data/backend_inputs/WalkingWithDog_v_WalkingWithDog_g01_c01/seed_42/rat_dp/rat_intermediate_merged.mp4,,,
E1,WalkingWithDog_v_WalkingWithDog_g01_c01,WalkingWithDog,Motion-reference,0,20,176.513182643,data/ucf101_rescue/UCF-101/WalkingWithDog/v_WalkingWithDog_g01_c01.avi,data/backend_inputs/WalkingWithDog_v_WalkingWithDog_g01_c01/seed_42/rat_dp/rat_intermediate_merged.mp4,,,
E1,WalkingWithDog_v_WalkingWithDog_g01_c01,WalkingWithDog,Random,0,20,176.513182643,data/ucf101_rescue/UCF-101/WalkingWithDog/v_WalkingWithDog_g01_c01.avi,data/backend_inputs/WalkingWithDog_v_WalkingWithDog_g01_c01/seed_42/rat_dp/rat_intermediate_merged.mp4,,,
E1,WalkingWithDog_v_WalkingWithDog_g01_c01,WalkingWithDog,Shifted-RAT+traj,0,20,176.513182643,data/ucf101_rescue/UCF-101/WalkingWithDog/v_WalkingWithDog_g01_c01.avi,data/backend_inputs/WalkingWithDog_v_WalkingWithDog_g01_c01/seed_42/rat_dp/rat_intermediate_merged.mp4,,,
E1,WalkingWithDog_v_WalkingWithDog_g01_c01,WalkingWithDog,RAT-fusion,0,20,176.513182643,data/ucf101_rescue/UCF-101/WalkingWithDog/v_WalkingWithDog_g01_c01.avi,data/backend_inputs/WalkingWithDog_v_WalkingWithDog_g01_c01/seed_42/rat_dp/rat_intermediate_merged.mp4,,,
E1,WalkingWithDog_v_WalkingWithDog_g01_c01,WalkingWithDog,Shifted-RAT-fusion,0,20,176.513182643,data/ucf101_rescue/UCF-101/WalkingWithDog/v_WalkingWithDog_g01_c01.avi,data/backend_inputs/WalkingWithDog_v_WalkingWithDog_g01_c01/seed_42/rat_dp/rat_intermediate_merged.mp4,,,
E1,WalkingWithDog_v_WalkingWithDog_g01_c01,WalkingWithDog,VideoMAE-only,0,20,176.513182643,data/ucf101_rescue/UCF-101/WalkingWithDog/v_WalkingWithDog_g01_c01.avi,data/backend_inputs/WalkingWithDog_v_WalkingWithDog_g01_c01/seed_42/rat_dp/rat_intermediate_merged.mp4,,,
E1,WalkingWithDog_v_WalkingWithDog_g01_c01,WalkingWithDog,RAT+traj,1,20,176.513182643,data/ucf101_rescue/UCF-101/WalkingWithDog/v_WalkingWithDog_g01_c01.avi,data/backend_inputs/WalkingWithDog_v_WalkingWithDog_g01_c01/seed_42/rat_dp/rat_intermediate_merged.mp4,,,
E1,WalkingWithDog_v_WalkingWithDog_g01_c01,WalkingWithDog,Motion-reference,1,20,176.513182643,data/ucf101_rescue/UCF-101/WalkingWithDog/v_WalkingWithDog_g01_c01.avi,data/backend_inputs/WalkingWithDog_v_WalkingWithDog_g01_c01/seed_42/rat_dp/rat_intermediate_merged.mp4,,,
E1,WalkingWithDog_v_WalkingWithDog_g01_c01,WalkingWithDog,Random,1,20,176.513182643,data/ucf101_rescue/UCF-101/WalkingWithDog/v_WalkingWithDog_g01_c01.avi,data/backend_inputs/WalkingWithDog_v_WalkingWithDog_g01_c01/seed_42/rat_dp/rat_intermediate_merged.mp4,,,
E1,WalkingWithDog_v_WalkingWithDog_g01_c01,WalkingWithDog,Shifted-RAT+traj,1,20,176.513182643,data/ucf101_rescue/UCF-101/WalkingWithDog/v_WalkingWithDog_g01_c01.avi,data/backend_inputs/WalkingWithDog_v_WalkingWithDog_g01_c01/seed_42/rat_dp/rat_intermediate_merged.mp4,,,
E1,WalkingWithDog_v_WalkingWithDog_g01_c01,WalkingWithDog,RAT-fusion,1,20,176.513182643,data/ucf101_rescue/UCF-101/WalkingWithDog/v_WalkingWithDog_g01_c01.avi,data/backend_inputs/WalkingWithDog_v_WalkingWithDog_g01_c01/seed_42/rat_dp/rat_intermediate_merged.mp4,,,
E1,WalkingWithDog_v_WalkingWithDog_g01_c01,WalkingWithDog,Shifted-RAT-fusion,1,20,176.513182643,data/ucf101_rescue/UCF-101/WalkingWithDog/v_WalkingWithDog_g01_c01.avi,data/backend_inputs/WalkingWithDog_v_WalkingWithDog_g01_c01/seed_42/rat_dp/rat_intermediate_merged.mp4,,,
E1,WalkingWithDog_v_WalkingWithDog_g01_c01,WalkingWithDog,VideoMAE-only,1,20,176.513182643,data/ucf101_rescue/UCF-101/WalkingWithDog/v_WalkingWithDog_g01_c01.avi,data/backend_inputs/WalkingWithDog_v_WalkingWithDog_g01_c01/seed_42/rat_dp/rat_intermediate_merged.mp4,,,
E1,WalkingWithDog_v_WalkingWithDog_g01_c01,WalkingWithDog,RAT+traj,2,20,176.513182643,data/ucf101_rescue/UCF-101/WalkingWithDog/v_WalkingWithDog_g01_c01.avi,data/backend_inputs/WalkingWithDog_v_WalkingWithDog_g01_c01/seed_42/rat_dp/rat_intermediate_merged.mp4,,,
E1,WalkingWithDog_v_WalkingWithDog_g01_c01,WalkingWithDog,Motion-reference,2,20,176.513182643,data/ucf101_rescue/UCF-101/WalkingWithDog/v_WalkingWithDog_g01_c01.avi,data/backend_inputs/WalkingWithDog_v_WalkingWithDog_g01_c01/seed_42/rat_dp/rat_intermediate_merged.mp4,,,
E1,WalkingWithDog_v_WalkingWithDog_g01_c01,WalkingWithDog,Random,2,20,176.513182643,data/ucf101_rescue/UCF-101/WalkingWithDog/v_WalkingWithDog_g01_c01.avi,data/backend_inputs/WalkingWithDog_v_WalkingWithDog_g01_c01/seed_42/rat_dp/rat_intermediate_merged.mp4,,,
E1,WalkingWithDog_v_WalkingWithDog_g01_c01,WalkingWithDog,Shifted-RAT+traj,2,20,176.513182643,data/ucf101_rescue/UCF-101/WalkingWithDog/v_WalkingWithDog_g01_c01.avi,data/backend_inputs/WalkingWithDog_v_WalkingWithDog_g01_c01/seed_42/rat_dp/rat_intermediate_merged.mp4,,,
E1,WalkingWithDog_v_WalkingWithDog_g01_c01,WalkingWithDog,RAT-fusion,2,20,176.513182643,data/ucf101_rescue/UCF-101/WalkingWithDog/v_WalkingWithDog_g01_c01.avi,data/backend_inputs/WalkingWithDog_v_WalkingWithDog_g01_c01/seed_42/rat_dp/rat_intermediate_merged.mp4,,,
E1,WalkingWithDog_v_WalkingWithDog_g01_c01,WalkingWithDog,Shifted-RAT-fusion,2,20,176.513182643,data/ucf101_rescue/UCF-101/WalkingWithDog/v_WalkingWithDog_g01_c01.avi,data/backend_inputs/WalkingWithDog_v_WalkingWithDog_g01_c01/seed_42/rat_dp/rat_intermediate_merged.mp4,,,
E1,WalkingWithDog_v_WalkingWithDog_g01_c01,WalkingWithDog,VideoMAE-only,2,20,176.513182643,data/ucf101_rescue/UCF-101/WalkingWithDog/v_WalkingWithDog_g01_c01.avi,data/backend_inputs/WalkingWithDog_v_WalkingWithDog_g01_c01/seed_42/rat_dp/rat_intermediate_merged.mp4,,,
E1,WalkingWithDog_v_WalkingWithDog_g01_c01,WalkingWithDog,RAT+traj,3,20,176.513182643,data/ucf101_rescue/UCF-101/WalkingWithDog/v_WalkingWithDog_g01_c01.avi,data/backend_inputs/WalkingWithDog_v_WalkingWithDog_g01_c01/seed_42/rat_dp/rat_intermediate_merged.mp4,,,
E1,WalkingWithDog_v_WalkingWithDog_g01_c01,WalkingWithDog,Motion-reference,3,20,176.513182643,data/ucf101_rescue/UCF-101/WalkingWithDog/v_WalkingWithDog_g01_c01.avi,data/backend_inputs/WalkingWithDog_v_WalkingWithDog_g01_c01/seed_42/rat_dp/rat_intermediate_merged.mp4,,,
E1,WalkingWithDog_v_WalkingWithDog_g01_c01,WalkingWithDog,Random,3,20,176.513182643,data/ucf101_rescue/UCF-101/WalkingWithDog/v_WalkingWithDog_g01_c01.avi,data/backend_inputs/WalkingWithDog_v_WalkingWithDog_g01_c01/seed_42/rat_dp/rat_intermediate_merged.mp4,,,
E1,WalkingWithDog_v_WalkingWithDog_g01_c01,WalkingWithDog,Shifted-RAT+traj,3,20,176.513182643,data/ucf101_rescue/UCF-101/WalkingWithDog/v_WalkingWithDog_g01_c01.avi,data/backend_inputs/WalkingWithDog_v_WalkingWithDog_g01_c01/seed_42/rat_dp/rat_intermediate_merged.mp4,,,
E1,WalkingWithDog_v_WalkingWithDog_g01_c01,WalkingWithDog,RAT-fusion,3,20,176.513182643,data/ucf101_rescue/UCF-101/WalkingWithDog/v_WalkingWithDog_g01_c01.avi,data/backend_inputs/WalkingWithDog_v_WalkingWithDog_g01_c01/seed_42/rat_dp/rat_intermediate_merged.mp4,,,
E1,WalkingWithDog_v_WalkingWithDog_g01_c01,WalkingWithDog,Shifted-RAT-fusion,3,20,176.513182643,data/ucf101_rescue/UCF-101/WalkingWithDog/v_WalkingWithDog_g01_c01.avi,data/backend_inputs/WalkingWithDog_v_WalkingWithDog_g01_c01/seed_42/rat_dp/rat_intermediate_merged.mp4,,,
E1,WalkingWithDog_v_WalkingWithDog_g01_c01,WalkingWithDog,VideoMAE-only,3,20,176.513182643,data/ucf101_rescue/UCF-101/WalkingWithDog/v_WalkingWithDog_g01_c01.avi,data/backend_inputs/WalkingWithDog_v_WalkingWithDog_g01_c01/seed_42/rat_dp/rat_intermediate_merged.mp4,,,
E1,WalkingWithDog_v_WalkingWithDog_g01_c01,WalkingWithDog,RAT+traj,4,20,176.513182643,data/ucf101_rescue/UCF-101/WalkingWithDog/v_WalkingWithDog_g01_c01.avi,data/backend_inputs/WalkingWithDog_v_WalkingWithDog_g01_c01/seed_42/rat_dp/rat_intermediate_merged.mp4,,,
E1,WalkingWithDog_v_WalkingWithDog_g01_c01,WalkingWithDog,Motion-reference,4,20,176.513182643,data/ucf101_rescue/UCF-101/WalkingWithDog/v_WalkingWithDog_g01_c01.avi,data/backend_inputs/WalkingWithDog_v_WalkingWithDog_g01_c01/seed_42/rat_dp/rat_intermediate_merged.mp4,,,
E1,WalkingWithDog_v_WalkingWithDog_g01_c01,WalkingWithDog,Random,4,20,176.513182643,data/ucf101_rescue/UCF-101/WalkingWithDog/v_WalkingWithDog_g01_c01.avi,data/backend_inputs/WalkingWithDog_v_WalkingWithDog_g01_c01/seed_42/rat_dp/rat_intermediate_merged.mp4,,,
E1,WalkingWithDog_v_WalkingWithDog_g01_c01,WalkingWithDog,Shifted-RAT+traj,4,20,176.513182643,data/ucf101_rescue/UCF-101/WalkingWithDog/v_WalkingWithDog_g01_c01.avi,data/backend_inputs/WalkingWithDog_v_WalkingWithDog_g01_c01/seed_42/rat_dp/rat_intermediate_merged.mp4,,,
E1,WalkingWithDog_v_WalkingWithDog_g01_c01,WalkingWithDog,RAT-fusion,4,20,176.513182643,data/ucf101_rescue/UCF-101/WalkingWithDog/v_WalkingWithDog_g01_c01.avi,data/backend_inputs/WalkingWithDog_v_WalkingWithDog_g01_c01/seed_42/rat_dp/rat_intermediate_merged.mp4,,,
E1,WalkingWithDog_v_WalkingWithDog_g01_c01,WalkingWithDog,Shifted-RAT-fusion,4,20,176.513182643,data/ucf101_rescue/UCF-101/WalkingWithDog/v_WalkingWithDog_g01_c01.avi,data/backend_inputs/WalkingWithDog_v_WalkingWithDog_g01_c01/seed_42/rat_dp/rat_intermediate_merged.mp4,,,
E1,WalkingWithDog_v_WalkingWithDog_g01_c01,WalkingWithDog,VideoMAE-only,4,20,176.513182643,data/ucf101_rescue/UCF-101/WalkingWithDog/v_WalkingWithDog_g01_c01.avi,data/backend_inputs/WalkingWithDog_v_WalkingWithDog_g01_c01/seed_42/rat_dp/rat_intermediate_merged.mp4,,,
E1,WalkingWithDog_v_WalkingWithDog_g01_c01,WalkingWithDog,RAT+traj,5,20,176.513182643,data/ucf101_rescue/UCF-101/WalkingWithDog/v_WalkingWithDog_g01_c01.avi,data/backend_inputs/WalkingWithDog_v_WalkingWithDog_g01_c01/seed_42/rat_dp/rat_intermediate_merged.mp4,,,
E1,WalkingWithDog_v_WalkingWithDog_g01_c01,WalkingWithDog,Motion-reference,5,20,176.513182643,data/ucf101_rescue/UCF-101/WalkingWithDog/v_WalkingWithDog_g01_c01.avi,data/backend_inputs/WalkingWithDog_v_WalkingWithDog_g01_c01/seed_42/rat_dp/rat_intermediate_merged.mp4,,,
E1,WalkingWithDog_v_WalkingWithDog_g01_c01,WalkingWithDog,Random,5,20,176.513182643,data/ucf101_rescue/UCF-101/WalkingWithDog/v_WalkingWithDog_g01_c01.avi,data/backend_inputs/WalkingWithDog_v_WalkingWithDog_g01_c01/seed_42/rat_dp/rat_intermediate_merged.mp4,,,
E1,WalkingWithDog_v_WalkingWithDog_g01_c01,WalkingWithDog,Shifted-RAT+traj,5,20,176.513182643,data/ucf101_rescue/UCF-101/WalkingWithDog/v_WalkingWithDog_g01_c01.avi,data/backend_inputs/WalkingWithDog_v_WalkingWithDog_g01_c01/seed_42/rat_dp/rat_intermediate_merged.mp4,,,
E1,WalkingWithDog_v_WalkingWithDog_g01_c01,WalkingWithDog,RAT-fusion,5,20,176.513182643,data/ucf101_rescue/UCF-101/WalkingWithDog/v_WalkingWithDog_g01_c01.avi,data/backend_inputs/WalkingWithDog_v_WalkingWithDog_g01_c01/seed_42/rat_dp/rat_intermediate_merged.mp4,,,
E1,WalkingWithDog_v_WalkingWithDog_g01_c01,WalkingWithDog,Shifted-RAT-fusion,5,20,176.513182643,data/ucf101_rescue/UCF-101/WalkingWithDog/v_WalkingWithDog_g01_c01.avi,data/backend_inputs/WalkingWithDog_v_WalkingWithDog_g01_c01/seed_42/rat_dp/rat_intermediate_merged.mp4,,,
E1,WalkingWithDog_v_WalkingWithDog_g01_c01,WalkingWithDog,VideoMAE-only,5,20,176.513182643,data/ucf101_rescue/UCF-101/WalkingWithDog/v_WalkingWithDog_g01_c01.avi,data/backend_inputs/WalkingWithDog_v_WalkingWithDog_g01_c01/seed_42/rat_dp/rat_intermediate_merged.mp4,,,
E1,WalkingWithDog_v_WalkingWithDog_g01_c01,WalkingWithDog,RAT+traj,6,20,176.513182643,data/ucf101_rescue/UCF-101/WalkingWithDog/v_WalkingWithDog_g01_c01.avi,data/backend_inputs/WalkingWithDog_v_WalkingWithDog_g01_c01/seed_42/rat_dp/rat_intermediate_merged.mp4,,,
E1,WalkingWithDog_v_WalkingWithDog_g01_c01,WalkingWithDog,Motion-reference,6,20,176.513182643,data/ucf101_rescue/UCF-101/WalkingWithDog/v_WalkingWithDog_g01_c01.avi,data/backend_inputs/WalkingWithDog_v_WalkingWithDog_g01_c01/seed_42/rat_dp/rat_intermediate_merged.mp4,,,
E1,WalkingWithDog_v_WalkingWithDog_g01_c01,WalkingWithDog,Random,6,20,176.513182643,data/ucf101_rescue/UCF-101/WalkingWithDog/v_WalkingWithDog_g01_c01.avi,data/backend_inputs/WalkingWithDog_v_WalkingWithDog_g01_c01/seed_42/rat_dp/rat_intermediate_merged.mp4,,,
E1,WalkingWithDog_v_WalkingWithDog_g01_c01,WalkingWithDog,Shifted-RAT+traj,6,20,176.513182643,data/ucf101_rescue/UCF-101/WalkingWithDog/v_WalkingWithDog_g01_c01.avi,data/backend_inputs/WalkingWithDog_v_WalkingWithDog_g01_c01/seed_42/rat_dp/rat_intermediate_merged.mp4,,,
E1,WalkingWithDog_v_WalkingWithDog_g01_c01,WalkingWithDog,RAT-fusion,6,20,176.513182643,data/ucf101_rescue/UCF-101/WalkingWithDog/v_WalkingWithDog_g01_c01.avi,data/backend_inputs/WalkingWithDog_v_WalkingWithDog_g01_c01/seed_42/rat_dp/rat_intermediate_merged.mp4,,,
E1,WalkingWithDog_v_WalkingWithDog_g01_c01,WalkingWithDog,Shifted-RAT-fusion,6,20,176.513182643,data/ucf101_rescue/UCF-101/WalkingWithDog/v_WalkingWithDog_g01_c01.avi,data/backend_inputs/WalkingWithDog_v_WalkingWithDog_g01_c01/seed_42/rat_dp/rat_intermediate_merged.mp4,,,
E1,WalkingWithDog_v_WalkingWithDog_g01_c01,WalkingWithDog,VideoMAE-only,6,20,176.513182643,data/ucf101_rescue/UCF-101/WalkingWithDog/v_WalkingWithDog_g01_c01.avi,data/backend_inputs/WalkingWithDog_v_WalkingWithDog_g01_c01/seed_42/rat_dp/rat_intermediate_merged.mp4,,,
E1,WalkingWithDog_v_WalkingWithDog_g01_c01,WalkingWithDog,RAT+traj,7,20,176.513182643,data/ucf101_rescue/UCF-101/WalkingWithDog/v_WalkingWithDog_g01_c01.avi,data/backend_inputs/WalkingWithDog_v_WalkingWithDog_g01_c01/seed_42/rat_dp/rat_intermediate_merged.mp4,,,
E1,WalkingWithDog_v_WalkingWithDog_g01_c01,WalkingWithDog,Motion-reference,7,20,176.513182643,data/ucf101_rescue/UCF-101/WalkingWithDog/v_WalkingWithDog_g01_c01.avi,data/backend_inputs/WalkingWithDog_v_WalkingWithDog_g01_c01/seed_42/rat_dp/rat_intermediate_merged.mp4,,,
E1,WalkingWithDog_v_WalkingWithDog_g01_c01,WalkingWithDog,Random,7,20,176.513182643,data/ucf101_rescue/UCF-101/WalkingWithDog/v_WalkingWithDog_g01_c01.avi,data/backend_inputs/WalkingWithDog_v_WalkingWithDog_g01_c01/seed_42/rat_dp/rat_intermediate_merged.mp4,,,
E1,WalkingWithDog_v_WalkingWithDog_g01_c01,WalkingWithDog,Shifted-RAT+traj,7,20,176.513182643,data/ucf101_rescue/UCF-101/WalkingWithDog/v_WalkingWithDog_g01_c01.avi,data/backend_inputs/WalkingWithDog_v_WalkingWithDog_g01_c01/seed_42/rat_dp/rat_intermediate_merged.mp4,,,
E1,WalkingWithDog_v_WalkingWithDog_g01_c01,WalkingWithDog,RAT-fusion,7,20,176.513182643,data/ucf101_rescue/UCF-101/WalkingWithDog/v_WalkingWithDog_g01_c01.avi,data/backend_inputs/WalkingWithDog_v_WalkingWithDog_g01_c01/seed_42/rat_dp/rat_intermediate_merged.mp4,,,
E1,WalkingWithDog_v_WalkingWithDog_g01_c01,WalkingWithDog,Shifted-RAT-fusion,7,20,176.513182643,data/ucf101_rescue/UCF-101/WalkingWithDog/v_WalkingWithDog_g01_c01.avi,data/backend_inputs/WalkingWithDog_v_WalkingWithDog_g01_c01/seed_42/rat_dp/rat_intermediate_merged.mp4,,,
E1,WalkingWithDog_v_WalkingWithDog_g01_c01,WalkingWithDog,VideoMAE-only,7,20,176.513182643,data/ucf101_rescue/UCF-101/WalkingWithDog/v_WalkingWithDog_g01_c01.avi,data/backend_inputs/WalkingWithDog_v_WalkingWithDog_g01_c01/seed_42/rat_dp/rat_intermediate_merged.mp4,,,
E1,WalkingWithDog_v_WalkingWithDog_g01_c01,WalkingWithDog,RAT+traj,8,20,176.513182643,data/ucf101_rescue/UCF-101/WalkingWithDog/v_WalkingWithDog_g01_c01.avi,data/backend_inputs/WalkingWithDog_v_WalkingWithDog_g01_c01/seed_42/rat_dp/rat_intermediate_merged.mp4,,,
E1,WalkingWithDog_v_WalkingWithDog_g01_c01,WalkingWithDog,Motion-reference,8,20,176.513182643,data/ucf101_rescue/UCF-101/WalkingWithDog/v_WalkingWithDog_g01_c01.avi,data/backend_inputs/WalkingWithDog_v_WalkingWithDog_g01_c01/seed_42/rat_dp/rat_intermediate_merged.mp4,,,
E1,WalkingWithDog_v_WalkingWithDog_g01_c01,WalkingWithDog,Random,8,20,176.513182643,data/ucf101_rescue/UCF-101/WalkingWithDog/v_WalkingWithDog_g01_c01.avi,data/backend_inputs/WalkingWithDog_v_WalkingWithDog_g01_c01/seed_42/rat_dp/rat_intermediate_merged.mp4,,,
E1,WalkingWithDog_v_WalkingWithDog_g01_c01,WalkingWithDog,Shifted-RAT+traj,8,20,176.513182643,data/ucf101_rescue/UCF-101/WalkingWithDog/v_WalkingWithDog_g01_c01.avi,data/backend_inputs/WalkingWithDog_v_WalkingWithDog_g01_c01/seed_42/rat_dp/rat_intermediate_merged.mp4,,,
E1,WalkingWithDog_v_WalkingWithDog_g01_c01,WalkingWithDog,RAT-fusion,8,20,176.513182643,data/ucf101_rescue/UCF-101/WalkingWithDog/v_WalkingWithDog_g01_c01.avi,data/backend_inputs/WalkingWithDog_v_WalkingWithDog_g01_c01/seed_42/rat_dp/rat_intermediate_merged.mp4,,,
E1,WalkingWithDog_v_WalkingWithDog_g01_c01,WalkingWithDog,Shifted-RAT-fusion,8,20,176.513182643,data/ucf101_rescue/UCF-101/WalkingWithDog/v_WalkingWithDog_g01_c01.avi,data/backend_inputs/WalkingWithDog_v_WalkingWithDog_g01_c01/seed_42/rat_dp/rat_intermediate_merged.mp4,,,
E1,WalkingWithDog_v_WalkingWithDog_g01_c01,WalkingWithDog,VideoMAE-only,8,20,176.513182643,data/ucf101_rescue/UCF-101/WalkingWithDog/v_WalkingWithDog_g01_c01.avi,data/backend_inputs/WalkingWithDog_v_WalkingWithDog_g01_c01/seed_42/rat_dp/rat_intermediate_merged.mp4,,,
E1,WalkingWithDog_v_WalkingWithDog_g01_c01,WalkingWithDog,RAT+traj,42,20,176.513182643,data/ucf101_rescue/UCF-101/WalkingWithDog/v_WalkingWithDog_g01_c01.avi,data/backend_inputs/WalkingWithDog_v_WalkingWithDog_g01_c01/seed_42/rat_dp/rat_intermediate_merged.mp4,,,
E1,WalkingWithDog_v_WalkingWithDog_g01_c01,WalkingWithDog,Motion-reference,42,20,176.513182643,data/ucf101_rescue/UCF-101/WalkingWithDog/v_WalkingWithDog_g01_c01.avi,data/backend_inputs/WalkingWithDog_v_WalkingWithDog_g01_c01/seed_42/rat_dp/rat_intermediate_merged.mp4,,,
E1,WalkingWithDog_v_WalkingWithDog_g01_c01,WalkingWithDog,Random,42,20,176.513182643,data/ucf101_rescue/UCF-101/WalkingWithDog/v_WalkingWithDog_g01_c01.avi,data/backend_inputs/WalkingWithDog_v_WalkingWithDog_g01_c01/seed_42/rat_dp/rat_intermediate_merged.mp4,,,
E1,WalkingWithDog_v_WalkingWithDog_g01_c01,WalkingWithDog,Shifted-RAT+traj,42,20,176.513182643,data/ucf101_rescue/UCF-101/WalkingWithDog/v_WalkingWithDog_g01_c01.avi,data/backend_inputs/WalkingWithDog_v_WalkingWithDog_g01_c01/seed_42/rat_dp/rat_intermediate_merged.mp4,,,
E1,WalkingWithDog_v_WalkingWithDog_g01_c01,WalkingWithDog,RAT-fusion,42,20,176.513182643,data/ucf101_rescue/UCF-101/WalkingWithDog/v_WalkingWithDog_g01_c01.avi,data/backend_inputs/WalkingWithDog_v_WalkingWithDog_g01_c01/seed_42/rat_dp/rat_intermediate_merged.mp4,,,
E1,WalkingWithDog_v_WalkingWithDog_g01_c01,WalkingWithDog,Shifted-RAT-fusion,42,20,176.513182643,data/ucf101_rescue/UCF-101/WalkingWithDog/v_WalkingWithDog_g01_c01.avi,data/backend_inputs/WalkingWithDog_v_WalkingWithDog_g01_c01/seed_42/rat_dp/rat_intermediate_merged.mp4,,,
E1,WalkingWithDog_v_WalkingWithDog_g01_c01,WalkingWithDog,VideoMAE-only,42,20,176.513182643,data/ucf101_rescue/UCF-101/WalkingWithDog/v_WalkingWithDog_g01_c01.avi,data/backend_inputs/WalkingWithDog_v_WalkingWithDog_g01_c01/seed_42/rat_dp/rat_intermediate_merged.mp4,,,
E1,WalkingWithDog_v_WalkingWithDog_g02_c01,WalkingWithDog,RAT+traj,0,20,176.513182643,data/ucf101_rescue/UCF-101/WalkingWithDog/v_WalkingWithDog_g02_c01.avi,data/backend_inputs/WalkingWithDog_v_WalkingWithDog_g02_c01/seed_42/rat_dp/rat_intermediate_merged.mp4,,,
E1,WalkingWithDog_v_WalkingWithDog_g02_c01,WalkingWithDog,Motion-reference,0,20,176.513182643,data/ucf101_rescue/UCF-101/WalkingWithDog/v_WalkingWithDog_g02_c01.avi,data/backend_inputs/WalkingWithDog_v_WalkingWithDog_g02_c01/seed_42/rat_dp/rat_intermediate_merged.mp4,,,
E1,WalkingWithDog_v_WalkingWithDog_g02_c01,WalkingWithDog,Random,0,20,176.513182643,data/ucf101_rescue/UCF-101/WalkingWithDog/v_WalkingWithDog_g02_c01.avi,data/backend_inputs/WalkingWithDog_v_WalkingWithDog_g02_c01/seed_42/rat_dp/rat_intermediate_merged.mp4,,,
E1,WalkingWithDog_v_WalkingWithDog_g02_c01,WalkingWithDog,Shifted-RAT+traj,0,20,176.513182643,data/ucf101_rescue/UCF-101/WalkingWithDog/v_WalkingWithDog_g02_c01.avi,data/backend_inputs/WalkingWithDog_v_WalkingWithDog_g02_c01/seed_42/rat_dp/rat_intermediate_merged.mp4,,,
E1,WalkingWithDog_v_WalkingWithDog_g02_c01,WalkingWithDog,RAT-fusion,0,20,176.513182643,data/ucf101_rescue/UCF-101/WalkingWithDog/v_WalkingWithDog_g02_c01.avi,data/backend_inputs/WalkingWithDog_v_WalkingWithDog_g02_c01/seed_42/rat_dp/rat_intermediate_merged.mp4,,,
E1,WalkingWithDog_v_WalkingWithDog_g02_c01,WalkingWithDog,Shifted-RAT-fusion,0,20,176.513182643,data/ucf101_rescue/UCF-101/WalkingWithDog/v_WalkingWithDog_g02_c01.avi,data/backend_inputs/WalkingWithDog_v_WalkingWithDog_g02_c01/seed_42/rat_dp/rat_intermediate_merged.mp4,,,
E1,WalkingWithDog_v_WalkingWithDog_g02_c01,WalkingWithDog,VideoMAE-only,0,20,176.513182643,data/ucf101_rescue/UCF-101/WalkingWithDog/v_WalkingWithDog_g02_c01.avi,data/backend_inputs/WalkingWithDog_v_WalkingWithDog_g02_c01/seed_42/rat_dp/rat_intermediate_merged.mp4,,,
E1,WalkingWithDog_v_WalkingWithDog_g02_c01,WalkingWithDog,RAT+traj,1,20,176.513182643,data/ucf101_rescue/UCF-101/WalkingWithDog/v_WalkingWithDog_g02_c01.avi,data/backend_inputs/WalkingWithDog_v_WalkingWithDog_g02_c01/seed_42/rat_dp/rat_intermediate_merged.mp4,,,
E1,WalkingWithDog_v_WalkingWithDog_g02_c01,WalkingWithDog,Motion-reference,1,20,176.513182643,data/ucf101_rescue/UCF-101/WalkingWithDog/v_WalkingWithDog_g02_c01.avi,data/backend_inputs/WalkingWithDog_v_WalkingWithDog_g02_c01/seed_42/rat_dp/rat_intermediate_merged.mp4,,,
E1,WalkingWithDog_v_WalkingWithDog_g02_c01,WalkingWithDog,Random,1,20,176.513182643,data/ucf101_rescue/UCF-101/WalkingWithDog/v_WalkingWithDog_g02_c01.avi,data/backend_inputs/WalkingWithDog_v_WalkingWithDog_g02_c01/seed_42/rat_dp/rat_intermediate_merged.mp4,,,
E1,WalkingWithDog_v_WalkingWithDog_g02_c01,WalkingWithDog,Shifted-RAT+traj,1,20,176.513182643,data/ucf101_rescue/UCF-101/WalkingWithDog/v_WalkingWithDog_g02_c01.avi,data/backend_inputs/WalkingWithDog_v_WalkingWithDog_g02_c01/seed_42/rat_dp/rat_intermediate_merged.mp4,,,
E1,WalkingWithDog_v_WalkingWithDog_g02_c01,WalkingWithDog,RAT-fusion,1,20,176.513182643,data/ucf101_rescue/UCF-101/WalkingWithDog/v_WalkingWithDog_g02_c01.avi,data/backend_inputs/WalkingWithDog_v_WalkingWithDog_g02_c01/seed_42/rat_dp/rat_intermediate_merged.mp4,,,
E1,WalkingWithDog_v_WalkingWithDog_g02_c01,WalkingWithDog,Shifted-RAT-fusion,1,20,176.513182643,data/ucf101_rescue/UCF-101/WalkingWithDog/v_WalkingWithDog_g02_c01.avi,data/backend_inputs/WalkingWithDog_v_WalkingWithDog_g02_c01/seed_42/rat_dp/rat_intermediate_merged.mp4,,,
E1,WalkingWithDog_v_WalkingWithDog_g02_c01,WalkingWithDog,VideoMAE-only,1,20,176.513182643,data/ucf101_rescue/UCF-101/WalkingWithDog/v_WalkingWithDog_g02_c01.avi,data/backend_inputs/WalkingWithDog_v_WalkingWithDog_g02_c01/seed_42/rat_dp/rat_intermediate_merged.mp4,,,
E1,WalkingWithDog_v_WalkingWithDog_g02_c01,WalkingWithDog,RAT+traj,2,20,176.513182643,data/ucf101_rescue/UCF-101/WalkingWithDog/v_WalkingWithDog_g02_c01.avi,data/backend_inputs/WalkingWithDog_v_WalkingWithDog_g02_c01/seed_42/rat_dp/rat_intermediate_merged.mp4,,,
E1,WalkingWithDog_v_WalkingWithDog_g02_c01,WalkingWithDog,Motion-reference,2,20,176.513182643,data/ucf101_rescue/UCF-101/WalkingWithDog/v_WalkingWithDog_g02_c01.avi,data/backend_inputs/WalkingWithDog_v_WalkingWithDog_g02_c01/seed_42/rat_dp/rat_intermediate_merged.mp4,,,
E1,WalkingWithDog_v_WalkingWithDog_g02_c01,WalkingWithDog,Random,2,20,176.513182643,data/ucf101_rescue/UCF-101/WalkingWithDog/v_WalkingWithDog_g02_c01.avi,data/backend_inputs/WalkingWithDog_v_WalkingWithDog_g02_c01/seed_42/rat_dp/rat_intermediate_merged.mp4,,,
E1,WalkingWithDog_v_WalkingWithDog_g02_c01,WalkingWithDog,Shifted-RAT+traj,2,20,176.513182643,data/ucf101_rescue/UCF-101/WalkingWithDog/v_WalkingWithDog_g02_c01.avi,data/backend_inputs/WalkingWithDog_v_WalkingWithDog_g02_c01/seed_42/rat_dp/rat_intermediate_merged.mp4,,,
E1,WalkingWithDog_v_WalkingWithDog_g02_c01,WalkingWithDog,RAT-fusion,2,20,176.513182643,data/ucf101_rescue/UCF-101/WalkingWithDog/v_WalkingWithDog_g02_c01.avi,data/backend_inputs/WalkingWithDog_v_WalkingWithDog_g02_c01/seed_42/rat_dp/rat_intermediate_merged.mp4,,,
E1,WalkingWithDog_v_WalkingWithDog_g02_c01,WalkingWithDog,Shifted-RAT-fusion,2,20,176.513182643,data/ucf101_rescue/UCF-101/WalkingWithDog/v_WalkingWithDog_g02_c01.avi,data/backend_inputs/WalkingWithDog_v_WalkingWithDog_g02_c01/seed_42/rat_dp/rat_intermediate_merged.mp4,,,
E1,WalkingWithDog_v_WalkingWithDog_g02_c01,WalkingWithDog,VideoMAE-only,2,20,176.513182643,data/ucf101_rescue/UCF-101/WalkingWithDog/v_WalkingWithDog_g02_c01.avi,data/backend_inputs/WalkingWithDog_v_WalkingWithDog_g02_c01/seed_42/rat_dp/rat_intermediate_merged.mp4,,,
E1,WalkingWithDog_v_WalkingWithDog_g02_c01,WalkingWithDog,RAT+traj,3,20,176.513182643,data/ucf101_rescue/UCF-101/WalkingWithDog/v_WalkingWithDog_g02_c01.avi,data/backend_inputs/WalkingWithDog_v_WalkingWithDog_g02_c01/seed_42/rat_dp/rat_intermediate_merged.mp4,,,
E1,WalkingWithDog_v_WalkingWithDog_g02_c01,WalkingWithDog,Motion-reference,3,20,176.513182643,data/ucf101_rescue/UCF-101/WalkingWithDog/v_WalkingWithDog_g02_c01.avi,data/backend_inputs/WalkingWithDog_v_WalkingWithDog_g02_c01/seed_42/rat_dp/rat_intermediate_merged.mp4,,,
E1,WalkingWithDog_v_WalkingWithDog_g02_c01,WalkingWithDog,Random,3,20,176.513182643,data/ucf101_rescue/UCF-101/WalkingWithDog/v_WalkingWithDog_g02_c01.avi,data/backend_inputs/WalkingWithDog_v_WalkingWithDog_g02_c01/seed_42/rat_dp/rat_intermediate_merged.mp4,,,
E1,WalkingWithDog_v_WalkingWithDog_g02_c01,WalkingWithDog,Shifted-RAT+traj,3,20,176.513182643,data/ucf101_rescue/UCF-101/WalkingWithDog/v_WalkingWithDog_g02_c01.avi,data/backend_inputs/WalkingWithDog_v_WalkingWithDog_g02_c01/seed_42/rat_dp/rat_intermediate_merged.mp4,,,
E1,WalkingWithDog_v_WalkingWithDog_g02_c01,WalkingWithDog,RAT-fusion,3,20,176.513182643,data/ucf101_rescue/UCF-101/WalkingWithDog/v_WalkingWithDog_g02_c01.avi,data/backend_inputs/WalkingWithDog_v_WalkingWithDog_g02_c01/seed_42/rat_dp/rat_intermediate_merged.mp4,,,
E1,WalkingWithDog_v_WalkingWithDog_g02_c01,WalkingWithDog,Shifted-RAT-fusion,3,20,176.513182643,data/ucf101_rescue/UCF-101/WalkingWithDog/v_WalkingWithDog_g02_c01.avi,data/backend_inputs/WalkingWithDog_v_WalkingWithDog_g02_c01/seed_42/rat_dp/rat_intermediate_merged.mp4,,,
E1,WalkingWithDog_v_WalkingWithDog_g02_c01,WalkingWithDog,VideoMAE-only,3,20,176.513182643,data/ucf101_rescue/UCF-101/WalkingWithDog/v_WalkingWithDog_g02_c01.avi,data/backend_inputs/WalkingWithDog_v_WalkingWithDog_g02_c01/seed_42/rat_dp/rat_intermediate_merged.mp4,,,
E1,WalkingWithDog_v_WalkingWithDog_g02_c01,WalkingWithDog,RAT+traj,4,20,176.513182643,data/ucf101_rescue/UCF-101/WalkingWithDog/v_WalkingWithDog_g02_c01.avi,data/backend_inputs/WalkingWithDog_v_WalkingWithDog_g02_c01/seed_42/rat_dp/rat_intermediate_merged.mp4,,,
E1,WalkingWithDog_v_WalkingWithDog_g02_c01,WalkingWithDog,Motion-reference,4,20,176.513182643,data/ucf101_rescue/UCF-101/WalkingWithDog/v_WalkingWithDog_g02_c01.avi,data/backend_inputs/WalkingWithDog_v_WalkingWithDog_g02_c01/seed_42/rat_dp/rat_intermediate_merged.mp4,,,
E1,WalkingWithDog_v_WalkingWithDog_g02_c01,WalkingWithDog,Random,4,20,176.513182643,data/ucf101_rescue/UCF-101/WalkingWithDog/v_WalkingWithDog_g02_c01.avi,data/backend_inputs/WalkingWithDog_v_WalkingWithDog_g02_c01/seed_42/rat_dp/rat_intermediate_merged.mp4,,,
E1,WalkingWithDog_v_WalkingWithDog_g02_c01,WalkingWithDog,Shifted-RAT+traj,4,20,176.513182643,data/ucf101_rescue/UCF-101/WalkingWithDog/v_WalkingWithDog_g02_c01.avi,data/backend_inputs/WalkingWithDog_v_WalkingWithDog_g02_c01/seed_42/rat_dp/rat_intermediate_merged.mp4,,,
E1,WalkingWithDog_v_WalkingWithDog_g02_c01,WalkingWithDog,RAT-fusion,4,20,176.513182643,data/ucf101_rescue/UCF-101/WalkingWithDog/v_WalkingWithDog_g02_c01.avi,data/backend_inputs/WalkingWithDog_v_WalkingWithDog_g02_c01/seed_42/rat_dp/rat_intermediate_merged.mp4,,,
E1,WalkingWithDog_v_WalkingWithDog_g02_c01,WalkingWithDog,Shifted-RAT-fusion,4,20,176.513182643,data/ucf101_rescue/UCF-101/WalkingWithDog/v_WalkingWithDog_g02_c01.avi,data/backend_inputs/WalkingWithDog_v_WalkingWithDog_g02_c01/seed_42/rat_dp/rat_intermediate_merged.mp4,,,
E1,WalkingWithDog_v_WalkingWithDog_g02_c01,WalkingWithDog,VideoMAE-only,4,20,176.513182643,data/ucf101_rescue/UCF-101/WalkingWithDog/v_WalkingWithDog_g02_c01.avi,data/backend_inputs/WalkingWithDog_v_WalkingWithDog_g02_c01/seed_42/rat_dp/rat_intermediate_merged.mp4,,,
E1,WalkingWithDog_v_WalkingWithDog_g02_c01,WalkingWithDog,RAT+traj,5,20,176.513182643,data/ucf101_rescue/UCF-101/WalkingWithDog/v_WalkingWithDog_g02_c01.avi,data/backend_inputs/WalkingWithDog_v_WalkingWithDog_g02_c01/seed_42/rat_dp/rat_intermediate_merged.mp4,,,
E1,WalkingWithDog_v_WalkingWithDog_g02_c01,WalkingWithDog,Motion-reference,5,20,176.513182643,data/ucf101_rescue/UCF-101/WalkingWithDog/v_WalkingWithDog_g02_c01.avi,data/backend_inputs/WalkingWithDog_v_WalkingWithDog_g02_c01/seed_42/rat_dp/rat_intermediate_merged.mp4,,,
E1,WalkingWithDog_v_WalkingWithDog_g02_c01,WalkingWithDog,Random,5,20,176.513182643,data/ucf101_rescue/UCF-101/WalkingWithDog/v_WalkingWithDog_g02_c01.avi,data/backend_inputs/WalkingWithDog_v_WalkingWithDog_g02_c01/seed_42/rat_dp/rat_intermediate_merged.mp4,,,
E1,WalkingWithDog_v_WalkingWithDog_g02_c01,WalkingWithDog,Shifted-RAT+traj,5,20,176.513182643,data/ucf101_rescue/UCF-101/WalkingWithDog/v_WalkingWithDog_g02_c01.avi,data/backend_inputs/WalkingWithDog_v_WalkingWithDog_g02_c01/seed_42/rat_dp/rat_intermediate_merged.mp4,,,
E1,WalkingWithDog_v_WalkingWithDog_g02_c01,WalkingWithDog,RAT-fusion,5,20,176.513182643,data/ucf101_rescue/UCF-101/WalkingWithDog/v_WalkingWithDog_g02_c01.avi,data/backend_inputs/WalkingWithDog_v_WalkingWithDog_g02_c01/seed_42/rat_dp/rat_intermediate_merged.mp4,,,
E1,WalkingWithDog_v_WalkingWithDog_g02_c01,WalkingWithDog,Shifted-RAT-fusion,5,20,176.513182643,data/ucf101_rescue/UCF-101/WalkingWithDog/v_WalkingWithDog_g02_c01.avi,data/backend_inputs/WalkingWithDog_v_WalkingWithDog_g02_c01/seed_42/rat_dp/rat_intermediate_merged.mp4,,,
E1,WalkingWithDog_v_WalkingWithDog_g02_c01,WalkingWithDog,VideoMAE-only,5,20,176.513182643,data/ucf101_rescue/UCF-101/WalkingWithDog/v_WalkingWithDog_g02_c01.avi,data/backend_inputs/WalkingWithDog_v_WalkingWithDog_g02_c01/seed_42/rat_dp/rat_intermediate_merged.mp4,,,
E1,WalkingWithDog_v_WalkingWithDog_g02_c01,WalkingWithDog,RAT+traj,6,20,176.513182643,data/ucf101_rescue/UCF-101/WalkingWithDog/v_WalkingWithDog_g02_c01.avi,data/backend_inputs/WalkingWithDog_v_WalkingWithDog_g02_c01/seed_42/rat_dp/rat_intermediate_merged.mp4,,,
E1,WalkingWithDog_v_WalkingWithDog_g02_c01,WalkingWithDog,Motion-reference,6,20,176.513182643,data/ucf101_rescue/UCF-101/WalkingWithDog/v_WalkingWithDog_g02_c01.avi,data/backend_inputs/WalkingWithDog_v_WalkingWithDog_g02_c01/seed_42/rat_dp/rat_intermediate_merged.mp4,,,
E1,WalkingWithDog_v_WalkingWithDog_g02_c01,WalkingWithDog,Random,6,20,176.513182643,data/ucf101_rescue/UCF-101/WalkingWithDog/v_WalkingWithDog_g02_c01.avi,data/backend_inputs/WalkingWithDog_v_WalkingWithDog_g02_c01/seed_42/rat_dp/rat_intermediate_merged.mp4,,,
E1,WalkingWithDog_v_WalkingWithDog_g02_c01,WalkingWithDog,Shifted-RAT+traj,6,20,176.513182643,data/ucf101_rescue/UCF-101/WalkingWithDog/v_WalkingWithDog_g02_c01.avi,data/backend_inputs/WalkingWithDog_v_WalkingWithDog_g02_c01/seed_42/rat_dp/rat_intermediate_merged.mp4,,,
E1,WalkingWithDog_v_WalkingWithDog_g02_c01,WalkingWithDog,RAT-fusion,6,20,176.513182643,data/ucf101_rescue/UCF-101/WalkingWithDog/v_WalkingWithDog_g02_c01.avi,data/backend_inputs/WalkingWithDog_v_WalkingWithDog_g02_c01/seed_42/rat_dp/rat_intermediate_merged.mp4,,,
E1,WalkingWithDog_v_WalkingWithDog_g02_c01,WalkingWithDog,Shifted-RAT-fusion,6,20,176.513182643,data/ucf101_rescue/UCF-101/WalkingWithDog/v_WalkingWithDog_g02_c01.avi,data/backend_inputs/WalkingWithDog_v_WalkingWithDog_g02_c01/seed_42/rat_dp/rat_intermediate_merged.mp4,,,
E1,WalkingWithDog_v_WalkingWithDog_g02_c01,WalkingWithDog,VideoMAE-only,6,20,176.513182643,data/ucf101_rescue/UCF-101/WalkingWithDog/v_WalkingWithDog_g02_c01.avi,data/backend_inputs/WalkingWithDog_v_WalkingWithDog_g02_c01/seed_42/rat_dp/rat_intermediate_merged.mp4,,,
E1,WalkingWithDog_v_WalkingWithDog_g02_c01,WalkingWithDog,RAT+traj,7,20,176.513182643,data/ucf101_rescue/UCF-101/WalkingWithDog/v_WalkingWithDog_g02_c01.avi,data/backend_inputs/WalkingWithDog_v_WalkingWithDog_g02_c01/seed_42/rat_dp/rat_intermediate_merged.mp4,,,
E1,WalkingWithDog_v_WalkingWithDog_g02_c01,WalkingWithDog,Motion-reference,7,20,176.513182643,data/ucf101_rescue/UCF-101/WalkingWithDog/v_WalkingWithDog_g02_c01.avi,data/backend_inputs/WalkingWithDog_v_WalkingWithDog_g02_c01/seed_42/rat_dp/rat_intermediate_merged.mp4,,,
E1,WalkingWithDog_v_WalkingWithDog_g02_c01,WalkingWithDog,Random,7,20,176.513182643,data/ucf101_rescue/UCF-101/WalkingWithDog/v_WalkingWithDog_g02_c01.avi,data/backend_inputs/WalkingWithDog_v_WalkingWithDog_g02_c01/seed_42/rat_dp/rat_intermediate_merged.mp4,,,
E1,WalkingWithDog_v_WalkingWithDog_g02_c01,WalkingWithDog,Shifted-RAT+traj,7,20,176.513182643,data/ucf101_rescue/UCF-101/WalkingWithDog/v_WalkingWithDog_g02_c01.avi,data/backend_inputs/WalkingWithDog_v_WalkingWithDog_g02_c01/seed_42/rat_dp/rat_intermediate_merged.mp4,,,
E1,WalkingWithDog_v_WalkingWithDog_g02_c01,WalkingWithDog,RAT-fusion,7,20,176.513182643,data/ucf101_rescue/UCF-101/WalkingWithDog/v_WalkingWithDog_g02_c01.avi,data/backend_inputs/WalkingWithDog_v_WalkingWithDog_g02_c01/seed_42/rat_dp/rat_intermediate_merged.mp4,,,
E1,WalkingWithDog_v_WalkingWithDog_g02_c01,WalkingWithDog,Shifted-RAT-fusion,7,20,176.513182643,data/ucf101_rescue/UCF-101/WalkingWithDog/v_WalkingWithDog_g02_c01.avi,data/backend_inputs/WalkingWithDog_v_WalkingWithDog_g02_c01/seed_42/rat_dp/rat_intermediate_merged.mp4,,,
E1,WalkingWithDog_v_WalkingWithDog_g02_c01,WalkingWithDog,VideoMAE-only,7,20,176.513182643,data/ucf101_rescue/UCF-101/WalkingWithDog/v_WalkingWithDog_g02_c01.avi,data/backend_inputs/WalkingWithDog_v_WalkingWithDog_g02_c01/seed_42/rat_dp/rat_intermediate_merged.mp4,,,
E1,WalkingWithDog_v_WalkingWithDog_g02_c01,WalkingWithDog,RAT+traj,8,20,176.513182643,data/ucf101_rescue/UCF-101/WalkingWithDog/v_WalkingWithDog_g02_c01.avi,data/backend_inputs/WalkingWithDog_v_WalkingWithDog_g02_c01/seed_42/rat_dp/rat_intermediate_merged.mp4,,,
E1,WalkingWithDog_v_WalkingWithDog_g02_c01,WalkingWithDog,Motion-reference,8,20,176.513182643,data/ucf101_rescue/UCF-101/WalkingWithDog/v_WalkingWithDog_g02_c01.avi,data/backend_inputs/WalkingWithDog_v_WalkingWithDog_g02_c01/seed_42/rat_dp/rat_intermediate_merged.mp4,,,
E1,WalkingWithDog_v_WalkingWithDog_g02_c01,WalkingWithDog,Random,8,20,176.513182643,data/ucf101_rescue/UCF-101/WalkingWithDog/v_WalkingWithDog_g02_c01.avi,data/backend_inputs/WalkingWithDog_v_WalkingWithDog_g02_c01/seed_42/rat_dp/rat_intermediate_merged.mp4,,,
E1,WalkingWithDog_v_WalkingWithDog_g02_c01,WalkingWithDog,Shifted-RAT+traj,8,20,176.513182643,data/ucf101_rescue/UCF-101/WalkingWithDog/v_WalkingWithDog_g02_c01.avi,data/backend_inputs/WalkingWithDog_v_WalkingWithDog_g02_c01/seed_42/rat_dp/rat_intermediate_merged.mp4,,,
E1,WalkingWithDog_v_WalkingWithDog_g02_c01,WalkingWithDog,RAT-fusion,8,20,176.513182643,data/ucf101_rescue/UCF-101/WalkingWithDog/v_WalkingWithDog_g02_c01.avi,data/backend_inputs/WalkingWithDog_v_WalkingWithDog_g02_c01/seed_42/rat_dp/rat_intermediate_merged.mp4,,,
E1,WalkingWithDog_v_WalkingWithDog_g02_c01,WalkingWithDog,Shifted-RAT-fusion,8,20,176.513182643,data/ucf101_rescue/UCF-101/WalkingWithDog/v_WalkingWithDog_g02_c01.avi,data/backend_inputs/WalkingWithDog_v_WalkingWithDog_g02_c01/seed_42/rat_dp/rat_intermediate_merged.mp4,,,
E1,WalkingWithDog_v_WalkingWithDog_g02_c01,WalkingWithDog,VideoMAE-only,8,20,176.513182643,data/ucf101_rescue/UCF-101/WalkingWithDog/v_WalkingWithDog_g02_c01.avi,data/backend_inputs/WalkingWithDog_v_WalkingWithDog_g02_c01/seed_42/rat_dp/rat_intermediate_merged.mp4,,,
E1,WalkingWithDog_v_WalkingWithDog_g02_c01,WalkingWithDog,RAT+traj,42,20,176.513182643,data/ucf101_rescue/UCF-101/WalkingWithDog/v_WalkingWithDog_g02_c01.avi,data/backend_inputs/WalkingWithDog_v_WalkingWithDog_g02_c01/seed_42/rat_dp/rat_intermediate_merged.mp4,,,
E1,WalkingWithDog_v_WalkingWithDog_g02_c01,WalkingWithDog,Motion-reference,42,20,176.513182643,data/ucf101_rescue/UCF-101/WalkingWithDog/v_WalkingWithDog_g02_c01.avi,data/backend_inputs/WalkingWithDog_v_WalkingWithDog_g02_c01/seed_42/rat_dp/rat_intermediate_merged.mp4,,,
E1,WalkingWithDog_v_WalkingWithDog_g02_c01,WalkingWithDog,Random,42,20,176.513182643,data/ucf101_rescue/UCF-101/WalkingWithDog/v_WalkingWithDog_g02_c01.avi,data/backend_inputs/WalkingWithDog_v_WalkingWithDog_g02_c01/seed_42/rat_dp/rat_intermediate_merged.mp4,,,
E1,WalkingWithDog_v_WalkingWithDog_g02_c01,WalkingWithDog,Shifted-RAT+traj,42,20,176.513182643,data/ucf101_rescue/UCF-101/WalkingWithDog/v_WalkingWithDog_g02_c01.avi,data/backend_inputs/WalkingWithDog_v_WalkingWithDog_g02_c01/seed_42/rat_dp/rat_intermediate_merged.mp4,,,
E1,WalkingWithDog_v_WalkingWithDog_g02_c01,WalkingWithDog,RAT-fusion,42,20,176.513182643,data/ucf101_rescue/UCF-101/WalkingWithDog/v_WalkingWithDog_g02_c01.avi,data/backend_inputs/WalkingWithDog_v_WalkingWithDog_g02_c01/seed_42/rat_dp/rat_intermediate_merged.mp4,,,
E1,WalkingWithDog_v_WalkingWithDog_g02_c01,WalkingWithDog,Shifted-RAT-fusion,42,20,176.513182643,data/ucf101_rescue/UCF-101/WalkingWithDog/v_WalkingWithDog_g02_c01.avi,data/backend_inputs/WalkingWithDog_v_WalkingWithDog_g02_c01/seed_42/rat_dp/rat_intermediate_merged.mp4,,,
E1,WalkingWithDog_v_WalkingWithDog_g02_c01,WalkingWithDog,VideoMAE-only,42,20,176.513182643,data/ucf101_rescue/UCF-101/WalkingWithDog/v_WalkingWithDog_g02_c01.avi,data/backend_inputs/WalkingWithDog_v_WalkingWithDog_g02_c01/seed_42/rat_dp/rat_intermediate_merged.mp4,,,
E1,WalkingWithDog_v_WalkingWithDog_g03_c01,WalkingWithDog,RAT+traj,0,20,176.513182643,data/ucf101_rescue/UCF-101/WalkingWithDog/v_WalkingWithDog_g03_c01.avi,data/backend_inputs/WalkingWithDog_v_WalkingWithDog_g03_c01/seed_42/rat_dp/rat_intermediate_merged.mp4,,,
E1,WalkingWithDog_v_WalkingWithDog_g03_c01,WalkingWithDog,Motion-reference,0,20,176.513182643,data/ucf101_rescue/UCF-101/WalkingWithDog/v_WalkingWithDog_g03_c01.avi,data/backend_inputs/WalkingWithDog_v_WalkingWithDog_g03_c01/seed_42/rat_dp/rat_intermediate_merged.mp4,,,
E1,WalkingWithDog_v_WalkingWithDog_g03_c01,WalkingWithDog,Random,0,20,176.513182643,data/ucf101_rescue/UCF-101/WalkingWithDog/v_WalkingWithDog_g03_c01.avi,data/backend_inputs/WalkingWithDog_v_WalkingWithDog_g03_c01/seed_42/rat_dp/rat_intermediate_merged.mp4,,,
E1,WalkingWithDog_v_WalkingWithDog_g03_c01,WalkingWithDog,Shifted-RAT+traj,0,20,176.513182643,data/ucf101_rescue/UCF-101/WalkingWithDog/v_WalkingWithDog_g03_c01.avi,data/backend_inputs/WalkingWithDog_v_WalkingWithDog_g03_c01/seed_42/rat_dp/rat_intermediate_merged.mp4,,,
E1,WalkingWithDog_v_WalkingWithDog_g03_c01,WalkingWithDog,RAT-fusion,0,20,176.513182643,data/ucf101_rescue/UCF-101/WalkingWithDog/v_WalkingWithDog_g03_c01.avi,data/backend_inputs/WalkingWithDog_v_WalkingWithDog_g03_c01/seed_42/rat_dp/rat_intermediate_merged.mp4,,,
E1,WalkingWithDog_v_WalkingWithDog_g03_c01,WalkingWithDog,Shifted-RAT-fusion,0,20,176.513182643,data/ucf101_rescue/UCF-101/WalkingWithDog/v_WalkingWithDog_g03_c01.avi,data/backend_inputs/WalkingWithDog_v_WalkingWithDog_g03_c01/seed_42/rat_dp/rat_intermediate_merged.mp4,,,
E1,WalkingWithDog_v_WalkingWithDog_g03_c01,WalkingWithDog,VideoMAE-only,0,20,176.513182643,data/ucf101_rescue/UCF-101/WalkingWithDog/v_WalkingWithDog_g03_c01.avi,data/backend_inputs/WalkingWithDog_v_WalkingWithDog_g03_c01/seed_42/rat_dp/rat_intermediate_merged.mp4,,,
E1,WalkingWithDog_v_WalkingWithDog_g03_c01,WalkingWithDog,RAT+traj,1,20,176.513182643,data/ucf101_rescue/UCF-101/WalkingWithDog/v_WalkingWithDog_g03_c01.avi,data/backend_inputs/WalkingWithDog_v_WalkingWithDog_g03_c01/seed_42/rat_dp/rat_intermediate_merged.mp4,,,
E1,WalkingWithDog_v_WalkingWithDog_g03_c01,WalkingWithDog,Motion-reference,1,20,176.513182643,data/ucf101_rescue/UCF-101/WalkingWithDog/v_WalkingWithDog_g03_c01.avi,data/backend_inputs/WalkingWithDog_v_WalkingWithDog_g03_c01/seed_42/rat_dp/rat_intermediate_merged.mp4,,,
E1,WalkingWithDog_v_WalkingWithDog_g03_c01,WalkingWithDog,Random,1,20,176.513182643,data/ucf101_rescue/UCF-101/WalkingWithDog/v_WalkingWithDog_g03_c01.avi,data/backend_inputs/WalkingWithDog_v_WalkingWithDog_g03_c01/seed_42/rat_dp/rat_intermediate_merged.mp4,,,
E1,WalkingWithDog_v_WalkingWithDog_g03_c01,WalkingWithDog,Shifted-RAT+traj,1,20,176.513182643,data/ucf101_rescue/UCF-101/WalkingWithDog/v_WalkingWithDog_g03_c01.avi,data/backend_inputs/WalkingWithDog_v_WalkingWithDog_g03_c01/seed_42/rat_dp/rat_intermediate_merged.mp4,,,
E1,WalkingWithDog_v_WalkingWithDog_g03_c01,WalkingWithDog,RAT-fusion,1,20,176.513182643,data/ucf101_rescue/UCF-101/WalkingWithDog/v_WalkingWithDog_g03_c01.avi,data/backend_inputs/WalkingWithDog_v_WalkingWithDog_g03_c01/seed_42/rat_dp/rat_intermediate_merged.mp4,,,
E1,WalkingWithDog_v_WalkingWithDog_g03_c01,WalkingWithDog,Shifted-RAT-fusion,1,20,176.513182643,data/ucf101_rescue/UCF-101/WalkingWithDog/v_WalkingWithDog_g03_c01.avi,data/backend_inputs/WalkingWithDog_v_WalkingWithDog_g03_c01/seed_42/rat_dp/rat_intermediate_merged.mp4,,,
E1,WalkingWithDog_v_WalkingWithDog_g03_c01,WalkingWithDog,VideoMAE-only,1,20,176.513182643,data/ucf101_rescue/UCF-101/WalkingWithDog/v_WalkingWithDog_g03_c01.avi,data/backend_inputs/WalkingWithDog_v_WalkingWithDog_g03_c01/seed_42/rat_dp/rat_intermediate_merged.mp4,,,
E1,WalkingWithDog_v_WalkingWithDog_g03_c01,WalkingWithDog,RAT+traj,2,20,176.513182643,data/ucf101_rescue/UCF-101/WalkingWithDog/v_WalkingWithDog_g03_c01.avi,data/backend_inputs/WalkingWithDog_v_WalkingWithDog_g03_c01/seed_42/rat_dp/rat_intermediate_merged.mp4,,,
E1,WalkingWithDog_v_WalkingWithDog_g03_c01,WalkingWithDog,Motion-reference,2,20,176.513182643,data/ucf101_rescue/UCF-101/WalkingWithDog/v_WalkingWithDog_g03_c01.avi,data/backend_inputs/WalkingWithDog_v_WalkingWithDog_g03_c01/seed_42/rat_dp/rat_intermediate_merged.mp4,,,
E1,WalkingWithDog_v_WalkingWithDog_g03_c01,WalkingWithDog,Random,2,20,176.513182643,data/ucf101_rescue/UCF-101/WalkingWithDog/v_WalkingWithDog_g03_c01.avi,data/backend_inputs/WalkingWithDog_v_WalkingWithDog_g03_c01/seed_42/rat_dp/rat_intermediate_merged.mp4,,,
E1,WalkingWithDog_v_WalkingWithDog_g03_c01,WalkingWithDog,Shifted-RAT+traj,2,20,176.513182643,data/ucf101_rescue/UCF-101/WalkingWithDog/v_WalkingWithDog_g03_c01.avi,data/backend_inputs/WalkingWithDog_v_WalkingWithDog_g03_c01/seed_42/rat_dp/rat_intermediate_merged.mp4,,,
E1,WalkingWithDog_v_WalkingWithDog_g03_c01,WalkingWithDog,RAT-fusion,2,20,176.513182643,data/ucf101_rescue/UCF-101/WalkingWithDog/v_WalkingWithDog_g03_c01.avi,data/backend_inputs/WalkingWithDog_v_WalkingWithDog_g03_c01/seed_42/rat_dp/rat_intermediate_merged.mp4,,,
E1,WalkingWithDog_v_WalkingWithDog_g03_c01,WalkingWithDog,Shifted-RAT-fusion,2,20,176.513182643,data/ucf101_rescue/UCF-101/WalkingWithDog/v_WalkingWithDog_g03_c01.avi,data/backend_inputs/WalkingWithDog_v_WalkingWithDog_g03_c01/seed_42/rat_dp/rat_intermediate_merged.mp4,,,
E1,WalkingWithDog_v_WalkingWithDog_g03_c01,WalkingWithDog,VideoMAE-only,2,20,176.513182643,data/ucf101_rescue/UCF-101/WalkingWithDog/v_WalkingWithDog_g03_c01.avi,data/backend_inputs/WalkingWithDog_v_WalkingWithDog_g03_c01/seed_42/rat_dp/rat_intermediate_merged.mp4,,,
E1,WalkingWithDog_v_WalkingWithDog_g03_c01,WalkingWithDog,RAT+traj,3,20,176.513182643,data/ucf101_rescue/UCF-101/WalkingWithDog/v_WalkingWithDog_g03_c01.avi,data/backend_inputs/WalkingWithDog_v_WalkingWithDog_g03_c01/seed_42/rat_dp/rat_intermediate_merged.mp4,,,
E1,WalkingWithDog_v_WalkingWithDog_g03_c01,WalkingWithDog,Motion-reference,3,20,176.513182643,data/ucf101_rescue/UCF-101/WalkingWithDog/v_WalkingWithDog_g03_c01.avi,data/backend_inputs/WalkingWithDog_v_WalkingWithDog_g03_c01/seed_42/rat_dp/rat_intermediate_merged.mp4,,,
E1,WalkingWithDog_v_WalkingWithDog_g03_c01,WalkingWithDog,Random,3,20,176.513182643,data/ucf101_rescue/UCF-101/WalkingWithDog/v_WalkingWithDog_g03_c01.avi,data/backend_inputs/WalkingWithDog_v_WalkingWithDog_g03_c01/seed_42/rat_dp/rat_intermediate_merged.mp4,,,
E1,WalkingWithDog_v_WalkingWithDog_g03_c01,WalkingWithDog,Shifted-RAT+traj,3,20,176.513182643,data/ucf101_rescue/UCF-101/WalkingWithDog/v_WalkingWithDog_g03_c01.avi,data/backend_inputs/WalkingWithDog_v_WalkingWithDog_g03_c01/seed_42/rat_dp/rat_intermediate_merged.mp4,,,
E1,WalkingWithDog_v_WalkingWithDog_g03_c01,WalkingWithDog,RAT-fusion,3,20,176.513182643,data/ucf101_rescue/UCF-101/WalkingWithDog/v_WalkingWithDog_g03_c01.avi,data/backend_inputs/WalkingWithDog_v_WalkingWithDog_g03_c01/seed_42/rat_dp/rat_intermediate_merged.mp4,,,
E1,WalkingWithDog_v_WalkingWithDog_g03_c01,WalkingWithDog,Shifted-RAT-fusion,3,20,176.513182643,data/ucf101_rescue/UCF-101/WalkingWithDog/v_WalkingWithDog_g03_c01.avi,data/backend_inputs/WalkingWithDog_v_WalkingWithDog_g03_c01/seed_42/rat_dp/rat_intermediate_merged.mp4,,,
E1,WalkingWithDog_v_WalkingWithDog_g03_c01,WalkingWithDog,VideoMAE-only,3,20,176.513182643,data/ucf101_rescue/UCF-101/WalkingWithDog/v_WalkingWithDog_g03_c01.avi,data/backend_inputs/WalkingWithDog_v_WalkingWithDog_g03_c01/seed_42/rat_dp/rat_intermediate_merged.mp4,,,
E1,WalkingWithDog_v_WalkingWithDog_g03_c01,WalkingWithDog,RAT+traj,4,20,176.513182643,data/ucf101_rescue/UCF-101/WalkingWithDog/v_WalkingWithDog_g03_c01.avi,data/backend_inputs/WalkingWithDog_v_WalkingWithDog_g03_c01/seed_42/rat_dp/rat_intermediate_merged.mp4,,,
E1,WalkingWithDog_v_WalkingWithDog_g03_c01,WalkingWithDog,Motion-reference,4,20,176.513182643,data/ucf101_rescue/UCF-101/WalkingWithDog/v_WalkingWithDog_g03_c01.avi,data/backend_inputs/WalkingWithDog_v_WalkingWithDog_g03_c01/seed_42/rat_dp/rat_intermediate_merged.mp4,,,
E1,WalkingWithDog_v_WalkingWithDog_g03_c01,WalkingWithDog,Random,4,20,176.513182643,data/ucf101_rescue/UCF-101/WalkingWithDog/v_WalkingWithDog_g03_c01.avi,data/backend_inputs/WalkingWithDog_v_WalkingWithDog_g03_c01/seed_42/rat_dp/rat_intermediate_merged.mp4,,,
E1,WalkingWithDog_v_WalkingWithDog_g03_c01,WalkingWithDog,Shifted-RAT+traj,4,20,176.513182643,data/ucf101_rescue/UCF-101/WalkingWithDog/v_WalkingWithDog_g03_c01.avi,data/backend_inputs/WalkingWithDog_v_WalkingWithDog_g03_c01/seed_42/rat_dp/rat_intermediate_merged.mp4,,,
E1,WalkingWithDog_v_WalkingWithDog_g03_c01,WalkingWithDog,RAT-fusion,4,20,176.513182643,data/ucf101_rescue/UCF-101/WalkingWithDog/v_WalkingWithDog_g03_c01.avi,data/backend_inputs/WalkingWithDog_v_WalkingWithDog_g03_c01/seed_42/rat_dp/rat_intermediate_merged.mp4,,,
E1,WalkingWithDog_v_WalkingWithDog_g03_c01,WalkingWithDog,Shifted-RAT-fusion,4,20,176.513182643,data/ucf101_rescue/UCF-101/WalkingWithDog/v_WalkingWithDog_g03_c01.avi,data/backend_inputs/WalkingWithDog_v_WalkingWithDog_g03_c01/seed_42/rat_dp/rat_intermediate_merged.mp4,,,
E1,WalkingWithDog_v_WalkingWithDog_g03_c01,WalkingWithDog,VideoMAE-only,4,20,176.513182643,data/ucf101_rescue/UCF-101/WalkingWithDog/v_WalkingWithDog_g03_c01.avi,data/backend_inputs/WalkingWithDog_v_WalkingWithDog_g03_c01/seed_42/rat_dp/rat_intermediate_merged.mp4,,,
E1,WalkingWithDog_v_WalkingWithDog_g03_c01,WalkingWithDog,RAT+traj,5,20,176.513182643,data/ucf101_rescue/UCF-101/WalkingWithDog/v_WalkingWithDog_g03_c01.avi,data/backend_inputs/WalkingWithDog_v_WalkingWithDog_g03_c01/seed_42/rat_dp/rat_intermediate_merged.mp4,,,
E1,WalkingWithDog_v_WalkingWithDog_g03_c01,WalkingWithDog,Motion-reference,5,20,176.513182643,data/ucf101_rescue/UCF-101/WalkingWithDog/v_WalkingWithDog_g03_c01.avi,data/backend_inputs/WalkingWithDog_v_WalkingWithDog_g03_c01/seed_42/rat_dp/rat_intermediate_merged.mp4,,,
E1,WalkingWithDog_v_WalkingWithDog_g03_c01,WalkingWithDog,Random,5,20,176.513182643,data/ucf101_rescue/UCF-101/WalkingWithDog/v_WalkingWithDog_g03_c01.avi,data/backend_inputs/WalkingWithDog_v_WalkingWithDog_g03_c01/seed_42/rat_dp/rat_intermediate_merged.mp4,,,
E1,WalkingWithDog_v_WalkingWithDog_g03_c01,WalkingWithDog,Shifted-RAT+traj,5,20,176.513182643,data/ucf101_rescue/UCF-101/WalkingWithDog/v_WalkingWithDog_g03_c01.avi,data/backend_inputs/WalkingWithDog_v_WalkingWithDog_g03_c01/seed_42/rat_dp/rat_intermediate_merged.mp4,,,
E1,WalkingWithDog_v_WalkingWithDog_g03_c01,WalkingWithDog,RAT-fusion,5,20,176.513182643,data/ucf101_rescue/UCF-101/WalkingWithDog/v_WalkingWithDog_g03_c01.avi,data/backend_inputs/WalkingWithDog_v_WalkingWithDog_g03_c01/seed_42/rat_dp/rat_intermediate_merged.mp4,,,
E1,WalkingWithDog_v_WalkingWithDog_g03_c01,WalkingWithDog,Shifted-RAT-fusion,5,20,176.513182643,data/ucf101_rescue/UCF-101/WalkingWithDog/v_WalkingWithDog_g03_c01.avi,data/backend_inputs/WalkingWithDog_v_WalkingWithDog_g03_c01/seed_42/rat_dp/rat_intermediate_merged.mp4,,,
E1,WalkingWithDog_v_WalkingWithDog_g03_c01,WalkingWithDog,VideoMAE-only,5,20,176.513182643,data/ucf101_rescue/UCF-101/WalkingWithDog/v_WalkingWithDog_g03_c01.avi,data/backend_inputs/WalkingWithDog_v_WalkingWithDog_g03_c01/seed_42/rat_dp/rat_intermediate_merged.mp4,,,
E1,WalkingWithDog_v_WalkingWithDog_g03_c01,WalkingWithDog,RAT+traj,6,20,176.513182643,data/ucf101_rescue/UCF-101/WalkingWithDog/v_WalkingWithDog_g03_c01.avi,data/backend_inputs/WalkingWithDog_v_WalkingWithDog_g03_c01/seed_42/rat_dp/rat_intermediate_merged.mp4,,,
E1,WalkingWithDog_v_WalkingWithDog_g03_c01,WalkingWithDog,Motion-reference,6,20,176.513182643,data/ucf101_rescue/UCF-101/WalkingWithDog/v_WalkingWithDog_g03_c01.avi,data/backend_inputs/WalkingWithDog_v_WalkingWithDog_g03_c01/seed_42/rat_dp/rat_intermediate_merged.mp4,,,
E1,WalkingWithDog_v_WalkingWithDog_g03_c01,WalkingWithDog,Random,6,20,176.513182643,data/ucf101_rescue/UCF-101/WalkingWithDog/v_WalkingWithDog_g03_c01.avi,data/backend_inputs/WalkingWithDog_v_WalkingWithDog_g03_c01/seed_42/rat_dp/rat_intermediate_merged.mp4,,,
E1,WalkingWithDog_v_WalkingWithDog_g03_c01,WalkingWithDog,Shifted-RAT+traj,6,20,176.513182643,data/ucf101_rescue/UCF-101/WalkingWithDog/v_WalkingWithDog_g03_c01.avi,data/backend_inputs/WalkingWithDog_v_WalkingWithDog_g03_c01/seed_42/rat_dp/rat_intermediate_merged.mp4,,,
E1,WalkingWithDog_v_WalkingWithDog_g03_c01,WalkingWithDog,RAT-fusion,6,20,176.513182643,data/ucf101_rescue/UCF-101/WalkingWithDog/v_WalkingWithDog_g03_c01.avi,data/backend_inputs/WalkingWithDog_v_WalkingWithDog_g03_c01/seed_42/rat_dp/rat_intermediate_merged.mp4,,,
E1,WalkingWithDog_v_WalkingWithDog_g03_c01,WalkingWithDog,Shifted-RAT-fusion,6,20,176.513182643,data/ucf101_rescue/UCF-101/WalkingWithDog/v_WalkingWithDog_g03_c01.avi,data/backend_inputs/WalkingWithDog_v_WalkingWithDog_g03_c01/seed_42/rat_dp/rat_intermediate_merged.mp4,,,
E1,WalkingWithDog_v_WalkingWithDog_g03_c01,WalkingWithDog,VideoMAE-only,6,20,176.513182643,data/ucf101_rescue/UCF-101/WalkingWithDog/v_WalkingWithDog_g03_c01.avi,data/backend_inputs/WalkingWithDog_v_WalkingWithDog_g03_c01/seed_42/rat_dp/rat_intermediate_merged.mp4,,,
E1,WalkingWithDog_v_WalkingWithDog_g03_c01,WalkingWithDog,RAT+traj,7,20,176.513182643,data/ucf101_rescue/UCF-101/WalkingWithDog/v_WalkingWithDog_g03_c01.avi,data/backend_inputs/WalkingWithDog_v_WalkingWithDog_g03_c01/seed_42/rat_dp/rat_intermediate_merged.mp4,,,
E1,WalkingWithDog_v_WalkingWithDog_g03_c01,WalkingWithDog,Motion-reference,7,20,176.513182643,data/ucf101_rescue/UCF-101/WalkingWithDog/v_WalkingWithDog_g03_c01.avi,data/backend_inputs/WalkingWithDog_v_WalkingWithDog_g03_c01/seed_42/rat_dp/rat_intermediate_merged.mp4,,,
E1,WalkingWithDog_v_WalkingWithDog_g03_c01,WalkingWithDog,Random,7,20,176.513182643,data/ucf101_rescue/UCF-101/WalkingWithDog/v_WalkingWithDog_g03_c01.avi,data/backend_inputs/WalkingWithDog_v_WalkingWithDog_g03_c01/seed_42/rat_dp/rat_intermediate_merged.mp4,,,
E1,WalkingWithDog_v_WalkingWithDog_g03_c01,WalkingWithDog,Shifted-RAT+traj,7,20,176.513182643,data/ucf101_rescue/UCF-101/WalkingWithDog/v_WalkingWithDog_g03_c01.avi,data/backend_inputs/WalkingWithDog_v_WalkingWithDog_g03_c01/seed_42/rat_dp/rat_intermediate_merged.mp4,,,
E1,WalkingWithDog_v_WalkingWithDog_g03_c01,WalkingWithDog,RAT-fusion,7,20,176.513182643,data/ucf101_rescue/UCF-101/WalkingWithDog/v_WalkingWithDog_g03_c01.avi,data/backend_inputs/WalkingWithDog_v_WalkingWithDog_g03_c01/seed_42/rat_dp/rat_intermediate_merged.mp4,,,
E1,WalkingWithDog_v_WalkingWithDog_g03_c01,WalkingWithDog,Shifted-RAT-fusion,7,20,176.513182643,data/ucf101_rescue/UCF-101/WalkingWithDog/v_WalkingWithDog_g03_c01.avi,data/backend_inputs/WalkingWithDog_v_WalkingWithDog_g03_c01/seed_42/rat_dp/rat_intermediate_merged.mp4,,,
E1,WalkingWithDog_v_WalkingWithDog_g03_c01,WalkingWithDog,VideoMAE-only,7,20,176.513182643,data/ucf101_rescue/UCF-101/WalkingWithDog/v_WalkingWithDog_g03_c01.avi,data/backend_inputs/WalkingWithDog_v_WalkingWithDog_g03_c01/seed_42/rat_dp/rat_intermediate_merged.mp4,,,
E1,WalkingWithDog_v_WalkingWithDog_g03_c01,WalkingWithDog,RAT+traj,8,20,176.513182643,data/ucf101_rescue/UCF-101/WalkingWithDog/v_WalkingWithDog_g03_c01.avi,data/backend_inputs/WalkingWithDog_v_WalkingWithDog_g03_c01/seed_42/rat_dp/rat_intermediate_merged.mp4,,,
E1,WalkingWithDog_v_WalkingWithDog_g03_c01,WalkingWithDog,Motion-reference,8,20,176.513182643,data/ucf101_rescue/UCF-101/WalkingWithDog/v_WalkingWithDog_g03_c01.avi,data/backend_inputs/WalkingWithDog_v_WalkingWithDog_g03_c01/seed_42/rat_dp/rat_intermediate_merged.mp4,,,
E1,WalkingWithDog_v_WalkingWithDog_g03_c01,WalkingWithDog,Random,8,20,176.513182643,data/ucf101_rescue/UCF-101/WalkingWithDog/v_WalkingWithDog_g03_c01.avi,data/backend_inputs/WalkingWithDog_v_WalkingWithDog_g03_c01/seed_42/rat_dp/rat_intermediate_merged.mp4,,,
E1,WalkingWithDog_v_WalkingWithDog_g03_c01,WalkingWithDog,Shifted-RAT+traj,8,20,176.513182643,data/ucf101_rescue/UCF-101/WalkingWithDog/v_WalkingWithDog_g03_c01.avi,data/backend_inputs/WalkingWithDog_v_WalkingWithDog_g03_c01/seed_42/rat_dp/rat_intermediate_merged.mp4,,,
E1,WalkingWithDog_v_WalkingWithDog_g03_c01,WalkingWithDog,RAT-fusion,8,20,176.513182643,data/ucf101_rescue/UCF-101/WalkingWithDog/v_WalkingWithDog_g03_c01.avi,data/backend_inputs/WalkingWithDog_v_WalkingWithDog_g03_c01/seed_42/rat_dp/rat_intermediate_merged.mp4,,,
E1,WalkingWithDog_v_WalkingWithDog_g03_c01,WalkingWithDog,Shifted-RAT-fusion,8,20,176.513182643,data/ucf101_rescue/UCF-101/WalkingWithDog/v_WalkingWithDog_g03_c01.avi,data/backend_inputs/WalkingWithDog_v_WalkingWithDog_g03_c01/seed_42/rat_dp/rat_intermediate_merged.mp4,,,
E1,WalkingWithDog_v_WalkingWithDog_g03_c01,WalkingWithDog,VideoMAE-only,8,20,176.513182643,data/ucf101_rescue/UCF-101/WalkingWithDog/v_WalkingWithDog_g03_c01.avi,data/backend_inputs/WalkingWithDog_v_WalkingWithDog_g03_c01/seed_42/rat_dp/rat_intermediate_merged.mp4,,,
E1,WalkingWithDog_v_WalkingWithDog_g03_c01,WalkingWithDog,RAT+traj,42,20,176.513182643,data/ucf101_rescue/UCF-101/WalkingWithDog/v_WalkingWithDog_g03_c01.avi,data/backend_inputs/WalkingWithDog_v_WalkingWithDog_g03_c01/seed_42/rat_dp/rat_intermediate_merged.mp4,,,
E1,WalkingWithDog_v_WalkingWithDog_g03_c01,WalkingWithDog,Motion-reference,42,20,176.513182643,data/ucf101_rescue/UCF-101/WalkingWithDog/v_WalkingWithDog_g03_c01.avi,data/backend_inputs/WalkingWithDog_v_WalkingWithDog_g03_c01/seed_42/rat_dp/rat_intermediate_merged.mp4,,,
E1,WalkingWithDog_v_WalkingWithDog_g03_c01,WalkingWithDog,Random,42,20,176.513182643,data/ucf101_rescue/UCF-101/WalkingWithDog/v_WalkingWithDog_g03_c01.avi,data/backend_inputs/WalkingWithDog_v_WalkingWithDog_g03_c01/seed_42/rat_dp/rat_intermediate_merged.mp4,,,
E1,WalkingWithDog_v_WalkingWithDog_g03_c01,WalkingWithDog,Shifted-RAT+traj,42,20,176.513182643,data/ucf101_rescue/UCF-101/WalkingWithDog/v_WalkingWithDog_g03_c01.avi,data/backend_inputs/WalkingWithDog_v_WalkingWithDog_g03_c01/seed_42/rat_dp/rat_intermediate_merged.mp4,,,
E1,WalkingWithDog_v_WalkingWithDog_g03_c01,WalkingWithDog,RAT-fusion,42,20,176.513182643,data/ucf101_rescue/UCF-101/WalkingWithDog/v_WalkingWithDog_g03_c01.avi,data/backend_inputs/WalkingWithDog_v_WalkingWithDog_g03_c01/seed_42/rat_dp/rat_intermediate_merged.mp4,,,
E1,WalkingWithDog_v_WalkingWithDog_g03_c01,WalkingWithDog,Shifted-RAT-fusion,42,20,176.513182643,data/ucf101_rescue/UCF-101/WalkingWithDog/v_WalkingWithDog_g03_c01.avi,data/backend_inputs/WalkingWithDog_v_WalkingWithDog_g03_c01/seed_42/rat_dp/rat_intermediate_merged.mp4,,,
E1,WalkingWithDog_v_WalkingWithDog_g03_c01,WalkingWithDog,VideoMAE-only,42,20,176.513182643,data/ucf101_rescue/UCF-101/WalkingWithDog/v_WalkingWithDog_g03_c01.avi,data/backend_inputs/WalkingWithDog_v_WalkingWithDog_g03_c01/seed_42/rat_dp/rat_intermediate_merged.mp4,,,
E1,WalkingWithDog_v_WalkingWithDog_g04_c01,WalkingWithDog,RAT+traj,0,20,109.878570081,data/ucf101_rescue/UCF-101/WalkingWithDog/v_WalkingWithDog_g04_c01.avi,data/backend_inputs/WalkingWithDog_v_WalkingWithDog_g04_c01/seed_42/rat_dp/rat_intermediate_merged.mp4,,,
E1,WalkingWithDog_v_WalkingWithDog_g04_c01,WalkingWithDog,Motion-reference,0,20,109.878570081,data/ucf101_rescue/UCF-101/WalkingWithDog/v_WalkingWithDog_g04_c01.avi,data/backend_inputs/WalkingWithDog_v_WalkingWithDog_g04_c01/seed_42/rat_dp/rat_intermediate_merged.mp4,,,
E1,WalkingWithDog_v_WalkingWithDog_g04_c01,WalkingWithDog,Random,0,20,109.878570081,data/ucf101_rescue/UCF-101/WalkingWithDog/v_WalkingWithDog_g04_c01.avi,data/backend_inputs/WalkingWithDog_v_WalkingWithDog_g04_c01/seed_42/rat_dp/rat_intermediate_merged.mp4,,,
E1,WalkingWithDog_v_WalkingWithDog_g04_c01,WalkingWithDog,Shifted-RAT+traj,0,20,109.878570081,data/ucf101_rescue/UCF-101/WalkingWithDog/v_WalkingWithDog_g04_c01.avi,data/backend_inputs/WalkingWithDog_v_WalkingWithDog_g04_c01/seed_42/rat_dp/rat_intermediate_merged.mp4,,,
E1,WalkingWithDog_v_WalkingWithDog_g04_c01,WalkingWithDog,RAT-fusion,0,20,109.878570081,data/ucf101_rescue/UCF-101/WalkingWithDog/v_WalkingWithDog_g04_c01.avi,data/backend_inputs/WalkingWithDog_v_WalkingWithDog_g04_c01/seed_42/rat_dp/rat_intermediate_merged.mp4,,,
E1,WalkingWithDog_v_WalkingWithDog_g04_c01,WalkingWithDog,Shifted-RAT-fusion,0,20,109.878570081,data/ucf101_rescue/UCF-101/WalkingWithDog/v_WalkingWithDog_g04_c01.avi,data/backend_inputs/WalkingWithDog_v_WalkingWithDog_g04_c01/seed_42/rat_dp/rat_intermediate_merged.mp4,,,
E1,WalkingWithDog_v_WalkingWithDog_g04_c01,WalkingWithDog,VideoMAE-only,0,20,109.878570081,data/ucf101_rescue/UCF-101/WalkingWithDog/v_WalkingWithDog_g04_c01.avi,data/backend_inputs/WalkingWithDog_v_WalkingWithDog_g04_c01/seed_42/rat_dp/rat_intermediate_merged.mp4,,,
E1,WalkingWithDog_v_WalkingWithDog_g04_c01,WalkingWithDog,RAT+traj,1,20,109.878570081,data/ucf101_rescue/UCF-101/WalkingWithDog/v_WalkingWithDog_g04_c01.avi,data/backend_inputs/WalkingWithDog_v_WalkingWithDog_g04_c01/seed_42/rat_dp/rat_intermediate_merged.mp4,,,
E1,WalkingWithDog_v_WalkingWithDog_g04_c01,WalkingWithDog,Motion-reference,1,20,109.878570081,data/ucf101_rescue/UCF-101/WalkingWithDog/v_WalkingWithDog_g04_c01.avi,data/backend_inputs/WalkingWithDog_v_WalkingWithDog_g04_c01/seed_42/rat_dp/rat_intermediate_merged.mp4,,,
E1,WalkingWithDog_v_WalkingWithDog_g04_c01,WalkingWithDog,Random,1,20,109.878570081,data/ucf101_rescue/UCF-101/WalkingWithDog/v_WalkingWithDog_g04_c01.avi,data/backend_inputs/WalkingWithDog_v_WalkingWithDog_g04_c01/seed_42/rat_dp/rat_intermediate_merged.mp4,,,
E1,WalkingWithDog_v_WalkingWithDog_g04_c01,WalkingWithDog,Shifted-RAT+traj,1,20,109.878570081,data/ucf101_rescue/UCF-101/WalkingWithDog/v_WalkingWithDog_g04_c01.avi,data/backend_inputs/WalkingWithDog_v_WalkingWithDog_g04_c01/seed_42/rat_dp/rat_intermediate_merged.mp4,,,
E1,WalkingWithDog_v_WalkingWithDog_g04_c01,WalkingWithDog,RAT-fusion,1,20,109.878570081,data/ucf101_rescue/UCF-101/WalkingWithDog/v_WalkingWithDog_g04_c01.avi,data/backend_inputs/WalkingWithDog_v_WalkingWithDog_g04_c01/seed_42/rat_dp/rat_intermediate_merged.mp4,,,
E1,WalkingWithDog_v_WalkingWithDog_g04_c01,WalkingWithDog,Shifted-RAT-fusion,1,20,109.878570081,data/ucf101_rescue/UCF-101/WalkingWithDog/v_WalkingWithDog_g04_c01.avi,data/backend_inputs/WalkingWithDog_v_WalkingWithDog_g04_c01/seed_42/rat_dp/rat_intermediate_merged.mp4,,,
E1,WalkingWithDog_v_WalkingWithDog_g04_c01,WalkingWithDog,VideoMAE-only,1,20,109.878570081,data/ucf101_rescue/UCF-101/WalkingWithDog/v_WalkingWithDog_g04_c01.avi,data/backend_inputs/WalkingWithDog_v_WalkingWithDog_g04_c01/seed_42/rat_dp/rat_intermediate_merged.mp4,,,
E1,WalkingWithDog_v_WalkingWithDog_g04_c01,WalkingWithDog,RAT+traj,2,20,109.878570081,data/ucf101_rescue/UCF-101/WalkingWithDog/v_WalkingWithDog_g04_c01.avi,data/backend_inputs/WalkingWithDog_v_WalkingWithDog_g04_c01/seed_42/rat_dp/rat_intermediate_merged.mp4,,,
E1,WalkingWithDog_v_WalkingWithDog_g04_c01,WalkingWithDog,Motion-reference,2,20,109.878570081,data/ucf101_rescue/UCF-101/WalkingWithDog/v_WalkingWithDog_g04_c01.avi,data/backend_inputs/WalkingWithDog_v_WalkingWithDog_g04_c01/seed_42/rat_dp/rat_intermediate_merged.mp4,,,
E1,WalkingWithDog_v_WalkingWithDog_g04_c01,WalkingWithDog,Random,2,20,109.878570081,data/ucf101_rescue/UCF-101/WalkingWithDog/v_WalkingWithDog_g04_c01.avi,data/backend_inputs/WalkingWithDog_v_WalkingWithDog_g04_c01/seed_42/rat_dp/rat_intermediate_merged.mp4,,,
E1,WalkingWithDog_v_WalkingWithDog_g04_c01,WalkingWithDog,Shifted-RAT+traj,2,20,109.878570081,data/ucf101_rescue/UCF-101/WalkingWithDog/v_WalkingWithDog_g04_c01.avi,data/backend_inputs/WalkingWithDog_v_WalkingWithDog_g04_c01/seed_42/rat_dp/rat_intermediate_merged.mp4,,,
E1,WalkingWithDog_v_WalkingWithDog_g04_c01,WalkingWithDog,RAT-fusion,2,20,109.878570081,data/ucf101_rescue/UCF-101/WalkingWithDog/v_WalkingWithDog_g04_c01.avi,data/backend_inputs/WalkingWithDog_v_WalkingWithDog_g04_c01/seed_42/rat_dp/rat_intermediate_merged.mp4,,,
E1,WalkingWithDog_v_WalkingWithDog_g04_c01,WalkingWithDog,Shifted-RAT-fusion,2,20,109.878570081,data/ucf101_rescue/UCF-101/WalkingWithDog/v_WalkingWithDog_g04_c01.avi,data/backend_inputs/WalkingWithDog_v_WalkingWithDog_g04_c01/seed_42/rat_dp/rat_intermediate_merged.mp4,,,
E1,WalkingWithDog_v_WalkingWithDog_g04_c01,WalkingWithDog,VideoMAE-only,2,20,109.878570081,data/ucf101_rescue/UCF-101/WalkingWithDog/v_WalkingWithDog_g04_c01.avi,data/backend_inputs/WalkingWithDog_v_WalkingWithDog_g04_c01/seed_42/rat_dp/rat_intermediate_merged.mp4,,,
E1,WalkingWithDog_v_WalkingWithDog_g04_c01,WalkingWithDog,RAT+traj,3,20,109.878570081,data/ucf101_rescue/UCF-101/WalkingWithDog/v_WalkingWithDog_g04_c01.avi,data/backend_inputs/WalkingWithDog_v_WalkingWithDog_g04_c01/seed_42/rat_dp/rat_intermediate_merged.mp4,,,
E1,WalkingWithDog_v_WalkingWithDog_g04_c01,WalkingWithDog,Motion-reference,3,20,109.878570081,data/ucf101_rescue/UCF-101/WalkingWithDog/v_WalkingWithDog_g04_c01.avi,data/backend_inputs/WalkingWithDog_v_WalkingWithDog_g04_c01/seed_42/rat_dp/rat_intermediate_merged.mp4,,,
E1,WalkingWithDog_v_WalkingWithDog_g04_c01,WalkingWithDog,Random,3,20,109.878570081,data/ucf101_rescue/UCF-101/WalkingWithDog/v_WalkingWithDog_g04_c01.avi,data/backend_inputs/WalkingWithDog_v_WalkingWithDog_g04_c01/seed_42/rat_dp/rat_intermediate_merged.mp4,,,
E1,WalkingWithDog_v_WalkingWithDog_g04_c01,WalkingWithDog,Shifted-RAT+traj,3,20,109.878570081,data/ucf101_rescue/UCF-101/WalkingWithDog/v_WalkingWithDog_g04_c01.avi,data/backend_inputs/WalkingWithDog_v_WalkingWithDog_g04_c01/seed_42/rat_dp/rat_intermediate_merged.mp4,,,
E1,WalkingWithDog_v_WalkingWithDog_g04_c01,WalkingWithDog,RAT-fusion,3,20,109.878570081,data/ucf101_rescue/UCF-101/WalkingWithDog/v_WalkingWithDog_g04_c01.avi,data/backend_inputs/WalkingWithDog_v_WalkingWithDog_g04_c01/seed_42/rat_dp/rat_intermediate_merged.mp4,,,
E1,WalkingWithDog_v_WalkingWithDog_g04_c01,WalkingWithDog,Shifted-RAT-fusion,3,20,109.878570081,data/ucf101_rescue/UCF-101/WalkingWithDog/v_WalkingWithDog_g04_c01.avi,data/backend_inputs/WalkingWithDog_v_WalkingWithDog_g04_c01/seed_42/rat_dp/rat_intermediate_merged.mp4,,,
E1,WalkingWithDog_v_WalkingWithDog_g04_c01,WalkingWithDog,VideoMAE-only,3,20,109.878570081,data/ucf101_rescue/UCF-101/WalkingWithDog/v_WalkingWithDog_g04_c01.avi,data/backend_inputs/WalkingWithDog_v_WalkingWithDog_g04_c01/seed_42/rat_dp/rat_intermediate_merged.mp4,,,
E1,WalkingWithDog_v_WalkingWithDog_g04_c01,WalkingWithDog,RAT+traj,4,20,109.878570081,data/ucf101_rescue/UCF-101/WalkingWithDog/v_WalkingWithDog_g04_c01.avi,data/backend_inputs/WalkingWithDog_v_WalkingWithDog_g04_c01/seed_42/rat_dp/rat_intermediate_merged.mp4,,,
E1,WalkingWithDog_v_WalkingWithDog_g04_c01,WalkingWithDog,Motion-reference,4,20,109.878570081,data/ucf101_rescue/UCF-101/WalkingWithDog/v_WalkingWithDog_g04_c01.avi,data/backend_inputs/WalkingWithDog_v_WalkingWithDog_g04_c01/seed_42/rat_dp/rat_intermediate_merged.mp4,,,
E1,WalkingWithDog_v_WalkingWithDog_g04_c01,WalkingWithDog,Random,4,20,109.878570081,data/ucf101_rescue/UCF-101/WalkingWithDog/v_WalkingWithDog_g04_c01.avi,data/backend_inputs/WalkingWithDog_v_WalkingWithDog_g04_c01/seed_42/rat_dp/rat_intermediate_merged.mp4,,,
E1,WalkingWithDog_v_WalkingWithDog_g04_c01,WalkingWithDog,Shifted-RAT+traj,4,20,109.878570081,data/ucf101_rescue/UCF-101/WalkingWithDog/v_WalkingWithDog_g04_c01.avi,data/backend_inputs/WalkingWithDog_v_WalkingWithDog_g04_c01/seed_42/rat_dp/rat_intermediate_merged.mp4,,,
E1,WalkingWithDog_v_WalkingWithDog_g04_c01,WalkingWithDog,RAT-fusion,4,20,109.878570081,data/ucf101_rescue/UCF-101/WalkingWithDog/v_WalkingWithDog_g04_c01.avi,data/backend_inputs/WalkingWithDog_v_WalkingWithDog_g04_c01/seed_42/rat_dp/rat_intermediate_merged.mp4,,,
E1,WalkingWithDog_v_WalkingWithDog_g04_c01,WalkingWithDog,Shifted-RAT-fusion,4,20,109.878570081,data/ucf101_rescue/UCF-101/WalkingWithDog/v_WalkingWithDog_g04_c01.avi,data/backend_inputs/WalkingWithDog_v_WalkingWithDog_g04_c01/seed_42/rat_dp/rat_intermediate_merged.mp4,,,
E1,WalkingWithDog_v_WalkingWithDog_g04_c01,WalkingWithDog,VideoMAE-only,4,20,109.878570081,data/ucf101_rescue/UCF-101/WalkingWithDog/v_WalkingWithDog_g04_c01.avi,data/backend_inputs/WalkingWithDog_v_WalkingWithDog_g04_c01/seed_42/rat_dp/rat_intermediate_merged.mp4,,,
E1,WalkingWithDog_v_WalkingWithDog_g04_c01,WalkingWithDog,RAT+traj,5,20,109.878570081,data/ucf101_rescue/UCF-101/WalkingWithDog/v_WalkingWithDog_g04_c01.avi,data/backend_inputs/WalkingWithDog_v_WalkingWithDog_g04_c01/seed_42/rat_dp/rat_intermediate_merged.mp4,,,
E1,WalkingWithDog_v_WalkingWithDog_g04_c01,WalkingWithDog,Motion-reference,5,20,109.878570081,data/ucf101_rescue/UCF-101/WalkingWithDog/v_WalkingWithDog_g04_c01.avi,data/backend_inputs/WalkingWithDog_v_WalkingWithDog_g04_c01/seed_42/rat_dp/rat_intermediate_merged.mp4,,,
E1,WalkingWithDog_v_WalkingWithDog_g04_c01,WalkingWithDog,Random,5,20,109.878570081,data/ucf101_rescue/UCF-101/WalkingWithDog/v_WalkingWithDog_g04_c01.avi,data/backend_inputs/WalkingWithDog_v_WalkingWithDog_g04_c01/seed_42/rat_dp/rat_intermediate_merged.mp4,,,
E1,WalkingWithDog_v_WalkingWithDog_g04_c01,WalkingWithDog,Shifted-RAT+traj,5,20,109.878570081,data/ucf101_rescue/UCF-101/WalkingWithDog/v_WalkingWithDog_g04_c01.avi,data/backend_inputs/WalkingWithDog_v_WalkingWithDog_g04_c01/seed_42/rat_dp/rat_intermediate_merged.mp4,,,
E1,WalkingWithDog_v_WalkingWithDog_g04_c01,WalkingWithDog,RAT-fusion,5,20,109.878570081,data/ucf101_rescue/UCF-101/WalkingWithDog/v_WalkingWithDog_g04_c01.avi,data/backend_inputs/WalkingWithDog_v_WalkingWithDog_g04_c01/seed_42/rat_dp/rat_intermediate_merged.mp4,,,
E1,WalkingWithDog_v_WalkingWithDog_g04_c01,WalkingWithDog,Shifted-RAT-fusion,5,20,109.878570081,data/ucf101_rescue/UCF-101/WalkingWithDog/v_WalkingWithDog_g04_c01.avi,data/backend_inputs/WalkingWithDog_v_WalkingWithDog_g04_c01/seed_42/rat_dp/rat_intermediate_merged.mp4,,,
E1,WalkingWithDog_v_WalkingWithDog_g04_c01,WalkingWithDog,VideoMAE-only,5,20,109.878570081,data/ucf101_rescue/UCF-101/WalkingWithDog/v_WalkingWithDog_g04_c01.avi,data/backend_inputs/WalkingWithDog_v_WalkingWithDog_g04_c01/seed_42/rat_dp/rat_intermediate_merged.mp4,,,
E1,WalkingWithDog_v_WalkingWithDog_g04_c01,WalkingWithDog,RAT+traj,6,20,109.878570081,data/ucf101_rescue/UCF-101/WalkingWithDog/v_WalkingWithDog_g04_c01.avi,data/backend_inputs/WalkingWithDog_v_WalkingWithDog_g04_c01/seed_42/rat_dp/rat_intermediate_merged.mp4,,,
E1,WalkingWithDog_v_WalkingWithDog_g04_c01,WalkingWithDog,Motion-reference,6,20,109.878570081,data/ucf101_rescue/UCF-101/WalkingWithDog/v_WalkingWithDog_g04_c01.avi,data/backend_inputs/WalkingWithDog_v_WalkingWithDog_g04_c01/seed_42/rat_dp/rat_intermediate_merged.mp4,,,
E1,WalkingWithDog_v_WalkingWithDog_g04_c01,WalkingWithDog,Random,6,20,109.878570081,data/ucf101_rescue/UCF-101/WalkingWithDog/v_WalkingWithDog_g04_c01.avi,data/backend_inputs/WalkingWithDog_v_WalkingWithDog_g04_c01/seed_42/rat_dp/rat_intermediate_merged.mp4,,,
E1,WalkingWithDog_v_WalkingWithDog_g04_c01,WalkingWithDog,Shifted-RAT+traj,6,20,109.878570081,data/ucf101_rescue/UCF-101/WalkingWithDog/v_WalkingWithDog_g04_c01.avi,data/backend_inputs/WalkingWithDog_v_WalkingWithDog_g04_c01/seed_42/rat_dp/rat_intermediate_merged.mp4,,,
E1,WalkingWithDog_v_WalkingWithDog_g04_c01,WalkingWithDog,RAT-fusion,6,20,109.878570081,data/ucf101_rescue/UCF-101/WalkingWithDog/v_WalkingWithDog_g04_c01.avi,data/backend_inputs/WalkingWithDog_v_WalkingWithDog_g04_c01/seed_42/rat_dp/rat_intermediate_merged.mp4,,,
E1,WalkingWithDog_v_WalkingWithDog_g04_c01,WalkingWithDog,Shifted-RAT-fusion,6,20,109.878570081,data/ucf101_rescue/UCF-101/WalkingWithDog/v_WalkingWithDog_g04_c01.avi,data/backend_inputs/WalkingWithDog_v_WalkingWithDog_g04_c01/seed_42/rat_dp/rat_intermediate_merged.mp4,,,
E1,WalkingWithDog_v_WalkingWithDog_g04_c01,WalkingWithDog,VideoMAE-only,6,20,109.878570081,data/ucf101_rescue/UCF-101/WalkingWithDog/v_WalkingWithDog_g04_c01.avi,data/backend_inputs/WalkingWithDog_v_WalkingWithDog_g04_c01/seed_42/rat_dp/rat_intermediate_merged.mp4,,,
E1,WalkingWithDog_v_WalkingWithDog_g04_c01,WalkingWithDog,RAT+traj,7,20,109.878570081,data/ucf101_rescue/UCF-101/WalkingWithDog/v_WalkingWithDog_g04_c01.avi,data/backend_inputs/WalkingWithDog_v_WalkingWithDog_g04_c01/seed_42/rat_dp/rat_intermediate_merged.mp4,,,
E1,WalkingWithDog_v_WalkingWithDog_g04_c01,WalkingWithDog,Motion-reference,7,20,109.878570081,data/ucf101_rescue/UCF-101/WalkingWithDog/v_WalkingWithDog_g04_c01.avi,data/backend_inputs/WalkingWithDog_v_WalkingWithDog_g04_c01/seed_42/rat_dp/rat_intermediate_merged.mp4,,,
E1,WalkingWithDog_v_WalkingWithDog_g04_c01,WalkingWithDog,Random,7,20,109.878570081,data/ucf101_rescue/UCF-101/WalkingWithDog/v_WalkingWithDog_g04_c01.avi,data/backend_inputs/WalkingWithDog_v_WalkingWithDog_g04_c01/seed_42/rat_dp/rat_intermediate_merged.mp4,,,
E1,WalkingWithDog_v_WalkingWithDog_g04_c01,WalkingWithDog,Shifted-RAT+traj,7,20,109.878570081,data/ucf101_rescue/UCF-101/WalkingWithDog/v_WalkingWithDog_g04_c01.avi,data/backend_inputs/WalkingWithDog_v_WalkingWithDog_g04_c01/seed_42/rat_dp/rat_intermediate_merged.mp4,,,
E1,WalkingWithDog_v_WalkingWithDog_g04_c01,WalkingWithDog,RAT-fusion,7,20,109.878570081,data/ucf101_rescue/UCF-101/WalkingWithDog/v_WalkingWithDog_g04_c01.avi,data/backend_inputs/WalkingWithDog_v_WalkingWithDog_g04_c01/seed_42/rat_dp/rat_intermediate_merged.mp4,,,
E1,WalkingWithDog_v_WalkingWithDog_g04_c01,WalkingWithDog,Shifted-RAT-fusion,7,20,109.878570081,data/ucf101_rescue/UCF-101/WalkingWithDog/v_WalkingWithDog_g04_c01.avi,data/backend_inputs/WalkingWithDog_v_WalkingWithDog_g04_c01/seed_42/rat_dp/rat_intermediate_merged.mp4,,,
E1,WalkingWithDog_v_WalkingWithDog_g04_c01,WalkingWithDog,VideoMAE-only,7,20,109.878570081,data/ucf101_rescue/UCF-101/WalkingWithDog/v_WalkingWithDog_g04_c01.avi,data/backend_inputs/WalkingWithDog_v_WalkingWithDog_g04_c01/seed_42/rat_dp/rat_intermediate_merged.mp4,,,
E1,WalkingWithDog_v_WalkingWithDog_g04_c01,WalkingWithDog,RAT+traj,8,20,109.878570081,data/ucf101_rescue/UCF-101/WalkingWithDog/v_WalkingWithDog_g04_c01.avi,data/backend_inputs/WalkingWithDog_v_WalkingWithDog_g04_c01/seed_42/rat_dp/rat_intermediate_merged.mp4,,,
E1,WalkingWithDog_v_WalkingWithDog_g04_c01,WalkingWithDog,Motion-reference,8,20,109.878570081,data/ucf101_rescue/UCF-101/WalkingWithDog/v_WalkingWithDog_g04_c01.avi,data/backend_inputs/WalkingWithDog_v_WalkingWithDog_g04_c01/seed_42/rat_dp/rat_intermediate_merged.mp4,,,
E1,WalkingWithDog_v_WalkingWithDog_g04_c01,WalkingWithDog,Random,8,20,109.878570081,data/ucf101_rescue/UCF-101/WalkingWithDog/v_WalkingWithDog_g04_c01.avi,data/backend_inputs/WalkingWithDog_v_WalkingWithDog_g04_c01/seed_42/rat_dp/rat_intermediate_merged.mp4,,,
E1,WalkingWithDog_v_WalkingWithDog_g04_c01,WalkingWithDog,Shifted-RAT+traj,8,20,109.878570081,data/ucf101_rescue/UCF-101/WalkingWithDog/v_WalkingWithDog_g04_c01.avi,data/backend_inputs/WalkingWithDog_v_WalkingWithDog_g04_c01/seed_42/rat_dp/rat_intermediate_merged.mp4,,,
E1,WalkingWithDog_v_WalkingWithDog_g04_c01,WalkingWithDog,RAT-fusion,8,20,109.878570081,data/ucf101_rescue/UCF-101/WalkingWithDog/v_WalkingWithDog_g04_c01.avi,data/backend_inputs/WalkingWithDog_v_WalkingWithDog_g04_c01/seed_42/rat_dp/rat_intermediate_merged.mp4,,,
E1,WalkingWithDog_v_WalkingWithDog_g04_c01,WalkingWithDog,Shifted-RAT-fusion,8,20,109.878570081,data/ucf101_rescue/UCF-101/WalkingWithDog/v_WalkingWithDog_g04_c01.avi,data/backend_inputs/WalkingWithDog_v_WalkingWithDog_g04_c01/seed_42/rat_dp/rat_intermediate_merged.mp4,,,
E1,WalkingWithDog_v_WalkingWithDog_g04_c01,WalkingWithDog,VideoMAE-only,8,20,109.878570081,data/ucf101_rescue/UCF-101/WalkingWithDog/v_WalkingWithDog_g04_c01.avi,data/backend_inputs/WalkingWithDog_v_WalkingWithDog_g04_c01/seed_42/rat_dp/rat_intermediate_merged.mp4,,,
E1,WalkingWithDog_v_WalkingWithDog_g04_c01,WalkingWithDog,RAT+traj,42,20,109.878570081,data/ucf101_rescue/UCF-101/WalkingWithDog/v_WalkingWithDog_g04_c01.avi,data/backend_inputs/WalkingWithDog_v_WalkingWithDog_g04_c01/seed_42/rat_dp/rat_intermediate_merged.mp4,,,
E1,WalkingWithDog_v_WalkingWithDog_g04_c01,WalkingWithDog,Motion-reference,42,20,109.878570081,data/ucf101_rescue/UCF-101/WalkingWithDog/v_WalkingWithDog_g04_c01.avi,data/backend_inputs/WalkingWithDog_v_WalkingWithDog_g04_c01/seed_42/rat_dp/rat_intermediate_merged.mp4,,,
E1,WalkingWithDog_v_WalkingWithDog_g04_c01,WalkingWithDog,Random,42,20,109.878570081,data/ucf101_rescue/UCF-101/WalkingWithDog/v_WalkingWithDog_g04_c01.avi,data/backend_inputs/WalkingWithDog_v_WalkingWithDog_g04_c01/seed_42/rat_dp/rat_intermediate_merged.mp4,,,
E1,WalkingWithDog_v_WalkingWithDog_g04_c01,WalkingWithDog,Shifted-RAT+traj,42,20,109.878570081,data/ucf101_rescue/UCF-101/WalkingWithDog/v_WalkingWithDog_g04_c01.avi,data/backend_inputs/WalkingWithDog_v_WalkingWithDog_g04_c01/seed_42/rat_dp/rat_intermediate_merged.mp4,,,
E1,WalkingWithDog_v_WalkingWithDog_g04_c01,WalkingWithDog,RAT-fusion,42,20,109.878570081,data/ucf101_rescue/UCF-101/WalkingWithDog/v_WalkingWithDog_g04_c01.avi,data/backend_inputs/WalkingWithDog_v_WalkingWithDog_g04_c01/seed_42/rat_dp/rat_intermediate_merged.mp4,,,
E1,WalkingWithDog_v_WalkingWithDog_g04_c01,WalkingWithDog,Shifted-RAT-fusion,42,20,109.878570081,data/ucf101_rescue/UCF-101/WalkingWithDog/v_WalkingWithDog_g04_c01.avi,data/backend_inputs/WalkingWithDog_v_WalkingWithDog_g04_c01/seed_42/rat_dp/rat_intermediate_merged.mp4,,,
E1,WalkingWithDog_v_WalkingWithDog_g04_c01,WalkingWithDog,VideoMAE-only,42,20,109.878570081,data/ucf101_rescue/UCF-101/WalkingWithDog/v_WalkingWithDog_g04_c01.avi,data/backend_inputs/WalkingWithDog_v_WalkingWithDog_g04_c01/seed_42/rat_dp/rat_intermediate_merged.mp4,,,
